Binder Name,Binder Type,Name,Set code,Set name,Collector number,Foil,Rarity,Quantity,ManaBox ID,Scryfall ID,Purchase price,Misprint,Altered,Condition,Language,Purchase price currency,Added
collection,binder,Flickering Ward,MB2,Mystery Booster 2,11,normal,uncommon,1,96957,a41ed670-f1bd-4785-9347-fea7b93a462f,0.9,false,false,near_mint,en,USD,2026-07-29T03:34:25.060Z
collection,binder,"Drana, the Last Bloodchief",SLD,Secret Lair Drop,1684,foil,mythic,1,96608,99645cf7-fd27-487b-949a-cf9f86d43947,4.58,false,false,near_mint,en,USD,2026-07-29T03:35:23.664Z
collection,binder,Markov Purifier,VOW,Innistrad: Crimson Vow,312,foil,uncommon,1,64212,533673f3-5e18-4630-bd71-001774d698a8,0.28,false,false,near_mint,en,USD,2026-07-29T03:40:13.591Z
collection,binder,Inspiring Leader,CLB,Commander Legends: Battle for Baldur's Gate,28,normal,uncommon,3,69393,fc6eb9f3-0f7b-4623-806e-5e604a05d470,0.34,false,false,near_mint,en,USD,2026-07-29T03:40:13.592Z
collection,binder,Blood Hypnotist,VOW,Innistrad: Crimson Vow,145,normal,uncommon,2,64427,d85e0477-9176-4a3e-badc-f1c1c734e59c,0.2,false,false,near_mint,en,USD,2026-07-29T03:40:13.593Z
collection,binder,Blood Petal Celebrant,VOW,Innistrad: Crimson Vow,146,normal,common,2,64085,0c3a4927-f06c-424d-92a9-b40cf8e3e209,0.15,false,false,near_mint,en,USD,2026-07-29T03:40:13.594Z
collection,binder,Leyline of Resonance,DSK,Duskmourn: House of Horror,143,normal,rare,1,98724,92c5f0e3-345a-40a8-9cda-565a62156692,1.23,false,false,near_mint,en,USD,2026-07-29T03:40:13.595Z
collection,binder,Lacerate Flesh,VOW,Innistrad: Crimson Vow,166,normal,common,5,64410,c7e0c0dc-2d35-4e5a-81da-dd5f35b8e579,0.16,false,false,near_mint,en,USD,2026-07-29T03:40:13.596Z
collection,binder,Ceremonial Knife,VOW,Innistrad: Crimson Vow,254,normal,common,4,64335,9ccb4b1e-ef8f-4c5f-8b5b-6148455442f7,0.21,false,false,near_mint,en,USD,2026-07-29T03:40:13.597Z
collection,binder,Sanctum of All,M21,Core Set 2021,225,normal,rare,1,50969,ba91338c-1f6c-4b83-851f-98c3e9dea17b,2.44,false,false,near_mint,en,USD,2026-07-29T03:40:13.598Z
collection,binder,Sanctum of Tranquil Light,M21,Core Set 2021,33,normal,uncommon,1,50763,34a5478a-1a2c-4117-b543-da083ed2b562,0.39,false,false,near_mint,en,USD,2026-07-29T03:40:13.599Z
collection,binder,Sanctum of Calm Waters,M21,Core Set 2021,68,normal,uncommon,1,50876,80b2fb65-5868-4cab-b45d-e103558ce7dc,0.48,false,false,near_mint,en,USD,2026-07-29T03:40:13.600Z
collection,binder,Sanctum of Fruitful Harvest,M21,Core Set 2021,203,normal,uncommon,1,50824,5ca28cfd-1a1b-4176-8b07-993d3d7b7ae4,0.43,false,false,near_mint,en,USD,2026-07-29T03:40:13.601Z
collection,binder,Sanctum of Shattered Heights,M21,Core Set 2021,157,normal,uncommon,1,50794,482ae7f4-3950-4766-8392-eea753e29426,0.39,false,false,near_mint,en,USD,2026-07-29T03:40:13.602Z
collection,binder,Sanctum of Stone Fangs,M21,Core Set 2021,120,normal,uncommon,1,51004,d1439412-618c-483d-89b9-5ea37f0f1edc,1.17,false,false,near_mint,en,USD,2026-07-29T03:40:13.603Z
collection,binder,Honden of Cleansing Fire,EMA,Eternal Masters,13,normal,uncommon,1,8662,93c3a75d-7cae-4199-8e87-915ebb439b62,5.15,false,false,near_mint,en,USD,2026-07-29T03:40:13.604Z
collection,binder,Honden of Seeing Winds,EMA,Eternal Masters,54,normal,uncommon,1,8621,97ffdaad-7b35-4256-9da1-0befc6bd86f4,3.18,false,false,near_mint,en,USD,2026-07-29T03:40:13.605Z
collection,binder,Honden of Life's Web,EMA,Eternal Masters,172,normal,uncommon,1,8503,766562f1-63b2-41d3-b76d-a31bac70fa89,3.34,false,false,near_mint,en,USD,2026-07-29T03:40:13.606Z
collection,binder,Honden of Infinite Rage,EMA,Eternal Masters,134,normal,uncommon,1,8541,174bcea4-4e9c-4de5-b001-6a9df2242e37,3.24,false,false,near_mint,en,USD,2026-07-29T03:40:13.607Z
collection,binder,Honden of Night's Reach,CHK,Champions of Kamigawa,116,normal,uncommon,1,29110,526419ae-5a49-40e8-ac45-f213a76c7326,2.78,false,false,near_mint,en,USD,2026-07-29T03:40:13.608Z
collection,binder,"Kyodai, Soul of Kamigawa",NEO,Kamigawa: Neon Dynasty,23,normal,rare,2,66454,cbbfd21e-96f1-4e5b-8546-73bb5a887b98,0.4,false,false,near_mint,en,USD,2026-07-29T03:40:13.609Z
collection,binder,"Keiga, the Tide Star",TDC,Tarkir: Dragonstorm Commander,156,normal,rare,1,104776,84d9c584-322f-49c9-9826-4838c6d2f36a,0.4,false,false,near_mint,en,USD,2026-07-29T03:40:13.610Z
collection,binder,"Kairi, the Swirling Sky",NEO,Kamigawa: Neon Dynasty,60,normal,mythic,1,66438,af7979d8-21f3-40ba-8a2e-7ebad210e48b,0.97,false,false,near_mint,en,USD,2026-07-29T03:40:13.611Z
collection,binder,"Kokusho, the Evening Star",CHK,Champions of Kamigawa,122,normal,rare,1,29104,63dc0698-e92f-4134-80e4-5cc37b80e37c,29.18,false,false,near_mint,en,USD,2026-07-29T03:40:13.612Z
collection,binder,"Junji, the Midnight Sky",NEO,Kamigawa: Neon Dynasty,102,normal,mythic,1,66410,9033cf27-d9e6-49b8-8ee1-c1f38c9680b9,0.61,false,false,near_mint,en,USD,2026-07-29T03:41:16.179Z
collection,binder,"Jugan, the Rising Star",IMA,Iconic Masters,172,normal,rare,1,3453,d897caab-3720-4f1a-bf38-4ba266352567,0.3,false,false,near_mint,en,USD,2026-07-29T03:41:16.180Z
collection,binder,"Kura, the Boundless Sky",NEO,Kamigawa: Neon Dynasty,200,normal,mythic,1,66634,06b25752-26be-4189-bc8b-828db6f0e612,2.48,false,false,near_mint,en,USD,2026-07-29T03:41:16.181Z
collection,binder,"Ryusei, the Falling Star",IMA,Iconic Masters,144,normal,rare,1,3481,b6e62328-fe29-4097-b45c-66cd62f93f86,1.72,false,false,near_mint,en,USD,2026-07-29T03:41:16.182Z
collection,binder,"Atsushi, the Blazing Sky",NEO,Kamigawa: Neon Dynasty,410,normal,mythic,1,66474,ed997183-24b2-466f-b740-c414ef485a96,10.16,false,false,near_mint,en,USD,2026-07-29T03:43:56.415Z
collection,binder,"Yosei, the Morning Star",CHK,Champions of Kamigawa,50,normal,rare,1,29176,1b38f14a-bd10-47c1-8772-5abe0a0b243f,2.34,false,false,near_mint,en,USD,2026-07-29T03:43:56.416Z
collection,binder,"Ao, the Dawn Sky",NEO,Kamigawa: Neon Dynasty,406,normal,mythic,1,66376,5d7d1c2d-d3be-4647-a260-15ce85e69eea,6.71,false,false,near_mint,en,USD,2026-07-29T03:43:56.417Z
collection,binder,Lantern of the Lost,VOW,Innistrad: Crimson Vow,259,normal,uncommon,2,64401,c2303f11-2c82-44d5-893a-8e71dece7746,0.26,false,false,near_mint,en,USD,2026-07-29T03:43:56.418Z
collection,binder,"Sorin, Solemn Visitor",KTK,Khans of Tarkir,202,normal,mythic,1,13196,da1a9643-34d6-4b4b-b896-2d4626eca40a,3.11,false,false,near_mint,en,USD,2026-07-29T03:43:56.419Z
collection,binder,Swiftfoot Boots,CLB,Commander Legends: Battle for Baldur's Gate,339,normal,uncommon,1,68874,16c23cde-e1c0-4cdf-ae59-18d64db518d4,2.63,false,false,near_mint,en,USD,2026-07-29T03:43:56.420Z
collection,binder,Talisman of Conviction,PIP,Fallout,243,normal,uncommon,2,92787,dec517e7-bc4d-4986-ba3c-89866a29991d,0.4,false,false,near_mint,en,USD,2026-07-29T03:43:56.421Z
collection,binder,Talisman of Indulgence,PIP,Fallout,248,normal,uncommon,1,91883,113410ff-d25e-4f25-a6c2-236bcf4c8486,3.6,false,false,near_mint,en,USD,2026-07-29T03:43:56.422Z
collection,binder,Baldur's Gate,CLB,Commander Legends: Battle for Baldur's Gate,345,normal,rare,1,68915,2436aa14-9200-4295-8041-b682cf3c4216,3.78,false,false,near_mint,en,USD,2026-07-29T03:43:56.423Z
collection,binder,Citadel Gate,CLB,Commander Legends: Battle for Baldur's Gate,349,normal,common,2,69270,c0e6f002-9a10-49a1-8604-2b8ff57732dd,2.09,false,false,near_mint,en,USD,2026-07-29T03:43:56.424Z
collection,binder,Cliffgate,CLB,Commander Legends: Battle for Baldur's Gate,350,normal,common,1,69029,557470dc-c594-4b26-81b9-356bedb0c215,0.36,false,false,near_mint,en,USD,2026-07-29T03:43:56.425Z
collection,binder,Manor Gate,CLB,Commander Legends: Battle for Baldur's Gate,356,foil,common,1,69115,793d4978-9e00-453d-8dc2-6d51ad6c26b7,2.05,false,false,near_mint,en,USD,2026-07-29T03:43:56.426Z
collection,binder,Sea Gate,CLB,Commander Legends: Battle for Baldur's Gate,359,normal,common,1,69326,d97f31e1-bcaf-4316-a2de-49e2cf7566ec,1.64,false,false,near_mint,en,USD,2026-07-29T03:43:56.427Z
collection,binder,Heap Gate,CLB,Commander Legends: Battle for Baldur's Gate,354,normal,common,1,69079,68489d65-1978-48b1-a903-2ef38c583239,0.42,false,false,near_mint,en,USD,2026-07-29T03:43:56.428Z
collection,binder,Go-Shintai of Life's Origin,NEC,Neon Dynasty Commander,37,normal,mythic,1,66755,9476fe67-d2d3-4835-8ba6-2a17d18cc141,8.84,false,false,near_mint,en,USD,2026-07-29T03:43:56.429Z
collection,binder,Go-Shintai of Shared Purpose,NEO,Kamigawa: Neon Dynasty,14,foil,uncommon,1,66323,0ab91962-ebad-46f6-9f90-7477c224d93d,0.5,false,false,near_mint,en,USD,2026-07-29T03:43:56.430Z
collection,binder,Go-Shintai of Lost Wisdom,NEO,Kamigawa: Neon Dynasty,55,normal,uncommon,1,66739,7ec1192c-25b8-4975-ae6c-86be28ac1840,0.28,false,false,near_mint,en,USD,2026-07-29T03:43:56.431Z
collection,binder,Go-Shintai of Boundless Vigor,NEO,Kamigawa: Neon Dynasty,187,normal,uncommon,1,66722,691016a1-8630-423c-9a57-061593d170fd,0.23,false,false,near_mint,en,USD,2026-07-29T03:43:56.432Z
collection,binder,Go-Shintai of Ancient Wars,NEO,Kamigawa: Neon Dynasty,144,normal,uncommon,2,66543,5b915e8d-b972-4ae1-a1c3-74d6623963c8,0.32,false,false,near_mint,en,USD,2026-07-29T03:43:56.433Z
collection,binder,Go-Shintai of Hidden Cruelty,NEO,Kamigawa: Neon Dynasty,97,normal,uncommon,3,66526,45e1ff1e-916b-4455-84cb-4125a79d76de,0.2,false,false,near_mint,en,USD,2026-07-29T03:43:56.434Z
collection,binder,Innocent Traveler // Malicious Invader,VOW,Innistrad: Crimson Vow,336,normal,uncommon,1,64275,7a043975-59b4-490c-bf33-c08bd7b40bd3,0.34,false,false,near_mint,en,USD,2026-07-29T03:44:23.954Z
collection,binder,Raffine's Tower,SNC,Streets of New Capenna,254,normal,rare,1,67924,a2c56479-4bee-4edb-80d7-4af010b7c793,12.59,false,false,near_mint,en,USD,2026-07-29T03:51:53.083Z
collection,binder,"Eiganjo, Seat of the Empire",NEO,Kamigawa: Neon Dynasty,268,normal,rare,1,66798,c375a022-5b57-496d-a802-e4ea8376e9e4,5.26,false,false,near_mint,en,USD,2026-07-29T03:51:53.084Z
collection,binder,Fetid Pools,PIP,Fallout,265,normal,rare,1,91921,1ae00e88-0dfc-477a-a982-0187efe753f2,0.3,false,false,near_mint,en,USD,2026-07-29T03:51:53.085Z
collection,binder,Irrigated Farmland,PIP,Fallout,268,normal,rare,1,92797,e1cd325f-2762-4ef0-a0f1-b56bb63da0d1,0.32,false,false,near_mint,en,USD,2026-07-29T03:51:53.086Z
collection,binder,"Otawara, Soaring City",NEO,Kamigawa: Neon Dynasty,271,normal,rare,1,66528,486d7edc-d983-41f0-8b78-c99aecd72996,28.04,false,false,near_mint,en,USD,2026-07-29T03:51:53.087Z
collection,binder,"Sokenzan, Crucible of Defiance",NEO,Kamigawa: Neon Dynasty,276,normal,rare,1,66430,aa548dcd-c1dd-492d-a69f-c65dfeef0633,2.7,false,false,near_mint,en,USD,2026-07-29T03:51:53.088Z
collection,binder,Uncharted Haven,NEO,Kamigawa: Neon Dynasty,281,normal,common,4,66854,1d4ad89a-3a00-4bf4-a357-4a8a089d4a82,0.22,false,false,near_mint,en,USD,2026-07-29T03:51:53.089Z
collection,binder,Wind-Scarred Crag,NEO,Kamigawa: Neon Dynasty,282,foil,common,1,66912,cf9b1d47-11ef-4f06-94b2-94b6727de3bd,0.29,false,false,near_mint,en,USD,2026-07-29T03:51:53.090Z
collection,binder,Arcane Signet,PIP,Fallout,224,normal,uncommon,3,92430,8bafeaa8-5e77-4303-b30a-23fd137b7c35,0.86,false,false,near_mint,en,USD,2026-07-29T03:51:53.091Z
collection,binder,Kaya's Ghostform,WAR,War of the Spark,94,normal,common,1,44310,98f3be88-24e2-433f-9138-f0cb59d09a0f,1.99,false,false,near_mint,en,USD,2026-07-29T03:51:53.092Z
collection,binder,Counterspell,ICE,Ice Age,64,normal,common,1,39745,aedbcbaa-40f0-485f-8427-778edc2d2ec0,2.47,false,false,near_mint,en,USD,2026-07-29T03:51:53.093Z
collection,binder,Cancel,PCA,Planechase Anthology,15,normal,common,1,6738,c6151721-0642-40c6-9f55-02f0cd94cdd2,0.29,false,false,near_mint,en,USD,2026-07-29T03:51:53.094Z
collection,binder,Negate,M15,Magic 2015,71,normal,common,1,13781,64a2ba6d-ada1-4f06-b135-37606b6588fc,0.19,false,false,near_mint,en,USD,2026-07-29T03:51:53.095Z
collection,binder,Quirion Elves,MIR,Mirage,234,normal,common,1,38356,be9a64fb-1e8d-4ed8-b4c5-3d44db9c1d3b,0.19,false,false,near_mint,en,USD,2026-07-29T03:51:53.096Z
collection,binder,Fog on the Barrow-Downs,LTR,The Lord of the Rings: Tales of Middle-earth,16,foil,common,2,83446,bb0cda3a-20d7-425a-89fe-b0a3cd7ced03,0.29,false,false,near_mint,en,USD,2026-07-29T03:51:53.097Z
collection,binder,Secluded Courtyard,NEO,Kamigawa: Neon Dynasty,275,normal,uncommon,1,66321,0539b1a5-8704-476f-ba1f-2fe01190e157,0.38,false,false,near_mint,en,USD,2026-07-29T03:51:53.098Z
collection,binder,Shoot the Sheriff,OTJ,Outlaws of Thunder Junction,106,normal,uncommon,2,93063,180d6528-c524-4bb8-8a72-b3775cd2c177,0.42,false,false,near_mint,en,USD,2026-07-29T03:51:53.099Z
collection,binder,Fellwar Stone,OTC,Outlaws of Thunder Junction Commander,257,normal,uncommon,1,93566,33ca68a6-474e-4d86-bffa-ee4bddb4a3cf,1.68,false,false,near_mint,en,USD,2026-07-29T03:51:53.100Z
collection,binder,Sol Ring,PIP,Fallout,239,normal,uncommon,3,92816,e675f7e2-5c9f-4912-8fdd-daaeda284a3d,2.15,false,false,near_mint,en,USD,2026-07-29T03:51:53.101Z
collection,binder,Raise Dead,3ED,Revised Edition,124,normal,common,4,41301,6f3c2902-e2c5-4618-9d4e-3fca34b610c8,0.21,false,false,near_mint,en,USD,2026-07-29T03:51:53.102Z
collection,binder,Traveler's Amulet,THS,Theros,221,normal,common,2,15443,245a683f-280e-405c-aa2a-dfabb78dc34e,0.21,false,false,near_mint,en,USD,2026-07-29T03:51:53.103Z
collection,binder,Decanter of Endless Water,CLB,Commander Legends: Battle for Baldur's Gate,309,normal,common,3,69016,518bbc36-58ea-44c4-a857-75a3aff058f5,4.41,false,false,near_mint,en,USD,2026-07-29T03:51:53.104Z
collection,binder,Evolving Wilds,LTC,Tales of Middle-earth Commander,306,normal,common,4,83586,e24ec4c1-5a28-450d-8e37-62a154749ee6,0.22,false,false,near_mint,en,USD,2026-07-29T03:51:53.105Z
collection,binder,Jungle Shrine,PIP,Fallout,270,normal,uncommon,1,92053,374c9b90-9179-4866-b479-ffd303767f97,0.32,false,false,near_mint,en,USD,2026-07-29T03:51:53.106Z
collection,binder,Command Tower,CMR,Commander Legends,350,normal,common,1,55764,86424491-a372-40c4-bfb5-faa2b2d41d4c,0.31,false,false,near_mint,en,USD,2026-07-29T03:51:53.107Z
collection,binder,Dragonskull Summit,OTC,Outlaws of Thunder Junction Commander,289,normal,rare,1,93791,a91bbcd4-2ae9-426c-b42e-47de62f413dc,0.71,false,false,near_mint,en,USD,2026-07-29T03:51:53.108Z
collection,binder,Mystic Monastery,PIP,Fallout,275,normal,uncommon,1,92774,db91902a-a524-4207-8864-4d7085a0e09f,0.37,false,false,near_mint,en,USD,2026-07-29T03:51:53.109Z
collection,binder,Webspinner Cuff,NEO,Kamigawa: Neon Dynasty,214,normal,uncommon,1,66830,e73cc6a7-0a18-488c-b52a-787da95a2e6b,0.22,false,false,near_mint,en,USD,2026-07-29T03:51:53.110Z
collection,binder,Evolving Wilds,CLB,Commander Legends: Battle for Baldur's Gate,352,normal,common,1,69255,bbc8841a-0f6e-4078-a0b9-a4bda642182e,0.29,false,false,near_mint,en,USD,2026-07-29T03:51:53.111Z
collection,binder,Xander's Lounge,SNC,Streets of New Capenna,260,normal,rare,1,67763,54f449ff-4025-465e-9ec5-a5cf42c4c9d3,13.32,false,false,near_mint,en,USD,2026-07-29T03:51:53.112Z
collection,binder,Steam Vents,UNF,Unfinity,283,foil,rare,1,72888,af478684-ea34-4275-ab45-a9512aaa0758,38.26,false,false,near_mint,en,USD,2026-07-29T03:52:36.913Z
collection,binder,Goblin Bombardment,WOT,Wilds of Eldraine: Enchanting Tales,43,normal,rare,1,85803,e92af114-ad34-4106-a7fa-5676dbcd4960,5.19,false,false,near_mint,en,USD,2026-07-29T03:53:07.053Z
collection,binder,Breeding Pool,CLU,Ravnica: Clue Edition,275,foil,rare,1,90883,5656d6f2-ca19-452d-870c-d5e7a3dc9432,27.44,false,false,near_mint,en,USD,2026-07-29T03:53:32.018Z
collection,binder,"Boseiju, Who Endures",NEO,Kamigawa: Neon Dynasty,412,normal,rare,1,66318,0055ea30-20fb-4324-a632-8fed87628f05,66.27,false,false,near_mint,en,USD,2026-07-29T03:53:57.464Z
collection,binder,Slagwoods Bridge,MH2,Modern Horizons 2,256,foil,common,1,59851,e51b48e9-a75a-4acd-9462-5e1ac2b0d803,0.43,false,false,near_mint,en,USD,2026-07-29T04:00:59.167Z
collection,binder,Fireshrieker,PIP,Fallout,232,normal,uncommon,1,92043,34cda06f-b935-4a40-aae5-9fcf7966e68c,0.4,false,false,near_mint,en,USD,2026-07-29T04:00:59.168Z
collection,binder,"Zopandrel, Hunger Dominus",ONE,Phyrexia: All Will Be One,195,normal,mythic,1,78976,fb419d9d-e06f-48c8-a4f8-a57f9be39e50,12.95,false,false,near_mint,en,USD,2026-07-29T04:00:59.169Z
collection,binder,Virtue of Strength // Garenbrig Growth,WOE,Wilds of Eldraine,197,normal,mythic,1,85869,ff857d41-767d-4e99-83cc-444738341b92,4.79,false,false,near_mint,en,USD,2026-07-29T04:00:59.170Z
collection,binder,Draconic Destiny,BRO,The Brothers' War,130,normal,mythic,1,75900,f71240ad-1daf-419a-aaeb-5f9d5079c3dd,0.48,false,false,near_mint,en,USD,2026-07-29T04:00:59.171Z
collection,binder,Ancient Bronze Dragon,CLB,Commander Legends: Battle for Baldur's Gate,214,foil,mythic,1,69111,781af4dd-9e3c-48af-80e9-b52c427d2120,21.15,false,false,near_mint,en,USD,2026-07-29T04:00:59.172Z
collection,binder,Patriar's Seal,CLB,Commander Legends: Battle for Baldur's Gate,332,normal,uncommon,1,68959,37f920f0-4dfc-477b-af7e-a17dfc9ba455,4.88,false,false,near_mint,en,USD,2026-07-29T04:00:59.173Z
collection,binder,Cloak of the Bat,CLB,Commander Legends: Battle for Baldur's Gate,443,normal,common,1,69009,4ea5a5f3-7147-4abd-af8d-8baab4c2aa06,0.19,false,false,near_mint,en,USD,2026-07-29T04:00:59.174Z
collection,binder,Pip-Boy 3000,PIP,Fallout,140,normal,rare,1,92664,c2248694-aab0-47a8-ae8b-8d5283075e10,6.18,false,false,near_mint,en,USD,2026-07-29T04:00:59.175Z
collection,binder,Elegant Entourage,SNC,Streets of New Capenna,143,normal,uncommon,1,68063,e9d3500e-09ba-48b6-933f-25b4625b79aa,0.14,false,false,near_mint,en,USD,2026-07-29T04:00:59.176Z
collection,binder,Pyrrhic Blast,BRO,The Brothers' War,148,normal,uncommon,1,75685,a523d5a7-58b1-45a3-81a7-078da02fda16,0.13,false,false,near_mint,en,USD,2026-07-29T04:00:59.177Z
collection,binder,Grim Reaper's Sprint,PIP,Fallout,58,normal,rare,1,91914,18e76286-9e06-42de-b322-eb8aa2cdca3a,1.65,false,false,near_mint,en,USD,2026-07-29T04:00:59.178Z
collection,binder,Commander's Sphere,AFC,Forgotten Realms Commander,203,normal,common,2,60611,08e8b5a4-ea2b-42fe-880c-f6a4f5456b66,0.34,false,false,near_mint,en,USD,2026-07-29T04:00:59.179Z
collection,binder,Overpowering Attack,ACR,Assassin's Creed,37,normal,uncommon,1,95519,e4ad338e-88ee-4919-aec4-320071a7cfb5,1.17,false,false,near_mint,en,USD,2026-07-29T04:00:59.180Z
collection,binder,Sheltered Thicket,PIP,Fallout,289,normal,rare,1,92465,923d2489-54c6-47df-8bce-285f42c33c20,0.38,false,false,near_mint,en,USD,2026-07-29T04:00:59.181Z
collection,binder,Fire of Orthanc,LTR,The Lord of the Rings: Tales of Middle-earth,127,normal,common,2,83332,9b5871c5-bb94-4803-93ba-cd1a630b00d6,0.2,false,false,near_mint,en,USD,2026-07-29T04:00:59.182Z
collection,binder,Nyxborn Wolf,BNG,Born of the Gods,131,normal,common,1,14829,91a78895-5e09-46a5-8a74-a07f0befc4e5,0.2,false,false,near_mint,en,USD,2026-07-29T04:00:59.183Z
collection,binder,Ironhoof Boar,NEO,Kamigawa: Neon Dynasty,148,normal,common,7,66887,73abe574-6fb8-4809-9c18-0cf989f986f5,0.22,false,false,near_mint,en,USD,2026-07-29T04:00:59.184Z
collection,binder,Titanic Growth,ONE,Phyrexia: All Will Be One,187,normal,common,1,78491,3583ea03-525f-4c70-9d7e-ccc6002ee9e1,0.18,false,false,near_mint,en,USD,2026-07-29T04:00:59.186Z
collection,binder,Rising of the Day,LTR,The Lord of the Rings: Tales of Middle-earth,145,normal,uncommon,3,83538,d4fbcac6-8ac9-44a8-9d1a-03d0799ac253,0.94,false,false,near_mint,en,USD,2026-07-29T04:00:59.187Z
collection,binder,Chariot of Victory,JOU,Journey into Nyx,159,normal,uncommon,3,14490,c2dd03d2-05ef-4929-b973-3dbe49fc7592,0.48,false,false,near_mint,en,USD,2026-07-29T04:00:59.188Z
collection,binder,"Boseiju, Who Endures",NEO,Kamigawa: Neon Dynasty,266,normal,rare,1,66332,2135ac5a-187b-4dc9-8f82-34e8d1603416,50.0,false,false,near_mint,en,USD,2026-07-29T04:00:59.189Z
collection,binder,Last March of the Ents,LTR,The Lord of the Rings: Tales of Middle-earth,172,normal,mythic,1,83227,7f1b99e0-ffb7-4f98-8ee5-4357bb79dd2e,29.53,false,false,near_mint,en,USD,2026-07-29T04:00:59.190Z
collection,binder,Overwhelming Encounter,CLB,Commander Legends: Battle for Baldur's Gate,245,normal,uncommon,1,69064,616c498c-ac7c-4e58-8789-9bde047c2d47,0.27,false,false,near_mint,en,USD,2026-07-29T04:00:59.191Z
collection,binder,"Zariel, Archduke of Avernus",AFR,Adventures in the Forgotten Realms,172,foil,mythic,1,60304,7be5b866-d479-4698-98b2-87a973f6b8f6,4.31,false,false,near_mint,en,USD,2026-07-29T04:00:59.192Z
collection,binder,Mossfire Valley,PIP,Fallout,273,normal,rare,1,92505,9b31a08a-8fb5-48ef-b923-a1c6378a95f4,0.38,false,false,near_mint,en,USD,2026-07-29T04:00:59.193Z
collection,binder,Command Beacon,OTC,Outlaws of Thunder Junction Commander,279,normal,rare,2,93624,4ff61202-fb5e-4cea-a5ea-168505ac31e1,9.55,false,false,near_mint,en,USD,2026-07-29T04:00:59.194Z
collection,binder,Bonders' Enclave,OTC,Outlaws of Thunder Junction Commander,274,normal,rare,1,93869,d174f42c-dcf2-4da9-812b-7e1d0991d466,0.8,false,false,near_mint,en,USD,2026-07-29T04:00:59.195Z
collection,binder,Gimli's Fury,LTR,The Lord of the Rings: Tales of Middle-earth,131,normal,common,2,83627,efde011d-8732-49b3-9204-8b114a3d81ba,0.21,false,false,near_mint,en,USD,2026-07-29T04:00:59.196Z
collection,binder,Temple of the False God,PIP,Fallout,311,normal,uncommon,1,91953,22223010-1864-483d-b0af-50ca40bc3d0d,0.3,false,false,near_mint,en,USD,2026-07-29T04:00:59.197Z
collection,binder,Blade of Selves,CLB,Commander Legends: Battle for Baldur's Gate,301,foil,rare,1,69298,ce3367f8-5f5a-4205-909a-247b92a9c082,4.82,false,false,near_mint,en,USD,2026-07-29T04:00:59.198Z
collection,binder,"Xenagos, God of Revels",LCC,The Lost Caverns of Ixalan Commander,295,normal,mythic,1,88584,6f1bc3bb-46da-492a-850c-f1f588ad8d18,8.58,false,false,near_mint,en,USD,2026-07-29T04:00:59.199Z
collection,binder,Mage Slayer,ARB,Alara Reborn,57,normal,uncommon,1,23451,2d0bfe8c-120c-4c4b-8709-efe40e26a35c,2.02,false,false,near_mint,en,USD,2026-07-29T04:00:59.200Z
collection,binder,Sword of Vengeance,M11,Magic 2011,216,normal,rare,1,21173,96fc0138-46fc-493c-8a28-8630c4759193,1.76,false,false,near_mint,en,USD,2026-07-29T04:00:59.201Z
collection,binder,Gruul Guildgate,MM3,Modern Masters 2017,236,normal,common,1,5977,7d5a55b9-1b28-4592-a2be-dfa393f7f12c,0.2,false,false,near_mint,en,USD,2026-07-29T04:00:59.202Z
collection,binder,Massive Might,VOW,Innistrad: Crimson Vow,208,normal,common,1,64161,3a5cd50b-4825-4d85-b0f9-e2a51d2a7df1,0.17,false,false,near_mint,en,USD,2026-07-29T04:00:59.203Z
collection,binder,"Quickbeam, Upstart Ent",LTR,The Lord of the Rings: Tales of Middle-earth,419,normal,uncommon,1,83024,402d829d-9d99-48ac-9ffe-14405ec56302,0.24,false,false,near_mint,en,USD,2026-07-29T04:01:28.292Z
collection,binder,Decanter of Endless Water,CLB,Commander Legends: Battle for Baldur's Gate,444,normal,common,3,69162,914b42b3-03af-4945-9f1f-46c09a1a2314,2.43,false,false,near_mint,en,USD,2026-07-29T04:08:14.708Z
collection,binder,Terramorphic Expanse,PIP,Fallout,313,normal,common,3,92180,548805de-3e2e-4f1f-aafc-d89fddf8288a,0.28,false,false,near_mint,en,USD,2026-07-29T04:08:14.709Z
collection,binder,Thawing Glaciers,ALL,Alliances,144,normal,rare,1,38658,6411a8c6-010f-4863-a0fa-bbebe09d5c34,27.45,false,false,near_mint,en,USD,2026-07-29T04:08:14.710Z
collection,binder,Amorphous Axe,CMR,Commander Legends,295,foil,common,1,56032,2de53345-5809-4704-bd60-682b0c3c3999,0.17,false,false,near_mint,en,USD,2026-07-29T04:08:14.711Z
collection,binder,Wose Pathfinder,LTR,The Lord of the Rings: Tales of Middle-earth,190,normal,common,1,83144,6589b339-9067-4e9b-bfdb-c49f8b3ef2d4,0.13,false,false,near_mint,en,USD,2026-07-29T04:08:14.712Z
collection,binder,Path of Ancestry,PIP,Fallout,279,normal,common,3,92915,ff6415d9-14fb-4a58-aa86-bf2063037684,0.32,false,false,near_mint,en,USD,2026-07-29T04:08:14.713Z
collection,binder,Myriad Landscape,PIP,Fallout,274,normal,uncommon,2,92138,4afe6542-9f4b-4afa-8568-272916125b4a,0.36,false,false,near_mint,en,USD,2026-07-29T04:08:14.714Z
collection,binder,Exotic Orchard,PIP,Fallout,264,normal,rare,2,92323,75f07a84-2788-4f5b-bd76-701bab10f01b,0.28,false,false,near_mint,en,USD,2026-07-29T04:08:14.715Z
collection,binder,Basilisk Collar,PIP,Fallout,225,normal,rare,1,92297,718b8ca7-81cb-40d8-904e-88872bd3797e,5.06,false,false,near_mint,en,USD,2026-07-29T04:08:14.716Z
collection,binder,Eternal Witness,M3C,Modern Horizons 3 Commander,227,normal,uncommon,1,95159,f13553a6-d565-4c18-a60d-20021bc813e7,2.64,false,false,near_mint,en,USD,2026-07-29T04:08:14.717Z
collection,binder,Arcane Signet,CLB,Commander Legends: Battle for Baldur's Gate,298,normal,uncommon,1,69049,5b245a5b-5a99-4d22-99ef-3f5bf49c3262,0.89,false,false,near_mint,en,USD,2026-07-29T04:08:14.718Z
collection,binder,Strong Back,PIP,Fallout,83,normal,rare,1,92089,3f65afa5-e4f7-49c2-97f9-47ad5dbcacfa,1.8,false,false,near_mint,en,USD,2026-07-29T04:08:14.719Z
collection,binder,Silver Shroud Costume,PIP,Fallout,142,normal,uncommon,1,92859,f21fba59-330b-4daf-bf77-6dd817327a64,10.35,false,false,near_mint,en,USD,2026-07-29T04:08:14.720Z
collection,binder,Rampant Growth,PIP,Fallout,204,normal,common,1,92873,f4fad7e1-b57f-4652-879e-d97466948829,0.96,false,false,near_mint,en,USD,2026-07-29T04:08:14.721Z
collection,binder,Commercial District,MKM,Murders at Karlov Manor,259,normal,rare,1,91168,bf220c06-3cce-4bdd-aa58-83940c223e9c,8.15,false,false,near_mint,en,USD,2026-07-29T04:08:14.722Z
collection,binder,Hardy Outlander,CLB,Commander Legends: Battle for Baldur's Gate,235,normal,uncommon,1,68992,44498893-3ff8-4d1e-abdf-4579e0c67020,0.12,false,false,near_mint,en,USD,2026-07-29T04:08:14.723Z
collection,binder,Spire Garden,CLB,Commander Legends: Battle for Baldur's Gate,361,normal,rare,1,67513,72aed540-7833-4442-90a9-aa5468014c65,7.61,false,false,near_mint,en,USD,2026-07-29T04:08:14.724Z
collection,binder,Rugged Highlands,NEO,Kamigawa: Neon Dynasty,273,normal,common,2,66877,58d511be-60e0-4755-abec-18eebb530605,0.2,false,false,near_mint,en,USD,2026-07-29T04:08:14.725Z
collection,binder,Lizard Blades,NEO,Kamigawa: Neon Dynasty,153,normal,rare,1,66428,a747e6cf-c687-4c4f-8e07-d51165d6cb62,2.32,false,false,near_mint,en,USD,2026-07-29T04:08:14.726Z
collection,binder,Power Fist,PIP,Fallout,81,normal,rare,1,92520,9e8f7fbc-bf2a-43c1-a88d-807c1e7dab69,15.29,false,false,near_mint,en,USD,2026-07-29T04:08:14.727Z
collection,binder,Rootbound Crag,PIP,Fallout,284,normal,rare,1,92002,2b8ba5e7-5867-47dc-88f5-412b490306a6,0.49,false,false,near_mint,en,USD,2026-07-29T04:08:14.728Z
collection,binder,Ash Barrens,PIP,Fallout,253,normal,common,3,92334,78a90148-5ed9-42db-a64f-4735676d82e3,0.25,false,false,near_mint,en,USD,2026-07-29T04:08:14.729Z
collection,binder,Mirkwood Spider,LTR,The Lord of the Rings: Tales of Middle-earth,178,normal,common,1,83388,ad961ba1-c74f-4a44-87fe-b30e2b63e378,0.33,false,false,near_mint,en,USD,2026-07-29T04:08:14.730Z
collection,binder,Bighorner Rancher,PIP,Fallout,73,normal,uncommon,1,92397,861361bc-b357-4ff8-931b-a48d08817191,0.41,false,false,near_mint,en,USD,2026-07-29T04:08:14.731Z
collection,binder,Cathedral Acolyte,PIP,Fallout,75,normal,uncommon,1,92386,84118221-20a3-46a9-9e6e-a928b46a8633,0.54,false,false,near_mint,en,USD,2026-07-29T04:08:14.732Z
collection,binder,Roadside Reliquary,NEO,Kamigawa: Neon Dynasty,272,normal,uncommon,2,66741,8002de90-93fb-48ea-a849-40fdad0aef5a,0.2,false,false,near_mint,en,USD,2026-07-29T04:08:14.734Z
collection,binder,Temple of Abandon,PIP,Fallout,302,normal,rare,1,92345,7a83e083-bdaf-4f11-9be2-7d148428f479,0.32,false,false,near_mint,en,USD,2026-07-29T04:08:14.735Z
collection,binder,Raised by Giants,CLB,Commander Legends: Battle for Baldur's Gate,250,normal,rare,1,68860,11c93414-935e-462b-ad89-27ca21d01bf9,0.37,false,false,near_mint,en,USD,2026-07-29T04:08:14.736Z
collection,binder,Lightning Greaves,CMA,Commander Anthology,220,normal,uncommon,1,5066,047de2fe-6fc1-40c5-98d4-6203b4a83445,4.79,false,false,near_mint,en,USD,2026-07-29T04:08:14.737Z
collection,binder,"Saryth, the Viper's Fang",MID,Innistrad: Midnight Hunt,197,foil,rare,1,63416,bc8b3a09-75e8-428c-91f7-8fac62fadc98,1.69,false,false,near_mint,en,USD,2026-07-29T04:08:14.738Z
collection,binder,Gruul Turf,CLB,Commander Legends: Battle for Baldur's Gate,895,normal,uncommon,1,69423,104961dc-6684-474e-b126-4fcd95849f98,0.35,false,false,near_mint,en,USD,2026-07-29T04:08:14.739Z
collection,binder,Command Tower,PIP,Fallout,259,normal,common,3,92477,952cb8cb-633c-468f-8ef5-54ff91ddfb22,0.37,false,false,near_mint,en,USD,2026-07-29T04:08:14.740Z
collection,binder,Toxic Scorpion,VOW,Innistrad: Crimson Vow,224,normal,common,1,64201,4cfca481-cf2d-435d-b4b6-07b1fe2a8e5d,0.25,false,false,near_mint,en,USD,2026-07-29T04:08:14.741Z
collection,binder,Voyaging Satyr,THS,Theros,182,normal,common,1,15482,155ae6c0-5085-45f1-ba9f-508d501fee2c,0.23,false,false,near_mint,en,USD,2026-07-29T04:08:14.742Z
collection,binder,Basilisk Collar,CLB,Commander Legends: Battle for Baldur's Gate,300,foil,rare,1,69019,52a55efe-a870-4cd7-b22b-37c917065653,5.23,false,false,near_mint,en,USD,2026-07-29T04:08:14.743Z
collection,binder,Cinder Glade,PIP,Fallout,257,normal,rare,1,92651,bf4959e5-bdc8-4f60-a1d2-77dc17a493a0,0.36,false,false,near_mint,en,USD,2026-07-29T04:08:14.744Z
collection,binder,"Galadriel, Gift-Giver",LTR,The Lord of the Rings: Tales of Middle-earth,296,normal,rare,1,83239,8229264e-af6c-4f1f-b86a-257889ace9ce,6.27,false,false,near_mint,en,USD,2026-07-29T04:08:14.745Z
collection,binder,Leaping Ambush,WOE,Wilds of Eldraine,177,foil,common,1,85309,2785f716-274c-495c-b4e3-71a72e22f856,0.25,false,false,near_mint,en,USD,2026-07-29T04:08:14.746Z
collection,binder,Oliphaunt,LTR,The Lord of the Rings: Tales of Middle-earth,426,normal,common,1,83667,fa65958a-f601-472e-a9b6-42650b97fa44,0.27,false,false,near_mint,en,USD,2026-07-29T04:08:57.585Z
collection,binder,Sunspine Lynx,BLB,Bloomburrow,292,normal,rare,1,95885,f1c414b4-3374-44e4-98b4-03193e701eb1,2.66,false,false,near_mint,en,USD,2026-07-29T04:09:16.067Z
collection,binder,Legolas's Quick Reflexes,LTC,Tales of Middle-earth Commander,493,foil,rare,1,86604,851c0167-04ba-4d15-b0fa-c211bd8826f1,35.41,false,false,near_mint,en,USD,2026-07-29T04:09:38.509Z
collection,binder,Vanquish the Horde,INR,Innistrad Remastered,49,normal,rare,1,102584,68dea60e-1bd9-4fb5-bb0c-668dfa9b1eee,0.57,false,false,near_mint,en,USD,2026-07-29T04:24:53.934Z
collection,binder,Release the Dogs,TDC,Tarkir: Dragonstorm Commander,127,normal,uncommon,1,104762,7e1df99a-c139-44c9-8881-077dbfd7332f,0.34,false,false,near_mint,en,USD,2026-07-29T04:24:53.941Z
collection,binder,Devout Decree,FDN,Foundations,571,normal,uncommon,1,101162,d174cb01-b1cf-444c-a893-cc61ddf88b8c,0.17,false,false,near_mint,en,USD,2026-07-29T04:24:53.943Z
collection,binder,Fumigate,FDN,Foundations,575,normal,rare,1,101256,e2c1e655-1883-428f-abe8-69c011cfbd4b,0.23,false,false,near_mint,en,USD,2026-07-29T04:24:53.944Z
collection,binder,Runic Shot,DMU,Dominaria United,30,foil,uncommon,1,71864,f54413be-7d73-478d-a25a-8fe06f6491a5,0.11,false,false,near_mint,en,USD,2026-07-29T04:24:53.947Z
collection,binder,Hop to It,BLB,Bloomburrow,16,normal,uncommon,1,95851,ee7207f8-5daa-42af-aeea-7a489047110b,0.2,false,false,near_mint,en,USD,2026-07-29T04:24:53.949Z
collection,binder,Wanderer's Strike,WAR,War of the Spark,38,normal,common,1,44366,85e1d63e-9692-4988-bda2-7c2c9b42217b,0.29,false,false,near_mint,en,USD,2026-07-29T04:24:53.951Z
collection,binder,Settle Beyond Reality,MH1,Modern Horizons,27,normal,common,1,44907,72ed8e57-61bb-4e89-9484-ff2be800a449,0.21,false,false,near_mint,en,USD,2026-07-29T04:24:53.952Z
collection,binder,Breath of Life,PLST,The List,POR-10,normal,common,2,97562,3a14b6ad-5941-4290-930d-781d97d4e76a,0.17,false,false,near_mint,en,USD,2026-07-29T04:24:53.953Z
collection,binder,Emerge from the Cocoon,DSK,Duskmourn: House of Horror,5,normal,common,1,98813,3ba16fbf-2d44-4337-87cb-6ff6b84a258a,0.18,false,false,near_mint,en,USD,2026-07-29T04:24:53.954Z
collection,binder,Exorcise,DSK,Duskmourn: House of Horror,8,normal,uncommon,1,99018,f49006f2-a097-417d-8eb0-b8016ff2e0d5,0.31,false,false,near_mint,en,USD,2026-07-29T04:24:53.955Z
collection,binder,Redress Fate,DSC,Duskmourn: House of Horror Commander,9,normal,rare,1,98957,19f56096-f692-4719-af38-6a4955f2b65c,0.6,false,false,near_mint,en,USD,2026-07-29T04:24:53.956Z
collection,binder,Terminus,DSC,Duskmourn: House of Horror Commander,70,normal,rare,1,98970,4c53c684-37f9-4b95-88be-a42b9600c47c,0.35,false,false,near_mint,en,USD,2026-07-29T04:24:53.957Z
collection,binder,Entreat the Angels,DSC,Duskmourn: House of Horror Commander,99,normal,mythic,1,99428,ff4411bc-ed4e-4d54-9e1b-21fc77b0e415,0.43,false,false,near_mint,en,USD,2026-07-29T04:24:53.958Z
collection,binder,Expel the Unworthy,MH3,Modern Horizons 3,25,foil,common,1,94467,5f68baee-f503-407d-931f-2a550470a55f,0.08,false,false,near_mint,en,USD,2026-07-29T04:24:53.959Z
collection,binder,Invoke Justice,NEO,Kamigawa: Neon Dynasty,21,normal,rare,1,66523,3a598ab6-3254-49fe-b69f-e7c759129599,0.27,false,false,near_mint,en,USD,2026-07-29T04:24:53.961Z
collection,binder,Clowning Around,UNF,Unfinity,6,normal,common,2,73180,859428e7-0795-423b-b16f-fdb4335de2b8,0.2,false,false,near_mint,en,USD,2026-07-29T04:24:53.975Z
collection,binder,Martial Coup,PIP,Fallout,167,normal,rare,1,92343,7a3f7f71-625a-46ec-bce8-6bd934f2a275,0.33,false,false,near_mint,en,USD,2026-07-29T04:24:53.981Z
collection,binder,The Battle of Bywater,LTR,The Lord of the Rings: Tales of Middle-earth,2,normal,rare,1,83335,9bae7a4d-9117-43c5-a048-80a0ddadc034,2.89,false,false,near_mint,en,USD,2026-07-29T04:24:53.983Z
collection,binder,Shoulder to Shoulder,BBD,Battlebond,105,normal,common,1,1888,f18c12df-cbd4-41c3-9b0f-bd8dcdfea490,0.12,false,false,near_mint,en,USD,2026-07-29T04:24:53.985Z
collection,binder,Requisition Raid,OTJ,Outlaws of Thunder Junction,26,normal,uncommon,1,93053,154e9ba9-0d0e-4b0e-acf2-f66a993cf3a2,0.36,false,false,near_mint,en,USD,2026-07-29T04:24:53.986Z
collection,binder,Eriette's Lullaby,OTJ,Outlaws of Thunder Junction,10,normal,common,1,93067,184c18b6-40e2-4f7f-a3bb-49bc695b68ec,0.13,false,false,near_mint,en,USD,2026-07-29T04:24:53.987Z
collection,binder,Single Combat,PIP,Fallout,172,normal,rare,1,92225,5ea2469c-f719-40e6-bec1-0457fa93c541,0.47,false,false,near_mint,en,USD,2026-07-29T04:24:53.988Z
collection,binder,Austere Command,PIP,Fallout,156,normal,rare,1,92168,5215c18d-90cd-45df-ac14-99909c97c69e,0.92,false,false,near_mint,en,USD,2026-07-29T04:24:53.990Z
collection,binder,Revoke Existence,BNG,Born of the Gods,25,normal,common,1,14935,597916e4-0294-4911-98e0-6ac5993533ae,0.15,false,false,near_mint,en,USD,2026-07-29T04:24:53.995Z
collection,binder,Open the Vaults,PIP,Fallout,168,normal,rare,1,92435,8cd2e9d0-3691-40a4-a0e8-42ca29bfcc10,0.38,false,false,near_mint,en,USD,2026-07-29T04:24:53.997Z
collection,binder,Death or Glory,PLST,The List,INV-13,normal,rare,1,77125,b032eb6d-280d-4ef9-a737-ba5f9e56f748,0.44,false,false,near_mint,en,USD,2026-07-29T04:24:54.006Z
collection,binder,Hour of Reckoning,PIP,Fallout,161,normal,rare,1,92695,ca614808-4e09-4839-ae80-7c3ea6cf61fd,0.37,false,false,near_mint,en,USD,2026-07-29T04:24:54.007Z
collection,binder,Armageddon,4ED,Fourth Edition,5,normal,rare,2,40182,0794bc35-a8e1-4268-87b2-af5483ca6e5e,18.73,false,false,near_mint,en,USD,2026-07-29T04:24:54.008Z
collection,binder,Angelic Purge,INR,Innistrad Remastered,9,normal,common,4,102832,ed2fe361-2885-4fc9-a10f-960cc1ac0fbf,0.27,false,false,near_mint,en,USD,2026-07-29T04:24:53.931Z
collection,binder,Gather the Townsfolk,INR,Innistrad Remastered,23,normal,common,4,102639,81bd1cd0-fa8c-4e93-aebe-dfde70ac002b,0.16,false,false,near_mint,en,USD,2026-07-29T04:24:53.932Z
collection,binder,Lingering Souls,INR,Innistrad Remastered,30,normal,uncommon,2,101846,09cd56b2-1987-40c2-a436-5f3cbc564f1c,0.25,false,false,near_mint,en,USD,2026-07-29T04:24:53.936Z
collection,binder,Arm the Cathars,VOW,Innistrad: Crimson Vow,3,normal,uncommon,2,64121,2004a20c-e434-4691-8ef2-740846ce6a51,0.16,false,false,near_mint,en,USD,2026-07-29T04:24:53.945Z
collection,binder,Sanctify,VOW,Innistrad: Crimson Vow,33,normal,common,5,64300,880e071a-6d6c-41c4-b2eb-c9e6626d0c7f,0.19,false,false,near_mint,en,USD,2026-07-29T04:24:53.946Z
collection,binder,Imperial Oath,NEO,Kamigawa: Neon Dynasty,17,normal,common,5,66681,3d6750dd-2303-493b-885d-1bfb5787b16c,0.23,false,false,near_mint,en,USD,2026-07-29T04:24:53.960Z
collection,binder,Banishing Slash,NEO,Kamigawa: Neon Dynasty,3,normal,uncommon,2,66467,e4b8946b-6604-49ca-98db-18a540b1b4e5,0.26,false,false,near_mint,en,USD,2026-07-29T04:24:53.962Z
collection,binder,Lucky Offering,NEO,Kamigawa: Neon Dynasty,27,normal,common,5,66660,24bbdeb0-9165-4874-a853-d19c20c250ef,0.23,false,false,near_mint,en,USD,2026-07-29T04:24:53.963Z
collection,binder,Brilliant Restoration,NEO,Kamigawa: Neon Dynasty,7,normal,rare,2,66547,64f7a506-0aa1-4c2d-b322-e0e9179d05fb,2.25,false,false,near_mint,en,USD,2026-07-29T04:24:53.967Z
collection,binder,Return Triumphant,WOE,Wilds of Eldraine,26,normal,common,3,85836,f5209c13-9591-48eb-8d6c-112b3bdd429a,0.23,false,false,near_mint,en,USD,2026-07-29T04:24:53.976Z
collection,binder,"Now for Wrath, Now for Ruin!",LTR,The Lord of the Rings: Tales of Middle-earth,24,normal,common,4,83475,c2e2c80d-7581-46ba-8237-7886b91c19b3,0.18,false,false,near_mint,en,USD,2026-07-29T04:24:53.977Z
collection,binder,Banish from Edoras,LTR,The Lord of the Rings: Tales of Middle-earth,1,normal,common,2,83363,a4410076-e1fe-45f3-a0ca-a91ab0133ff4,0.17,false,false,near_mint,en,USD,2026-07-29T04:24:53.979Z
collection,binder,Council's Judgment,CLU,Ravnica: Clue Edition,57,normal,rare,2,91245,dc741a80-a0eb-424c-b9a3-4d5875ccb93b,0.41,false,false,near_mint,en,USD,2026-07-29T04:24:53.994Z
collection,binder,Wrath of God,3ED,Revised Edition,46,normal,rare,2,41379,1c687a4e-a3f9-4d2d-9931-bf60e97f4095,13.11,false,false,near_mint,en,USD,2026-07-29T04:24:53.998Z
collection,binder,Resurrection,3ED,Revised Edition,34,normal,uncommon,4,41391,c159804d-8757-4172-a661-4f9ee068fce1,0.4,false,false,near_mint,en,USD,2026-07-29T04:24:53.999Z
collection,binder,Wrath of God,5ED,Fifth Edition,69,normal,rare,2,37937,def142a8-cc73-4bd2-a1a8-ae47a0c9c948,6.94,false,false,near_mint,en,USD,2026-07-29T04:24:54.000Z
collection,binder,Storm of Souls,VOC,Crimson Vow Commander,47,normal,rare,1,64619,b310be64-4b00-49df-84d5-30b227055378,1.4,false,false,near_mint,en,USD,2026-07-29T04:26:19.707Z
collection,binder,Blessed Defiance,J22,Jumpstart 2022,156,normal,common,1,76747,d333e35c-ca90-4aaa-950a-48b5623c31a6,0.17,false,false,near_mint,en,USD,2026-07-29T05:53:56.438Z
collection,binder,Fierce Retribution,VOW,Innistrad: Crimson Vow,13,normal,common,5,64324,9597b163-5c6b-4f64-b1f1-5f1fa2e23e5d,0.11,false,false,near_mint,en,USD,2026-07-29T05:53:56.439Z
collection,binder,You Hear Something on Watch,AFR,Adventures in the Forgotten Realms,42,normal,common,1,60296,76e939ab-9d0c-4685-805c-c8bc4e6af163,0.17,false,false,near_mint,en,USD,2026-07-29T05:53:56.440Z
collection,binder,Kellan's Lightblades,WOE,Wilds of Eldraine,18,foil,common,1,85249,0cc727a6-f875-49b1-b7a4-67f22fbc3d50,0.17,false,false,near_mint,en,USD,2026-07-29T05:53:56.441Z
collection,binder,Afterlife,PLST,The List,MIR-1,normal,uncommon,1,98522,f18f726e-3bf2-436c-95cb-f7b4a10f18f6,0.09,false,false,near_mint,en,USD,2026-07-29T05:53:56.442Z
collection,binder,Return to Dust,DSC,Duskmourn: House of Horror Commander,102,normal,uncommon,1,99112,3c3745c2-5509-4d6b-8f49-5cb93374edea,0.37,false,false,near_mint,en,USD,2026-07-29T05:53:56.443Z
collection,binder,Coordinated Maneuver,TDM,Tarkir: Dragonstorm,6,normal,common,1,104941,c6569487-53c5-4b91-877d-e4e31bfa90c0,0.13,false,false,near_mint,en,USD,2026-07-29T05:53:56.444Z
collection,binder,Coordinated Maneuver,TDM,Tarkir: Dragonstorm,6,foil,common,1,104941,c6569487-53c5-4b91-877d-e4e31bfa90c0,0.16,false,false,near_mint,en,USD,2026-07-29T05:53:56.445Z
collection,binder,Rebellious Strike,TDM,Tarkir: Dragonstorm,20,normal,common,1,104949,c9bafe19-3bd6-4da0-b3e5-e0b89262504c,0.18,false,false,near_mint,en,USD,2026-07-29T05:53:56.446Z
collection,binder,Wanderer's Intervention,NEO,Kamigawa: Neon Dynasty,41,foil,common,1,66684,43708ec9-a85a-4244-86b4-67b30b41d854,0.2,false,false,near_mint,en,USD,2026-07-29T05:53:56.470Z
collection,binder,Swords to Plowshares,MB2,Mystery Booster 2,153,normal,uncommon,2,96992,b635680a-12ae-49f8-a3d7-7254cb0962ec,2.46,false,false,near_mint,en,USD,2026-07-29T05:53:56.475Z
collection,binder,You're Confronted by Robbers,CLB,Commander Legends: Battle for Baldur's Gate,53,normal,common,1,69383,f76e5d23-a45f-4100-8638-fce33f290fc6,0.21,false,false,near_mint,en,USD,2026-07-29T05:53:56.478Z
collection,binder,Revelation of Power,SNC,Streets of New Capenna,28,normal,common,2,67845,7e010b11-8f3e-4792-afe4-0a376650b6c4,0.18,false,false,near_mint,en,USD,2026-07-29T05:53:56.480Z
collection,binder,Divine Verdict,M15,Magic 2015,271,normal,common,2,13581,1529d320-1240-429f-bf7a-4be29079b8bf,0.06,false,false,near_mint,en,USD,2026-07-29T05:53:56.481Z
collection,binder,Mortal's Ardor,BNG,Born of the Gods,20,normal,common,1,14940,9e29f95c-aeed-4cb6-a43b-2748a5dd6138,0.15,false,false,near_mint,en,USD,2026-07-29T05:53:56.482Z
collection,binder,Rustler Rampage,OTJ,Outlaws of Thunder Junction,27,normal,uncommon,2,93115,33ed7ca3-894b-45f4-a15f-51b6bcd3f474,0.29,false,false,near_mint,en,USD,2026-07-29T05:53:56.483Z
collection,binder,Steer Clear,OTJ,Outlaws of Thunder Junction,31,normal,common,1,93160,523a4d6e-122b-49b4-bf3d-17d29c0007fb,0.07,false,false,near_mint,en,USD,2026-07-29T05:53:56.484Z
collection,binder,Take Up the Shield,OTJ,Outlaws of Thunder Junction,34,normal,common,1,93224,76a31968-ba6d-4c01-838f-4cb8c64e73fb,0.17,false,false,near_mint,en,USD,2026-07-29T05:53:56.485Z
collection,binder,Disenchant,FDN,Foundations,572,normal,common,1,100709,7ac43e16-8b14-46f2-877a-600ea918766b,0.1,false,false,near_mint,en,USD,2026-07-29T05:53:56.486Z
collection,binder,Stroke of Midnight,FDN,Foundations,148,normal,uncommon,2,100970,ab135925-d924-456d-851a-6ccdaaf27271,0.35,false,false,near_mint,en,USD,2026-07-29T05:53:56.487Z
collection,binder,Rally the Peasants,INR,Innistrad Remastered,37,normal,uncommon,1,102675,9387f821-10ec-4698-9697-ad37084b4861,0.14,false,false,near_mint,en,USD,2026-07-29T05:53:56.489Z
collection,binder,Slip On the Ring,LTR,The Lord of the Rings: Tales of Middle-earth,31,normal,common,2,82961,2e20c2b8-ffe3-4d14-8588-f89719358e3d,0.26,false,false,near_mint,en,USD,2026-07-29T05:53:56.494Z
collection,binder,Reprieve,LTR,The Lord of the Rings: Tales of Middle-earth,26,normal,uncommon,3,82902,1bd3fa8a-6c50-4f7f-9ae3-0810eec5e3db,1.63,false,false,near_mint,en,USD,2026-07-29T05:53:56.495Z
collection,binder,You Cannot Pass!,LTR,The Lord of the Rings: Tales of Middle-earth,38,normal,uncommon,5,82859,116d4030-acd2-4aa2-8254-aaaff1264459,0.25,false,false,near_mint,en,USD,2026-07-29T05:53:56.496Z
collection,binder,Allay,EXO,Exodus,1,normal,common,1,36335,f20a1c6d-ec6a-4bd6-b3b2-b997f71d41fc,0.15,false,false,near_mint,en,USD,2026-07-29T05:53:56.497Z
collection,binder,Aura Blast,PLS,Planeshift,1,normal,common,1,32951,090f5ad6-e10e-49b3-8643-51a4e792517c,0.24,false,false,near_mint,en,USD,2026-07-29T05:53:56.498Z
collection,binder,Wanderer's Intervention,NEO,Kamigawa: Neon Dynasty,41,normal,common,6,66684,43708ec9-a85a-4244-86b4-67b30b41d854,0.19,false,false,near_mint,en,USD,2026-07-29T05:53:56.447Z
collection,binder,Light the Way,NEO,Kamigawa: Neon Dynasty,24,normal,common,9,66522,3a2fd960-c4ec-4dfa-a61d-f8577b9d3519,0.25,false,false,near_mint,en,USD,2026-07-29T05:53:56.448Z
collection,binder,Repel the Vile,NEO,Kamigawa: Neon Dynasty,33,normal,common,4,66763,9a37d5b4-af3a-48b0-895f-91b652108ef6,0.11,false,false,near_mint,en,USD,2026-07-29T05:53:56.449Z
collection,binder,Regent's Authority,NEO,Kamigawa: Neon Dynasty,32,normal,common,6,66732,79243e97-fe45-4988-b299-f59a7c53ad31,0.14,false,false,near_mint,en,USD,2026-07-29T05:53:56.451Z
collection,binder,March of Otherworldly Light,NEO,Kamigawa: Neon Dynasty,28,normal,rare,2,66707,553fb946-2706-475b-89f9-e4355ec9ea2b,0.86,false,false,near_mint,en,USD,2026-07-29T05:53:56.452Z
collection,binder,When We Were Young,NEO,Kamigawa: Neon Dynasty,43,normal,uncommon,2,66725,6db14cb8-9ff8-41ee-a733-4f1130e73b29,0.12,false,false,near_mint,en,USD,2026-07-29T05:53:56.453Z
collection,binder,A Good Day to Pie,UNF,Unfinity,12,normal,common,3,73211,9cc2b6b4-399d-411a-a057-8dd1fff0d3b7,0.07,false,false,near_mint,en,USD,2026-07-29T05:53:56.477Z
collection,binder,Strength of Arms,INR,Innistrad Remastered,42,normal,common,3,102698,a08fb8ec-6890-48f9-97db-0584a9a77578,0.18,false,false,near_mint,en,USD,2026-07-29T05:53:56.488Z
collection,binder,Valorous Stance,INR,Innistrad Remastered,48,normal,uncommon,2,102403,04762c85-d25d-4120-adec-8681adcf581a,0.19,false,false,near_mint,en,USD,2026-07-29T05:53:56.491Z
collection,binder,Valorous Stance,FDN,Foundations,583,normal,uncommon,1,101069,bc4c47e3-04b6-4760-9a80-b6acef1e4524,0.1,false,false,near_mint,en,USD,2026-07-29T05:58:48.502Z
collection,binder,Make a Stand,FDN,Foundations,708,foil,uncommon,1,100883,9c26415d-9e98-480b-9e30-b3aed00d5f3d,0.12,false,false,near_mint,en,USD,2026-07-29T05:58:48.503Z
collection,binder,Divine Resilience,FDN,Foundations,10,normal,uncommon,1,101347,f3a08245-a535-4d24-b8c0-78759bb9c4b0,0.29,false,false,near_mint,en,USD,2026-07-29T05:58:48.504Z
collection,binder,Joust Through,FDN,Foundations,19,normal,uncommon,1,100767,846adb38-f9bb-4fed-b8ed-36ec7885f989,0.16,false,false,near_mint,en,USD,2026-07-29T05:58:48.505Z
collection,binder,Luminous Rebuke,FDN,Foundations,20,normal,common,1,101529,621839e1-2756-4cdc-a25c-5f76ea98dd87,0.11,false,false,near_mint,en,USD,2026-07-29T05:58:48.507Z
collection,binder,Lantern Flare,VOW,Innistrad: Crimson Vow,23,normal,rare,1,64442,dfd59300-7b5c-4263-a7fd-775c9fcb05ad,0.16,false,false,near_mint,en,USD,2026-07-29T05:58:48.519Z
collection,binder,Parting Gust,BLB,Bloomburrow,24,normal,uncommon,1,95744,1086e826-94b8-4398-8a38-d8eacca56a43,1.05,false,false,near_mint,en,USD,2026-07-29T05:58:48.525Z
collection,binder,Loran's Escape,BRO,The Brothers' War,14,normal,common,1,75391,3765610d-a0c1-4de9-a81b-ffa3eb06454b,2.15,false,false,near_mint,en,USD,2026-07-29T05:58:48.526Z
collection,binder,Stall for Time,DMU,Dominaria United,34,normal,common,1,71856,f346defa-ee4a-404e-8154-0e33ebe9102c,0.23,false,false,near_mint,en,USD,2026-07-29T05:58:48.527Z
collection,binder,Rabbit Response,BLB,Bloomburrow,26,normal,common,1,96114,c4ded450-346d-4917-917a-b62bc0267509,0.14,false,false,near_mint,en,USD,2026-07-29T05:58:48.529Z
collection,binder,Repel Calamity,BLB,Bloomburrow,27,normal,uncommon,1,95834,d068192a-6270-4981-819d-4945fa4a2b83,0.11,false,false,near_mint,en,USD,2026-07-29T05:58:48.531Z
collection,binder,Mabel's Mettle,BLB,Bloomburrow,21,normal,uncommon,1,95872,5cfcf83f-089c-4e35-855e-b61b98bb1cd8,0.24,false,false,near_mint,en,USD,2026-07-29T05:58:48.532Z
collection,binder,Surge of Salvation,MOM,March of the Machine,41,normal,uncommon,1,81059,41d25ee5-0348-4206-bb6a-ccb0a599ac87,0.64,false,false,near_mint,en,USD,2026-07-29T05:58:48.533Z
collection,binder,Karametra's Blessing,THB,Theros Beyond Death,26,normal,common,1,47036,88c8e4dc-5378-48d6-85b2-f5ea9ec7cf36,0.23,false,false,near_mint,en,USD,2026-07-29T05:58:48.534Z
collection,binder,Radiant's Judgment,ULG,Urza's Legacy,22,normal,common,1,35498,28d2718e-c6fc-4961-b094-11f25f1177ff,0.18,false,false,near_mint,en,USD,2026-07-29T05:58:48.535Z
collection,binder,Jump Scare,DSK,Duskmourn: House of Horror,17,foil,common,1,98993,a2dd8903-31ca-470d-b2ff-280f6d40c794,0.18,false,false,near_mint,en,USD,2026-07-29T05:58:48.538Z
collection,binder,Heliod's Intervention,OTC,Outlaws of Thunder Junction Commander,81,normal,rare,1,93751,9519bb3a-bed3-48e8-93ae-9e9b2e7d646a,4.67,false,false,near_mint,en,USD,2026-07-29T05:58:48.539Z
collection,binder,Valorous Stance,PIP,Fallout,174,normal,uncommon,1,91886,11545710-6917-4e44-856f-4c9063a1313c,0.3,false,false,near_mint,en,USD,2026-07-29T05:58:48.541Z
collection,binder,Secure the Wastes,PIP,Fallout,171,normal,rare,1,92488,97649f03-262c-485d-8cb4-75cc4f65ec53,2.63,false,false,near_mint,en,USD,2026-07-29T05:58:48.543Z
collection,binder,Lost to Legend,LTR,The Lord of the Rings: Tales of Middle-earth,22,normal,uncommon,3,83480,c4e40481-aeaa-4b3d-a020-e9b6d7c11992,0.19,false,false,near_mint,en,USD,2026-07-29T05:58:48.544Z
collection,binder,Kellan's Lightblades,WOE,Wilds of Eldraine,18,normal,common,2,85249,0cc727a6-f875-49b1-b7a4-67f22fbc3d50,0.1,false,false,near_mint,en,USD,2026-07-29T05:58:48.545Z
collection,binder,Adamant Will,VOW,Innistrad: Crimson Vow,1,normal,common,5,64387,bd091f3e-5fcc-4d12-b0c3-3b6340ab01d8,0.26,false,false,near_mint,en,USD,2026-07-29T05:58:48.508Z
collection,binder,Jump Scare,DSK,Duskmourn: House of Horror,17,normal,common,5,98993,a2dd8903-31ca-470d-b2ff-280f6d40c794,0.13,false,false,near_mint,en,USD,2026-07-29T05:58:48.509Z
collection,binder,Piercing Light,VOW,Innistrad: Crimson Vow,30,normal,common,5,64219,54cc4e2b-1497-4788-afb4-9e42b7683b5a,0.07,false,false,near_mint,en,USD,2026-07-29T05:58:48.511Z
collection,binder,Valorous Stance,VOW,Innistrad: Crimson Vow,42,normal,uncommon,2,64090,0e6b9a3b-8a19-4094-8dbb-08a0a9ca04a0,0.23,false,false,near_mint,en,USD,2026-07-29T05:58:48.515Z
collection,binder,Battlefield Improvisation,ACR,Assassin's Creed,276,normal,common,2,95503,d2cf2cd1-f7b3-4a23-a23a-6eb0af5451cf,9.1,false,false,near_mint,en,USD,2026-07-29T05:58:48.528Z
collection,binder,Afterlife Insurance,CLU,Ravnica: Clue Edition,23,normal,uncommon,2,90764,2fa47810-ba83-4a6e-9940-7315ee7e44a5,7.33,false,false,near_mint,en,USD,2026-07-29T06:05:08.064Z
collection,binder,Eerie Interference,WOE,Wilds of Eldraine,12,normal,uncommon,1,85364,42a74545-75c8-4a6b-bee1-ac5665d9bcf0,0.2,false,false,near_mint,en,USD,2026-07-29T06:05:08.065Z
collection,binder,Fulgent Distraction,SOM,Scars of Mirrodin,7,normal,common,1,21025,c33a8cf1-e413-4633-b348-2ef594a945a5,0.11,false,false,near_mint,en,USD,2026-07-29T06:05:08.066Z
collection,binder,Phalanx Formation,JOU,Journey into Nyx,21,normal,uncommon,1,14628,7e9aaba1-e480-4667-b3c9-d5665a3b4806,0.09,false,false,near_mint,en,USD,2026-07-29T06:05:08.067Z
collection,binder,Rootborn Defenses,CLU,Ravnica: Clue Edition,71,normal,common,1,91281,eb3ef4da-27c0-4364-a198-f70bea869d9b,0.25,false,false,near_mint,en,USD,2026-07-29T06:05:08.071Z
collection,binder,Gods Willing,CLU,Ravnica: Clue Edition,63,normal,common,1,90671,138f0e49-71d5-4582-92be-797e753f0f42,0.1,false,false,near_mint,en,USD,2026-07-29T06:05:08.072Z
collection,binder,Tandem Tactics,CLU,Ravnica: Clue Edition,76,normal,common,1,91198,c7367b00-0844-45f5-9163-8badf8d01ad7,0.08,false,false,near_mint,en,USD,2026-07-29T06:05:08.073Z
collection,binder,Deadly Riposte,FDN,Foundations,492,normal,common,1,101535,65f5804a-075b-41d8-9639-785cad5c0974,0.15,false,false,near_mint,en,USD,2026-07-29T06:05:08.074Z
collection,binder,Entrapment Maneuver,PIP,Fallout,160,normal,rare,1,91981,2707cc0c-20ea-4241-b0b0-7000a713fb63,0.33,false,false,near_mint,en,USD,2026-07-29T06:05:08.075Z
collection,binder,Gods Willing,THS,Theros,16,normal,common,1,15648,abafabb3-b2e7-4d78-b4b7-d8f701d3ee8b,0.23,false,false,near_mint,en,USD,2026-07-29T06:05:08.077Z
collection,binder,Guiding Bolt,CLB,Commander Legends: Battle for Baldur's Gate,24,normal,common,1,69297,cd552f81-1947-47e0-beee-f04e73551055,0.17,false,false,near_mint,en,USD,2026-07-29T06:05:08.079Z
collection,binder,Inspired Charge,M15,Magic 2015,272,normal,common,1,13580,1a28c4e2-7b9b-436d-95cf-9c757eacf091,0.05,false,false,near_mint,en,USD,2026-07-29T06:05:08.080Z
collection,binder,Astral Confrontation,CLB,Commander Legends: Battle for Baldur's Gate,6,normal,common,1,69364,eefe66d8-1b35-49f1-9bc0-74c5861e5abf,0.1,false,false,near_mint,en,USD,2026-07-29T06:05:08.081Z
collection,binder,Ephemeral Shields,M15,Magic 2015,11,normal,common,1,13841,04f9c2cc-2516-43d5-a7dc-27509f402077,0.21,false,false,near_mint,en,USD,2026-07-29T06:05:08.083Z
collection,binder,Crush Contraband,PIP,Fallout,158,normal,uncommon,1,92795,e0941279-8695-4b71-b27a-5477a1858525,0.39,false,false,near_mint,en,USD,2026-07-29T06:05:08.084Z
collection,binder,Refuse to Yield,SNC,Streets of New Capenna,27,normal,uncommon,1,67931,a7b597b3-5792-49e4-9bcb-74012e4e9cb6,0.23,false,false,near_mint,en,USD,2026-07-29T06:05:08.086Z
collection,binder,Hobbit's Sting,LTR,The Lord of the Rings: Tales of Middle-earth,20,normal,common,1,82820,019eab42-9e0c-4958-ac97-74d3db5580f3,0.2,false,false,near_mint,en,USD,2026-07-29T06:05:08.088Z
collection,binder,Raise the Alarm,MM2,Modern Masters 2015,31,normal,common,1,11186,b083211a-aa01-4944-ae6c-e7fcdec67bbf,0.16,false,false,near_mint,en,USD,2026-07-29T06:05:08.089Z
collection,binder,Last Breath,THS,Theros,22,normal,common,1,15642,1857fc37-1e7e-4b93-9fa9-ec139f16b7fa,0.05,false,false,near_mint,en,USD,2026-07-29T06:05:08.090Z
collection,binder,Escape from Orthanc,LTR,The Lord of the Rings: Tales of Middle-earth,12,normal,common,1,83644,f4ff3330-dcca-4435-87e7-871be91a68b0,0.18,false,false,near_mint,en,USD,2026-07-29T06:05:08.091Z
collection,binder,Disempower,MIR,Mirage,9,normal,common,1,38581,3a86a2ae-aaf3-4d4d-ae06-ec3d4a539550,0.13,false,false,near_mint,en,USD,2026-07-29T06:05:08.094Z
collection,binder,Guided Strike,WTH,Weatherlight,16,normal,common,1,37281,c6e8ec37-abe8-45a9-a1a0-6d4e37c74c45,0.13,false,false,near_mint,en,USD,2026-07-29T06:05:08.095Z
collection,binder,Ivory Charm,MIR,Mirage,23,normal,common,1,38567,0706acf6-587e-4f29-944a-fdf25aeacb6d,0.09,false,false,near_mint,en,USD,2026-07-29T06:05:08.097Z
collection,binder,Second Breakfast,LTR,The Lord of the Rings: Tales of Middle-earth,29,normal,common,2,82814,002f647a-25f8-461b-8617-52674f5d577c,0.2,false,false,near_mint,en,USD,2026-07-29T06:05:08.063Z
collection,binder,Your Temple Is Under Attack,CLB,Commander Legends: Battle for Baldur's Gate,52,normal,common,2,69117,7ad8aa76-b643-4bd2-aaeb-036c1d50db54,0.38,false,false,near_mint,en,USD,2026-07-29T06:05:08.070Z
collection,binder,Dazzling Beauty,MIR,Mirage,8,normal,common,3,38582,ad0ece98-5506-4a18-b900-8d1a6cd87385,0.1,false,false,near_mint,en,USD,2026-07-29T06:05:08.093Z
collection,binder,Disenchant,4ED,Fourth Edition,22,normal,common,4,40165,a915f261-2cdc-499c-9163-da5b628b0127,0.12,false,false,near_mint,en,USD,2026-07-29T06:05:08.099Z
collection,binder,Alabaster Potion,4ED,Fourth Edition,1,normal,common,4,40186,51c931a4-297a-4f7f-8f71-6bdcbe4e94b7,0.11,false,false,near_mint,en,USD,2026-07-29T06:05:08.100Z
collection,binder,Disenchant,ICE,Ice Age,20,normal,common,4,39789,b6085d0c-ab2b-445d-bf9d-0fa0a19183a2,0.24,false,false,near_mint,en,USD,2026-07-29T06:05:56.998Z
collection,binder,Fierce Retribution,OTP,Breaking News,2,normal,uncommon,1,93264,92270719-352d-426f-b498-fbeaf8fd087b,0.12,false,false,near_mint,en,USD,2026-07-29T06:06:27.442Z
collection,binder,On the Job,MKM,Murders at Karlov Manor,292,normal,common,1,90960,70a5571e-02cb-4aa4-926d-d04f5ab04f29,0.08,false,false,near_mint,en,USD,2026-07-29T06:06:46.223Z
collection,binder,Generous Gift,CMM,Commander Masters,624,foil,common,1,84686,a1cd4438-a25d-4618-9e93-2c62f6bfc5f5,2.08,false,false,near_mint,en,USD,2026-07-29T06:07:09.166Z
collection,binder,Font of Vigor,JOU,Journey into Nyx,11,normal,common,1,14638,d4ef3a8e-ef8b-417a-a3a9-cb0ce88cb0c9,0.05,false,false,near_mint,en,USD,2026-07-29T06:13:10.829Z
collection,binder,Felidar Retreat,FDN,Foundations,574,normal,rare,1,100801,89e3cc09-5057-4c05-88fc-d6cda809fc74,1.04,false,false,near_mint,en,USD,2026-07-29T06:13:10.831Z
collection,binder,Twinblade Blessing,FDN,Foundations,26,normal,uncommon,1,101310,ecf01cbe-9fcb-4f35-bc6b-2280620b06ff,0.33,false,false,near_mint,en,USD,2026-07-29T06:13:10.833Z
collection,binder,Sigarda's Summons,VOW,Innistrad: Crimson Vow,404,foil,rare,2,64068,06242f90-5709-482c-8d45-a60a4dc9e8bc,0.34,false,false,near_mint,en,USD,2026-07-29T06:13:10.837Z
collection,binder,Wedding Announcement // Wedding Festivity,VOW,Innistrad: Crimson Vow,45,normal,rare,2,64144,2c3ddb1f-a1de-4fea-9042-5e9caa16ceb2,0.46,false,false,near_mint,en,USD,2026-07-29T06:13:10.842Z
collection,binder,Hallowed Haunting,VOW,Innistrad: Crimson Vow,17,foil,mythic,1,64248,674c0a50-9c37-4c29-84d8-eb3e34f34d37,8.59,false,false,near_mint,en,USD,2026-07-29T06:13:10.845Z
collection,binder,Circle of Confinement,VOW,Innistrad: Crimson Vow,7,normal,uncommon,1,64099,13031fb6-9d5a-4add-9a86-28b2a9373fd2,0.08,false,false,near_mint,en,USD,2026-07-29T06:13:10.851Z
collection,binder,Reconnaissance,ACR,Assassin's Creed,82,foil,uncommon,1,95530,f203ce7d-a079-44b8-bfda-4c63ec79b82d,4.87,false,false,near_mint,en,USD,2026-07-29T06:13:10.853Z
collection,binder,Builder's Talent,BLB,Bloomburrow,5,normal,uncommon,1,96002,15fa581a-724e-4196-a9a3-ff84c54bdb7d,0.18,false,false,near_mint,en,USD,2026-07-29T06:13:10.861Z
collection,binder,Ethereal Armor,DSK,Duskmourn: House of Horror,7,normal,uncommon,1,98756,fd0e8a82-0201-483e-a976-5f29764b35a4,0.38,false,false,near_mint,en,USD,2026-07-29T06:13:10.863Z
collection,binder,Grand Entryway // Elegant Rotunda,DSK,Duskmourn: House of Horror,15,normal,common,1,98938,ef8a8ba7-f955-425d-9a16-816fc48a2a83,0.15,false,false,near_mint,en,USD,2026-07-29T06:13:10.864Z
collection,binder,Isolation Zone,OGW,Oath of the Gatewatch,22,normal,common,2,9360,1ca698e3-1249-4a08-be04-bae3bd944e99,0.07,false,false,near_mint,en,USD,2026-07-29T06:13:10.866Z
collection,binder,Banishing Light,JOU,Journey into Nyx,5,normal,uncommon,1,14644,fbaa4800-30cc-4a80-a6cc-9a24ada9eb40,0.17,false,false,near_mint,en,USD,2026-07-29T06:13:10.868Z
collection,binder,Marshal's Anthem,PIP,Fallout,166,normal,rare,1,92493,98cea75f-f2b0-47f3-a40b-ee43a6132ead,0.27,false,false,near_mint,en,USD,2026-07-29T06:13:10.869Z
collection,binder,Battle of Hoover Dam,PIP,Fallout,11,normal,rare,1,92200,59c0f13a-4e83-4e0b-a790-1f78b5ee6a64,0.37,false,false,near_mint,en,USD,2026-07-29T06:13:10.870Z
collection,binder,Vault 101: Birthday Party,PIP,Fallout,28,normal,rare,1,92901,fc513659-ea88-4d04-82bd-5bb2e740d957,0.34,false,false,near_mint,en,USD,2026-07-29T06:13:10.871Z
collection,binder,Flaming Fist,CLB,Commander Legends: Battle for Baldur's Gate,18,normal,common,6,69361,ec122c9f-5513-4ba7-ae04-3c2060121d73,0.23,false,false,near_mint,en,USD,2026-07-29T06:13:10.872Z
collection,binder,Far Traveler,CLB,Commander Legends: Battle for Baldur's Gate,17,normal,uncommon,2,69294,cabc3688-2362-4757-a5be-087e577c4691,0.27,false,false,near_mint,en,USD,2026-07-29T06:13:10.873Z
collection,binder,Martial Impetus,CLB,Commander Legends: Battle for Baldur's Gate,33,normal,common,2,69347,e520fcba-3503-4d7d-aba9-7ed8c064700d,0.18,false,false,near_mint,en,USD,2026-07-29T06:13:10.874Z
collection,binder,Angelic Gift,CMR,Commander Legends,7,normal,common,1,56221,db0775f2-3fd9-42aa-80e3-edac67764fa2,0.31,false,false,near_mint,en,USD,2026-07-29T06:13:10.875Z
collection,binder,Chosen by Heliod,THS,Theros,5,normal,common,1,15659,d8ead499-920c-465a-a23d-f08710d7e9bc,0.11,false,false,near_mint,en,USD,2026-07-29T06:13:10.876Z
collection,binder,Fog on the Barrow-Downs,LTR,The Lord of the Rings: Tales of Middle-earth,16,normal,common,2,83446,bb0cda3a-20d7-425a-89fe-b0a3cd7ced03,0.15,false,false,near_mint,en,USD,2026-07-29T06:13:10.877Z
collection,binder,Hopeful Vigil,WOE,Wilds of Eldraine,17,normal,common,1,85741,d382fd32-b1f5-4ec7-9d42-fc2915ed3bc9,0.17,false,false,near_mint,en,USD,2026-07-29T06:13:10.878Z
collection,binder,Spirit Bonds,M15,Magic 2015,37,normal,rare,1,13815,aa2a3aaa-e78a-48cc-b7d3-7f65e467054c,0.43,false,false,near_mint,en,USD,2026-07-29T06:13:10.879Z
collection,binder,Martial Impetus,CLU,Ravnica: Clue Edition,65,normal,common,1,91097,a5d4c308-23c2-451a-a65d-444fe2f87754,0.11,false,false,near_mint,en,USD,2026-07-29T06:13:10.880Z
collection,binder,Sheltered by Ghosts,DSK,Duskmourn: House of Horror,30,foil,uncommon,1,99103,389f3f7b-be40-4a2d-b5cc-28471a577981,3.68,false,false,near_mint,en,USD,2026-07-29T06:13:10.882Z
collection,binder,Angelic Exaltation,RNA,Ravnica Allegiance,2,normal,uncommon,1,43862,ee7b5ae5-0f6b-4f45-8597-4e6212d2ad0e,0.26,false,false,near_mint,en,USD,2026-07-29T06:13:10.884Z
collection,binder,Prison Term,PLST,The List,SHM-18,normal,uncommon,2,86029,30cd53c4-34df-4efa-94e4-df4c5d196ff9,0.36,false,false,near_mint,en,USD,2026-07-29T06:13:10.885Z
collection,binder,Stasis Snare,FDN,Foundations,581,normal,uncommon,2,101147,ce41e348-44c2-47f8-8e7d-da2e4d16d648,0.09,false,false,near_mint,en,USD,2026-07-29T06:13:10.830Z
collection,binder,Nurturing Presence,VOW,Innistrad: Crimson Vow,26,normal,common,4,64156,35e109ea-8b86-4432-b15e-5a6201caf2aa,0.09,false,false,near_mint,en,USD,2026-07-29T06:13:10.834Z
collection,binder,Radiant Grace // Radiant Restraints,VOW,Innistrad: Crimson Vow,31,normal,uncommon,3,64193,4a708243-42a1-4fa7-8b0b-9d5163da84bb,0.25,false,false,near_mint,en,USD,2026-07-29T06:13:10.835Z
collection,binder,Sigarda's Imprisonment,VOW,Innistrad: Crimson Vow,35,normal,common,5,64097,118995a6-8471-47ac-9404-700ce7fc46f6,0.13,false,false,near_mint,en,USD,2026-07-29T06:13:10.836Z
collection,binder,Supernatural Rescue,VOW,Innistrad: Crimson Vow,37,normal,common,3,64326,960ca69c-916d-4af3-82a4-5f6fb614d6a4,0.1,false,false,near_mint,en,USD,2026-07-29T06:13:10.841Z
collection,binder,Banishing Light,BLB,Bloomburrow,1,normal,common,2,96011,25a06f82-ebdb-4dd6-bfe8-958018ce557c,0.15,false,false,near_mint,en,USD,2026-07-29T06:13:10.852Z
collection,binder,Static Net,BRO,The Brothers' War,27,normal,uncommon,2,75482,5ab5cb30-3ced-4450-a3c4-b519f3762620,0.17,false,false,near_mint,en,USD,2026-07-29T06:13:10.854Z
collection,binder,Detained by Legionnaires,ACR,Assassin's Creed,277,normal,common,3,95548,fe06e87f-8915-4fc2-81fd-168a371dc407,0.13,false,false,near_mint,en,USD,2026-07-29T06:13:10.855Z
collection,binder,Trapped in the Screen,DSK,Duskmourn: House of Horror,36,normal,common,2,98790,1fe95bfb-8ca7-434f-a2e7-a6b2e699584e,0.16,false,false,near_mint,en,USD,2026-07-29T06:13:10.858Z
collection,binder,Grand Entryway // Elegant Rotunda,DSK,Duskmourn: House of Horror,15,foil,common,2,98938,ef8a8ba7-f955-425d-9a16-816fc48a2a83,0.25,false,false,near_mint,en,USD,2026-07-29T06:13:10.862Z
collection,binder,Banishing Light,LTC,Tales of Middle-earth Commander,161,normal,uncommon,2,83315,961b1464-928e-41b9-bc73-c47df94e0e8e,0.23,false,false,near_mint,en,USD,2026-07-29T06:13:10.865Z
collection,binder,Heliod's Punishment,THB,Theros Beyond Death,21,normal,uncommon,1,47041,3b8e6878-06aa-4505-b3a5-172083b7d258,0.23,false,false,near_mint,en,USD,2026-07-29T06:19:15.585Z
collection,binder,Stasis Snare,BFZ,Battle for Zendikar,50,normal,uncommon,1,10301,ff820544-f4a3-40c4-a48e-84b5e2d06caa,0.3,false,false,near_mint,en,USD,2026-07-29T06:19:15.586Z
collection,binder,Ethereal Armor,Q06,Pioneer Challenger Decks 2021,2,normal,common,1,63993,1fdabad5-7362-4663-8f70-c1bc4a00f0a4,0.49,false,false,near_mint,en,USD,2026-07-29T06:19:15.587Z
collection,binder,Banishing Light,PLST,The List,JOU-5,normal,uncommon,1,98199,b0625a7f-21fb-4dfb-8d28-a7d010ff1688,0.12,false,false,near_mint,en,USD,2026-07-29T06:19:15.588Z
collection,binder,Rest in Peace,MB2,Mystery Booster 2,150,normal,rare,1,97039,cda8edb5-f42d-46a4-8469-a121222c7e75,0.98,false,false,near_mint,en,USD,2026-07-29T06:19:15.589Z
collection,binder,Michiko's Reign of Truth // Portrait of Michiko,NEO,Kamigawa: Neon Dynasty,29,foil,uncommon,1,66389,74f12c23-5c15-4ae6-8f4d-c5e6c1878817,0.33,false,false,near_mint,en,USD,2026-07-29T06:19:15.590Z
collection,binder,Diversionary Tactics,APC,Apocalypse,7,normal,uncommon,1,32449,1e5061e4-a76d-4a7c-b196-96c81f94e0e5,0.14,false,false,near_mint,en,USD,2026-07-29T06:19:15.591Z
collection,binder,Reconnaissance,PLST,The List,EXO-17,normal,uncommon,1,97401,1cfc2245-bdd3-4fa4-80b8-31604a907b2b,4.5,false,false,near_mint,en,USD,2026-07-29T06:19:15.593Z
collection,binder,Sphere of Safety,DSC,Duskmourn: House of Horror Commander,104,normal,uncommon,1,99169,5c4e3031-ffc2-4d4d-a9f9-e85820059315,5.26,false,false,near_mint,en,USD,2026-07-29T06:19:15.594Z
collection,binder,Cast Out,DSC,Duskmourn: House of Horror Commander,98,normal,uncommon,1,99141,4b491874-4be1-496a-bf04-abe1f5af4482,0.38,false,false,near_mint,en,USD,2026-07-29T06:19:15.595Z
collection,binder,Secret Arcade // Dusty Parlor,DSC,Duskmourn: House of Horror Commander,10,normal,rare,1,99021,fe050c16-9be5-42ef-988f-0531a8bb2352,1.68,false,false,near_mint,en,USD,2026-07-29T06:19:15.596Z
collection,binder,Timely Ward,DSC,Duskmourn: House of Horror Commander,107,normal,rare,1,99359,d61f8db1-0148-47bd-ae97-9aedccb83813,4.74,false,false,near_mint,en,USD,2026-07-29T06:19:15.597Z
collection,binder,Sigil of the Empty Throne,DSC,Duskmourn: House of Horror Commander,103,normal,rare,1,99191,6875be24-1515-488f-a899-929c8e480dfd,0.5,false,false,near_mint,en,USD,2026-07-29T06:19:15.598Z
collection,binder,Monologue Tax,DSC,Duskmourn: House of Horror Commander,100,normal,rare,1,99143,4ba2c9b9-06bc-4bf2-8df5-f0748fb2b8eb,2.25,false,false,near_mint,en,USD,2026-07-29T06:19:15.599Z
collection,binder,Teeming Dragonstorm,TDM,Tarkir: Dragonstorm,30,normal,uncommon,1,104563,3b9d771f-24dc-4ed6-8051-62df576a2ba5,0.17,false,false,near_mint,en,USD,2026-07-29T06:19:15.601Z
collection,binder,Stormplain Detainment,TDM,Tarkir: Dragonstorm,28,normal,common,1,104135,39f3aab5-7b54-4b55-8114-c6f9f79c255d,0.13,false,false,near_mint,en,USD,2026-07-29T06:19:15.602Z
collection,binder,Charitable Levy,MH3,Modern Horizons 3,21,normal,uncommon,1,94433,4a5cab75-546c-4760-97b7-4591de9e6662,0.21,false,false,near_mint,en,USD,2026-07-29T06:19:15.603Z
collection,binder,Static Prison,MH3,Modern Horizons 3,44,normal,uncommon,1,94645,dd16222e-349c-4a2b-a7c8-8eb35a8ab332,0.3,false,false,near_mint,en,USD,2026-07-29T06:19:15.605Z
collection,binder,Wedding Announcement // Wedding Festivity,INR,Innistrad Remastered,51,normal,rare,1,102535,4e6f365d-c5c4-4fd6-94cb-833b89239d73,0.43,false,false,near_mint,en,USD,2026-07-29T06:19:15.633Z
collection,binder,Gryff's Boon,INR,Innistrad Remastered,25,normal,uncommon,1,102697,a01e7a3f-9654-4f72-8adc-20dad0b5d14e,0.26,false,false,near_mint,en,USD,2026-07-29T06:19:15.635Z
collection,binder,Faith Unbroken,INR,Innistrad Remastered,21,normal,uncommon,1,102541,514df7e7-3050-41ce-bd44-f215bbcfd1c5,0.27,false,false,near_mint,en,USD,2026-07-29T06:19:15.640Z
collection,binder,Intangible Virtue,INR,Innistrad Remastered,29,normal,uncommon,1,102600,716d82a1-fb5d-4607-b1fa-e8e9edd4dd77,0.22,false,false,near_mint,en,USD,2026-07-29T06:19:15.642Z
collection,binder,Cathar's Call,INR,Innistrad Remastered,16,normal,uncommon,1,102861,ffa1da29-08bd-431c-ae99-525a071dba23,0.28,false,false,near_mint,en,USD,2026-07-29T06:19:15.645Z
collection,binder,Dog Umbra,MH3,Modern Horizons 3,22,normal,common,2,94534,8d4ba710-eddb-40ca-b2fe-0e4e778aab9c,0.21,false,false,near_mint,en,USD,2026-07-29T06:19:15.592Z
collection,binder,The Fall of Lord Konda // Fragment of Konda,NEO,Kamigawa: Neon Dynasty,12,normal,uncommon,4,66532,4d784409-df6d-45d4-8f8b-6e3fd57a8fde,0.21,false,false,near_mint,en,USD,2026-07-29T06:19:15.606Z
collection,binder,Era of Enlightenment // Hand of Enlightenment,NEO,Kamigawa: Neon Dynasty,11,normal,common,7,66390,74f43827-2b9b-4fc9-a6e2-c682dfbf14f7,0.1,false,false,near_mint,en,USD,2026-07-29T06:19:15.607Z
collection,binder,Born to Drive,NEO,Kamigawa: Neon Dynasty,6,normal,uncommon,3,66627,ffdfad1f-d316-4023-9c79-8c24f1cd31d0,0.3,false,false,near_mint,en,USD,2026-07-29T06:19:15.608Z
collection,binder,Intercessor's Arrest,NEO,Kamigawa: Neon Dynasty,20,normal,common,4,66832,e83f2148-bb5d-4236-8d12-150deed0577e,0.2,false,false,near_mint,en,USD,2026-07-29T06:19:15.610Z
collection,binder,Michiko's Reign of Truth // Portrait of Michiko,NEO,Kamigawa: Neon Dynasty,29,normal,uncommon,3,66389,74f12c23-5c15-4ae6-8f4d-c5e6c1878817,0.24,false,false,near_mint,en,USD,2026-07-29T06:19:15.616Z
collection,binder,Befriending the Moths // Imperial Moth,NEO,Kamigawa: Neon Dynasty,4,normal,common,4,66406,8ad44884-ae0d-40ae-87a9-bad043d4e9ad,0.17,false,false,near_mint,en,USD,2026-07-29T06:19:15.619Z
collection,binder,Touch the Spirit Realm,NEO,Kamigawa: Neon Dynasty,40,normal,uncommon,3,66823,e16ab44e-4257-4c0c-b705-8ac1e9c1d835,0.85,false,false,near_mint,en,USD,2026-07-29T06:19:15.620Z
collection,binder,Bound by Moonsilver,INR,Innistrad Remastered,13,normal,common,3,102573,647f5c2f-3ced-4397-a366-6f0e57582566,0.14,false,false,near_mint,en,USD,2026-07-29T06:19:15.636Z
collection,binder,Lunarch Mantle,INR,Innistrad Remastered,31,normal,common,4,102636,8092b454-4c74-439b-9c74-5d90b29c4e9d,0.06,false,false,near_mint,en,USD,2026-07-29T06:19:15.637Z
collection,binder,Conclave Tribunal,CLU,Ravnica: Clue Edition,56,normal,uncommon,1,91311,f53b1b90-5bc6-4111-9083-4501ed92d39a,0.11,false,false,near_mint,en,USD,2026-07-29T06:24:44.983Z
collection,binder,Due Diligence,MKM,Murders at Karlov Manor,14,normal,common,1,90630,076d9f76-a247-4727-9e0f-a0289c51059e,0.16,false,false,near_mint,en,USD,2026-07-29T06:24:44.985Z
collection,binder,Case of the Pilfered Proof,MKM,Murders at Karlov Manor,9,normal,uncommon,1,90776,32927bf2-63c1-4402-99dc-3a0f2f8e0f9c,0.19,false,false,near_mint,en,USD,2026-07-29T06:24:44.986Z
collection,binder,We Ride at Dawn,OTC,Outlaws of Thunder Junction Commander,12,normal,rare,1,93951,fd95daa3-c1f6-4f4c-8dde-ad5a50bfea00,0.39,false,false,near_mint,en,USD,2026-07-29T06:24:44.989Z
collection,binder,Hold for Ransom,SNC,Streets of New Capenna,16,normal,common,1,67758,53e74a99-11d9-40b8-b1d6-8f68a3f490fa,0.13,false,false,near_mint,en,USD,2026-07-29T06:24:44.990Z
collection,binder,Dawn of a New Age,LTR,The Lord of the Rings: Tales of Middle-earth,5,normal,mythic,1,83505,cb966ee6-bf1b-4bb6-9277-8de6f3918ae2,3.56,false,false,near_mint,en,USD,2026-07-29T06:24:44.992Z
collection,binder,Vault 13: Dweller's Journey,PIP,Fallout,26,normal,rare,1,92535,a22ad436-215a-4da1-b12e-1faac474f948,0.29,false,false,near_mint,en,USD,2026-07-29T06:24:44.993Z
collection,binder,Overencumbered,PIP,Fallout,18,normal,rare,1,92120,47058eaa-348d-4bbb-8df5-b931eba067f3,0.37,false,false,near_mint,en,USD,2026-07-29T06:24:44.994Z
collection,binder,Mystical Tether,OTJ,Outlaws of Thunder Junction,19,normal,common,1,93064,18344498-952e-489c-8b03-bd1bef4c26ca,0.15,false,false,near_mint,en,USD,2026-07-29T06:24:44.995Z
collection,binder,Starlight Spectacular,UNF,Unfinity,28,normal,rare,1,72957,de25090e-dd32-4267-a661-da3083d1737a,0.75,false,false,near_mint,en,USD,2026-07-29T06:24:44.997Z
collection,binder,Rabble Rousing,SNC,Streets of New Capenna,24,foil,rare,1,67639,206c8529-56df-4ed9-97bc-6c9b5e2a04c4,1.58,false,false,near_mint,en,USD,2026-07-29T06:24:44.998Z
collection,binder,Forge Anew,LTR,The Lord of the Rings: Tales of Middle-earth,17,normal,rare,1,83088,56274b88-6e3f-4538-bb0c-eb5e52a58ef3,5.78,false,false,near_mint,en,USD,2026-07-29T06:24:44.999Z
collection,binder,Minimus Containment,CLB,Commander Legends: Battle for Baldur's Gate,34,foil,common,1,69141,874b3590-932a-46b7-a7aa-e3e864ec22d1,0.26,false,false,near_mint,en,USD,2026-07-29T06:24:45.000Z
collection,binder,Stoneskin,CLB,Commander Legends: Battle for Baldur's Gate,45,normal,uncommon,1,68873,16b9fdaa-9da9-48ff-b271-e6a41aabf073,1.61,false,false,near_mint,en,USD,2026-07-29T06:24:45.001Z
collection,binder,Mantle of the Ancients,PIP,Fallout,165,normal,rare,1,92193,56ec4350-05fa-4452-ade3-3cf2c319eb0b,8.01,false,false,near_mint,en,USD,2026-07-29T06:24:45.002Z
collection,binder,Vault 75: Middle School,PIP,Fallout,27,normal,rare,1,92061,3992e262-0491-4379-b74b-13cc8b63065e,0.36,false,false,near_mint,en,USD,2026-07-29T06:24:45.003Z
collection,binder,Veteran Soldier,CLB,Commander Legends: Battle for Baldur's Gate,480,etched,uncommon,1,69338,e011dd48-9238-4e4b-a915-b7ac5fa9b78f,0.39,false,false,near_mint,en,USD,2026-07-29T06:24:45.004Z
collection,binder,Noble Heritage,CLB,Commander Legends: Battle for Baldur's Gate,35,normal,rare,1,68978,3e49fd5a-6893-4a06-b835-4bf611c9ada1,0.44,false,false,near_mint,en,USD,2026-07-29T06:24:45.011Z
collection,binder,Banishment,CLB,Commander Legends: Battle for Baldur's Gate,8,normal,uncommon,1,69202,a71caadb-31ab-4b7f-b304-e7d3e8f9d132,0.26,false,false,near_mint,en,USD,2026-07-29T06:24:45.012Z
collection,binder,Veteran Soldier,CLB,Commander Legends: Battle for Baldur's Gate,48,normal,uncommon,1,68980,3f4f074e-914e-4924-8b5e-b80b247bc341,0.23,false,false,near_mint,en,USD,2026-07-29T06:24:45.014Z
collection,binder,Idolized,PIP,Fallout,17,normal,rare,1,92263,687133cb-3754-475c-9e21-b6a33aa58bb0,2.34,false,false,near_mint,en,USD,2026-07-29T06:24:45.015Z
collection,binder,Rest in Peace,BIG,The Big Score,4,normal,mythic,1,93868,d108c2b1-236e-4b8d-8445-d9749ccc4fea,0.95,false,false,near_mint,en,USD,2026-07-29T06:24:45.016Z
collection,binder,Trapped in the Tower,ELD,Throne of Eldraine,33,normal,common,1,46305,974e84ce-5b51-4bd7-9a4d-b64d8f8f62d4,0.11,false,false,near_mint,en,USD,2026-07-29T06:24:45.017Z
collection,binder,Spirit Link,6ED,Classic Sixth Edition,43,normal,uncommon,4,35334,52bb60c6-d5e9-474f-a20f-8f705e7372cd,5.98,false,false,near_mint,en,USD,2026-07-29T06:24:45.021Z
collection,binder,Circle of Protection: White,4ED,Fourth Edition,18,normal,common,3,40169,92e1e153-cf5c-429a-9680-53b7c89dbd88,0.1,false,false,near_mint,en,USD,2026-07-29T06:24:45.035Z
collection,binder,Undercellar Sweep,CLB,Commander Legends: Battle for Baldur's Gate,47,normal,uncommon,2,69384,f8ca369b-4e04-4c80-923b-1212183419d8,0.22,false,false,near_mint,en,USD,2026-07-29T06:24:44.988Z
collection,binder,Tale of Tinúviel,LTR,The Lord of the Rings: Tales of Middle-earth,34,normal,uncommon,2,83330,9ae65f96-7bfd-4390-88bf-764c26bf4668,0.25,false,false,near_mint,en,USD,2026-07-29T06:24:44.991Z
collection,binder,Circle of Protection: Blue,4ED,Fourth Edition,15,normal,common,5,40172,4b7cdfd5-bef9-4f33-b81a-2a395c9bba29,0.11,false,false,near_mint,en,USD,2026-07-29T06:24:45.020Z
collection,binder,Circle of Protection: Red,4ED,Fourth Edition,17,normal,common,6,40170,f3575259-b019-47d0-a6d3-3fe4963294ae,0.18,false,false,near_mint,en,USD,2026-07-29T06:24:45.023Z
collection,binder,Divine Transformation,6ED,Classic Sixth Edition,17,normal,uncommon,4,35360,ad0d2e46-814b-40cb-81a0-8d89285bf196,0.41,false,false,near_mint,en,USD,2026-07-29T06:24:45.024Z
collection,binder,Blessing,4ED,Fourth Edition,9,normal,rare,3,40178,eea35ac3-071d-4a42-9a7a-9104fe63bddc,0.61,false,false,near_mint,en,USD,2026-07-29T06:24:45.028Z
collection,binder,Circle of Protection: Green,4ED,Fourth Edition,16,normal,common,4,40171,192c50c5-ef98-47bd-9cab-cb3feaf6080b,0.09,false,false,near_mint,en,USD,2026-07-29T06:24:45.029Z
collection,binder,Crusade,4ED,Fourth Edition,20,normal,rare,4,40167,fb5428ef-847d-4ac1-b9a9-31afe155650f,,false,false,near_mint,en,USD,2026-07-29T06:24:45.032Z
collection,binder,Blessing,3ED,Revised Edition,6,normal,rare,1,41419,f64f6100-c26a-4b22-9fa6-ab3f287a94aa,2.48,false,false,near_mint,en,USD,2026-07-29T06:31:27.109Z
collection,binder,Circle of Protection: Blue,3ED,Revised Edition,10,normal,common,1,41415,539809fc-fdeb-4345-a920-37fdb782fdd8,0.19,false,false,near_mint,en,USD,2026-07-29T06:31:27.115Z
collection,binder,Serenity,WTH,Weatherlight,24,normal,rare,1,37273,dca975ab-b3ee-4584-9f92-860b4c2369f3,2.79,false,false,near_mint,en,USD,2026-07-29T06:31:27.144Z
collection,binder,Aura of Silence,WTH,Weatherlight,7,normal,uncommon,1,37290,57e6c366-b8c7-4f66-b8e1-82dc69c0081c,9.13,false,false,near_mint,en,USD,2026-07-29T06:31:27.145Z
collection,binder,Pacifism,MIR,Mirage,32,normal,common,1,38558,c891df1b-bae6-4d6d-85ee-42901c149f98,0.14,false,false,near_mint,en,USD,2026-07-29T06:31:27.146Z
collection,binder,Sacred Mesa,MIR,Mirage,37,normal,rare,1,38553,6622f325-6bc3-49dc-ba8e-154e70772dd5,0.65,false,false,near_mint,en,USD,2026-07-29T06:31:27.147Z
collection,binder,Mangara's Equity,MIR,Mirage,26,normal,uncommon,1,38564,6d796153-3f7f-4d94-8ad4-5a4b2c8e09bb,0.18,false,false,near_mint,en,USD,2026-07-29T06:31:27.148Z
collection,binder,Circle of Protection: Black,3ED,Revised Edition,9,normal,common,3,41416,c498313d-bb29-4ab9-ab2f-31bdc3d9f78a,0.15,false,false,near_mint,en,USD,2026-07-29T06:31:27.112Z
collection,binder,Circle of Protection: Red,3ED,Revised Edition,12,normal,common,5,41413,b66cadb3-705d-44d3-9277-5d53cd42dae1,0.21,false,false,near_mint,en,USD,2026-07-29T06:31:27.113Z
collection,binder,Circle of Protection: Green,3ED,Revised Edition,11,normal,common,2,41414,251e0407-b49a-4ee5-83a1-1523ff03a7a7,0.16,false,false,near_mint,en,USD,2026-07-29T06:31:27.114Z
collection,binder,Circle of Protection: Black,4ED,Fourth Edition,14,normal,common,3,40173,9971cbae-3f08-48c6-955a-76ce8ed41c6c,0.09,false,false,near_mint,en,USD,2026-07-29T06:31:27.120Z
collection,binder,Circle of Protection: White,3ED,Revised Edition,13,normal,common,3,41412,7f113b87-8569-45b2-b644-fb3f4890c2ca,0.11,false,false,near_mint,en,USD,2026-07-29T06:31:27.127Z
collection,binder,Angelic Renewal,WTH,Weatherlight,4,normal,common,2,37293,7dddde7d-8565-45a7-a1db-f2dea2a6a3ba,0.32,false,false,near_mint,en,USD,2026-07-29T06:31:27.139Z
collection,binder,Kithkin Armor,WTH,Weatherlight,19,normal,common,2,37278,395e7882-0429-46aa-8e38-be707067c588,0.15,false,false,near_mint,en,USD,2026-07-29T06:31:27.140Z
collection,binder,Ritual of Steel,MIR,Mirage,36,normal,common,2,38554,21205189-0d00-44d5-9772-820e607dba25,0.1,false,false,near_mint,en,USD,2026-07-29T06:31:27.142Z
collection,binder,Leyline Binding,OTP,Breaking News,4,normal,mythic,1,93181,5f48b1fe-175a-40bb-be21-84b5c768403e,0.55,false,false,near_mint,en,USD,2026-07-29T06:31:57.203Z
collection,binder,Imperial Recovery Unit,NEO,Kamigawa: Neon Dynasty,18,normal,uncommon,1,66779,ac9b2c7b-c93b-4b97-999e-86faed8a26ee,0.24,false,false,near_mint,en,USD,2026-07-29T07:04:25.813Z
collection,binder,Greatsword of Tyr,CLB,Commander Legends: Battle for Baldur's Gate,22,normal,common,1,69012,50088a60-642b-47ed-a289-ef0b617b688f,0.36,false,false,near_mint,en,USD,2026-07-29T07:04:25.819Z
collection,binder,Pre-War Formalwear,PIP,Fallout,21,normal,rare,1,91915,19018f23-b63b-45af-8419-8959f41472d4,1.95,false,false,near_mint,en,USD,2026-07-29T07:04:25.824Z
collection,binder,"The Prydwen, Steel Flagship",PIP,Fallout,22,normal,rare,1,92509,9c0a8eda-bfeb-4fd9-9e41-12fce02883d8,0.36,false,false,near_mint,en,USD,2026-07-29T07:04:25.825Z
collection,binder,Hookblade,ACR,Assassin's Creed,6,foil,uncommon,1,95515,e17eca56-f658-410f-b505-8cbc87d4f253,0.23,false,false,near_mint,en,USD,2026-07-29T07:04:25.830Z
collection,binder,Haystack,ACR,Assassin's Creed,5,foil,uncommon,1,95258,46e791f0-297b-46bf-acd5-f62458009d76,0.35,false,false,near_mint,en,USD,2026-07-29T07:04:25.831Z
collection,binder,Carrot Cake,BLB,Bloomburrow,7,foil,common,1,95636,eb03bb4f-8b4b-417e-bfc6-294cd2186b2e,0.21,false,false,near_mint,en,USD,2026-07-29T07:04:25.835Z
collection,binder,Automated Assembly Line,PIP,Fallout,10,normal,rare,1,92912,fe9e2a76-1324-4b8e-b23c-10c04aca1870,0.32,false,false,near_mint,en,USD,2026-07-29T07:04:25.838Z
collection,binder,Mandibular Kite,MH3,Modern Horizons 3,34,normal,common,1,94492,6b922f71-18e6-4a74-b792-d477d4a1deca,0.2,false,false,near_mint,en,USD,2026-07-29T07:04:25.839Z
collection,binder,Essence Reliquary,MH3,Modern Horizons 3,24,normal,uncommon,1,94658,e65f4ae3-6b21-4827-9851-8a53628e254f,0.19,false,false,near_mint,en,USD,2026-07-29T07:04:25.840Z
collection,binder,Dragonfly Suit,NEO,Kamigawa: Neon Dynasty,9,normal,common,4,66691,4900862f-90f4-450b-a775-219da4ce67ef,0.22,false,false,near_mint,en,USD,2026-07-29T07:04:25.812Z
collection,binder,Ancestral Katana,NEO,Kamigawa: Neon Dynasty,1,normal,common,2,66463,d9b1ed43-ee6c-43a2-ba94-5bf71c63e070,0.27,false,false,near_mint,en,USD,2026-07-29T07:04:25.815Z
collection,binder,Pin Collection,UNF,Unfinity,23,normal,uncommon,2,72751,54f0d7ac-8145-46e3-a594-dd2668e30c0c,0.07,false,false,near_mint,en,USD,2026-07-29T07:04:25.820Z
collection,binder,Dúnedain Blade,LTR,The Lord of the Rings: Tales of Middle-earth,6,normal,common,4,83014,3d5f92bf-e4e7-487a-834c-964fdd6ad674,0.19,false,false,near_mint,en,USD,2026-07-29T07:04:25.821Z
collection,binder,Bride's Gown,VOW,Innistrad: Crimson Vow,4,normal,uncommon,4,64377,b3e5dbbe-ca99-41a5-901d-511b9f3ccea6,0.24,false,false,near_mint,en,USD,2026-07-29T07:04:25.827Z
collection,binder,Hookblade,ACR,Assassin's Creed,6,normal,uncommon,2,95515,e17eca56-f658-410f-b505-8cbc87d4f253,0.17,false,false,near_mint,en,USD,2026-07-29T07:04:25.832Z
collection,binder,Oteclan Landmark // Oteclan Levitator,LCI,The Lost Caverns of Ixalan,29,normal,common,2,88252,099a1d1c-72ba-468e-9385-8f93e1fce001,0.17,false,false,near_mint,en,USD,2026-07-29T07:04:25.833Z
collection,binder,Holy Avenger,AFC,Forgotten Realms Commander,275,normal,rare,1,60889,df8a2a1a-0c38-4cf7-9115-843d18ed884f,1.53,false,false,near_mint,en,USD,2026-07-29T07:04:46.039Z
collection,binder,"Frodo, Determined Hero",LTR,The Lord of the Rings: Tales of Middle-earth,289,normal,rare,1,83248,83d1b37c-a8c6-4690-8701-3395397711e7,0.99,false,false,near_mint,en,USD,2026-07-29T07:11:26.690Z
collection,binder,"Frodo, Sauron's Bane",LTR,The Lord of the Rings: Tales of Middle-earth,18,normal,rare,1,83218,7d86dc2e-6f0c-4714-9d30-5d099d3b895c,0.35,false,false,near_mint,en,USD,2026-07-29T07:11:26.691Z
collection,binder,"Sierra, Nuka's Biggest Fan",PIP,Fallout,25,normal,rare,1,92249,641dd97c-6577-4cab-8672-56f870477961,0.37,false,false,near_mint,en,USD,2026-07-29T07:11:26.692Z
collection,binder,"Fortune, Loyal Steed",OTJ,Outlaws of Thunder Junction,12,normal,rare,1,93033,069294a8-e65a-47af-942f-7e99d18658f2,0.26,false,false,near_mint,en,USD,2026-07-29T07:11:26.695Z
collection,binder,Rasaad yn Bashir,CLB,Commander Legends: Battle for Baldur's Gate,479,etched,uncommon,1,69390,fba007e7-e18c-405e-b7ea-6d8a240e68b2,0.37,false,false,near_mint,en,USD,2026-07-29T07:11:26.697Z
collection,binder,"Faramir, Field Commander",LTR,The Lord of the Rings: Tales of Middle-earth,303,normal,uncommon,2,82815,008b953a-da2b-4c30-9424-6d6e3e938251,0.2,false,false,near_mint,en,USD,2026-07-29T07:11:26.698Z
collection,binder,Bill the Pony,LTR,The Lord of the Rings: Tales of Middle-earth,3,normal,uncommon,1,83328,9ac68519-ed7f-4f38-9549-c02975f88eed,0.23,false,false,near_mint,en,USD,2026-07-29T07:11:26.699Z
collection,binder,"Lulu, Loyal Hollyphant",CLB,Commander Legends: Battle for Baldur's Gate,32,normal,uncommon,1,69086,6d67e95e-c4a7-45bc-ae83-0b532ad530db,0.2,false,false,near_mint,en,USD,2026-07-29T07:11:26.701Z
collection,binder,"Lulu, Loyal Hollyphant",CLB,Commander Legends: Battle for Baldur's Gate,477,etched,uncommon,1,69235,b2eda80a-14d3-47ab-8133-cafd15a8c17c,0.29,false,false,near_mint,en,USD,2026-07-29T07:11:26.703Z
collection,binder,"Lae'zel, Vlaakith's Champion",CLB,Commander Legends: Battle for Baldur's Gate,29,normal,rare,1,68886,1a93f587-ab72-42da-88c4-31af1c9cdf1b,2.98,false,false,near_mint,en,USD,2026-07-29T07:11:26.704Z
collection,binder,"Codsworth, Handy Helper",PIP,Fallout,14,normal,rare,1,92631,bbdfbd21-61b1-4ebd-8d37-bce2a391a7e9,25.03,false,false,near_mint,en,USD,2026-07-29T07:11:26.705Z
collection,binder,Commander Sofia Daguerre,PIP,Fallout,15,normal,uncommon,1,92293,712697a4-69b4-4237-9340-96f0e5a32229,0.3,false,false,near_mint,en,USD,2026-07-29T07:11:26.706Z
collection,binder,Overseer of Vault 76,PIP,Fallout,19,normal,rare,1,92046,35848917-d658-4c3b-b675-4f0185f76dc4,0.25,false,false,near_mint,en,USD,2026-07-29T07:11:26.707Z
collection,binder,"Yes Man, Personal Securitron",PIP,Fallout,29,normal,rare,1,92440,8e2fac8c-a574-4414-ac68-632fc822ddbb,1.74,false,false,near_mint,en,USD,2026-07-29T07:11:26.708Z
collection,binder,"Paladin Danse, Steel Maverick",PIP,Fallout,20,normal,uncommon,1,92852,f0e7ee3a-18f1-4771-86d6-db1e0b2aa542,0.39,false,false,near_mint,en,USD,2026-07-29T07:11:26.709Z
collection,binder,"Gandalf, White Rider",LTR,The Lord of the Rings: Tales of Middle-earth,290,normal,rare,1,83412,b422ce26-06fb-4748-9c01-32c4be914a77,3.62,false,false,near_mint,en,USD,2026-07-29T07:11:26.710Z
collection,binder,"Lae'zel, Vlaakith's Champion",CLB,Commander Legends: Battle for Baldur's Gate,476,etched,rare,1,68997,4833ef6c-3ff8-4a3c-826b-58e4a27480a3,2.85,false,false,near_mint,en,USD,2026-07-29T07:11:26.714Z
collection,binder,Gandalf the White,LTR,The Lord of the Rings: Tales of Middle-earth,19,normal,mythic,1,83590,e384c20b-d0c1-4781-9d11-e89e5a6bf3fc,7.61,false,false,near_mint,en,USD,2026-07-29T07:11:26.719Z
collection,binder,"Phelia, Exuberant Shepherd",MH3,Modern Horizons 3,40,normal,rare,1,94219,55707746-da6e-46e5-a5ca-7ac843fdc38e,5.37,false,false,near_mint,en,USD,2026-07-29T07:11:26.730Z
collection,binder,"Light-Paws, Emperor's Voice",NEO,Kamigawa: Neon Dynasty,25,normal,rare,1,66521,39555a72-a57b-45ee-9222-ce3b9e8de126,3.14,false,false,near_mint,en,USD,2026-07-29T07:11:26.733Z
collection,binder,"Thalia, Guardian of Thraben",VOW,Innistrad: Crimson Vow,38,foil,rare,1,64411,c9f8b8fb-1cd8-450e-a1fe-892e7a323479,0.79,false,false,near_mint,en,USD,2026-07-29T07:11:26.736Z
collection,binder,Lyra Dawnbringer,FDN,Foundations,707,foil,mythic,1,101009,b2abce4d-ef21-4028-8a86-b7d1387bc937,0.63,false,false,near_mint,en,USD,2026-07-29T07:11:26.738Z
collection,binder,"Zetalpa, Primal Dawn",FDN,Foundations,584,normal,rare,1,100623,694df80e-77d1-4455-b6f1-58d212267d76,0.24,false,false,near_mint,en,USD,2026-07-29T07:11:26.740Z
collection,binder,"Linden, the Steadfast Queen",FDN,Foundations,577,normal,rare,1,100157,0dcd0898-db3d-44ec-9d56-a1b558da90f4,0.16,false,false,near_mint,en,USD,2026-07-29T07:11:26.741Z
collection,binder,"Bruna, the Fading Light",EMN,Eldritch Moon,15,normal,rare,1,8322,27907985-b5f6-4098-ab43-15a0c2bf94d5,3.13,false,false,near_mint,en,USD,2026-07-29T07:11:26.742Z
collection,binder,"Syr Alin, the Lion's Claw",FDN,Foundations,582,normal,uncommon,1,100556,5d42be5f-a6a7-4699-abf7-9632de6daede,0.09,false,false,near_mint,en,USD,2026-07-29T07:11:26.743Z
collection,binder,"Iona, Shield of Emeria",ZEN,Zendikar,13,normal,mythic,1,22611,62458cfe-7231-4e09-b398-9c4d9330d08e,16.69,false,false,near_mint,en,USD,2026-07-29T07:11:26.744Z
collection,binder,"Nadaar, Selfless Paladin",AFR,Adventures in the Forgotten Realms,27,foil,rare,1,60315,878a0d8c-11c1-4c65-9051-78e036ac496f,0.48,false,false,near_mint,en,USD,2026-07-29T07:11:26.746Z
collection,binder,"Boromir, Warden of the Tower",LTR,The Lord of the Rings: Tales of Middle-earth,4,normal,rare,1,83652,f6bc3720-2892-4dda-8f30-079a1ac8e1e2,6.05,false,false,near_mint,en,USD,2026-07-29T07:11:26.747Z
collection,binder,"Saradoc, Master of Buckland",LTR,The Lord of the Rings: Tales of Middle-earth,282,normal,rare,1,83372,a65a1fb5-cc2c-4556-b109-05c3d966ded9,0.37,false,false,near_mint,en,USD,2026-07-29T07:11:26.749Z
collection,binder,"Bruna, the Fading Light",INR,Innistrad Remastered,14,normal,rare,1,102597,6fccdb60-5fce-4a6e-a709-b986f9a4b653,4.33,false,false,near_mint,en,USD,2026-07-29T07:11:26.754Z
collection,binder,"Thalia, Heretic Cathar",INR,Innistrad Remastered,44,normal,rare,1,102756,c062937f-d519-4206-99b0-cbea01b85a0d,2.3,false,false,near_mint,en,USD,2026-07-29T07:11:26.755Z
collection,binder,"Éowyn, Lady of Rohan",LTR,The Lord of the Rings: Tales of Middle-earth,10,normal,uncommon,3,83594,e59710c4-24de-419e-a8a0-e8392d450c23,0.23,false,false,near_mint,en,USD,2026-07-29T07:11:26.693Z
collection,binder,Samwise the Stouthearted,LTR,The Lord of the Rings: Tales of Middle-earth,28,normal,uncommon,2,82922,214c270e-29ca-4d69-bea6-9252ae7707ad,0.21,false,false,near_mint,en,USD,2026-07-29T07:11:26.694Z
collection,binder,"Ellyn Harbreeze, Busybody",CLB,Commander Legends: Battle for Baldur's Gate,16,normal,uncommon,2,69190,a038dbc9-0da1-4e65-9369-45c614f285f8,0.15,false,false,near_mint,en,USD,2026-07-29T07:11:26.696Z
collection,binder,"Faramir, Field Commander",LTR,The Lord of the Rings: Tales of Middle-earth,14,normal,uncommon,4,82889,17c2250a-9af1-40de-9f09-7e8c7daec520,0.19,false,false,near_mint,en,USD,2026-07-29T07:11:26.700Z
collection,binder,"Abdel Adrian, Gorion's Ward",CLB,Commander Legends: Battle for Baldur's Gate,2,normal,uncommon,2,68967,396f9198-67b6-45d8-91b4-dc853bff9623,0.29,false,false,near_mint,en,USD,2026-07-29T07:11:26.702Z
collection,binder,Rosie Cotton of South Lane,LTR,The Lord of the Rings: Tales of Middle-earth,27,normal,uncommon,4,83198,75338f49-1f02-4333-87e4-5779ef14e688,0.32,false,false,near_mint,en,USD,2026-07-29T07:11:26.711Z
collection,binder,"Katilda, Dawnhart Martyr // Katilda's Rising Dawn",VOW,Innistrad: Crimson Vow,21,normal,rare,2,64091,0ef240aa-2a88-4ec4-888a-918466372adb,0.94,false,false,near_mint,en,USD,2026-07-29T07:11:26.715Z
collection,binder,Go-Shintai of Shared Purpose,NEO,Kamigawa: Neon Dynasty,14,normal,uncommon,2,66323,0ab91962-ebad-46f6-9f90-7477c224d93d,0.26,false,false,near_mint,en,USD,2026-07-29T07:11:26.720Z
collection,binder,"Norika Yamazaki, the Poet",NEO,Kamigawa: Neon Dynasty,311,normal,uncommon,2,66518,344df5c2-a963-42e3-b61b-1712f15e1eb9,0.23,false,false,near_mint,en,USD,2026-07-29T07:11:26.721Z
collection,binder,"Norika Yamazaki, the Poet",NEO,Kamigawa: Neon Dynasty,31,normal,uncommon,5,66500,09cb553c-58c1-4cfd-b441-297b5f09b263,0.23,false,false,near_mint,en,USD,2026-07-29T07:11:26.723Z
collection,binder,"Landroval, Horizon Witness",LTR,The Lord of the Rings: Tales of Middle-earth,21,normal,uncommon,4,83089,5684483b-9a6a-499b-a5e1-e2815ee03cdb,0.18,false,false,near_mint,en,USD,2026-07-29T07:11:26.724Z
collection,binder,"Katilda, Dawnhart Martyr // Katilda's Rising Dawn",VOW,Innistrad: Crimson Vow,317,normal,rare,2,64295,866828f0-71f7-454b-93a7-2f2ea707f53d,0.63,false,false,near_mint,en,USD,2026-07-29T07:11:26.735Z
collection,binder,"Aradesh, the Founder",PIP,Fallout,9,normal,rare,1,92258,6701dae4-348e-40f6-9db4-d6f0039be831,0.28,false,false,near_mint,en,USD,2026-07-29T07:11:51.756Z
collection,binder,"Boromir, Warden of the Tower",LTR,The Lord of the Rings: Tales of Middle-earth,302,normal,rare,1,83585,e186ef93-f369-4b4d-a683-36f338b6ce3f,6.36,false,false,near_mint,en,USD,2026-07-29T07:12:13.223Z
collection,binder,Samwise the Stouthearted,LTR,The Lord of the Rings: Tales of Middle-earth,306,normal,uncommon,1,83041,44c6a273-9307-432a-96f5-3e536da70f95,0.21,false,false,near_mint,en,USD,2026-07-29T07:12:29.182Z
collection,binder,Inside Source,MKM,Murders at Karlov Manor,19,foil,common,1,90675,1548d181-3f83-457a-b2d3-eb88cfb2afda,0.16,false,false,near_mint,en,USD,2026-07-29T07:19:27.874Z
collection,binder,Sanctuary Wall,MKM,Murders at Karlov Manor,32,normal,uncommon,2,90843,4a009ba2-c7b9-4cf6-bb90-9d6fd589e932,0.21,false,false,near_mint,en,USD,2026-07-29T07:19:27.875Z
collection,binder,Marketwatch Phantom,MKM,Murders at Karlov Manor,24,normal,common,2,91237,daf6a392-3fc4-45d1-b85d-3b1381b3ab7d,0.07,false,false,near_mint,en,USD,2026-07-29T07:19:27.877Z
collection,binder,Haazda Vigilante,MKM,Murders at Karlov Manor,18,normal,common,1,90866,5277fe72-dc33-4d19-a439-63b5344c6034,0.07,false,false,near_mint,en,USD,2026-07-29T07:19:27.879Z
collection,binder,Urbis Protector,CLU,Ravnica: Clue Edition,79,normal,uncommon,1,91024,8771abc9-e1f2-4d4f-8492-3209866cdc05,0.14,false,false,near_mint,en,USD,2026-07-29T07:19:27.880Z
collection,binder,Seller of Songbirds,CLU,Ravnica: Clue Edition,72,normal,common,1,91253,df84d9ce-9ff0-438a-96e1-2aadd60dcaba,0.19,false,false,near_mint,en,USD,2026-07-29T07:19:27.881Z
collection,binder,Doomed Traveler,CLU,Ravnica: Clue Edition,59,normal,common,1,91032,8a03d414-bff9-4aba-8b0a-0ed57982251e,0.09,false,false,near_mint,en,USD,2026-07-29T07:19:27.882Z
collection,binder,Windshaper Planetar,CLB,Commander Legends: Battle for Baldur's Gate,50,normal,rare,1,69193,a2ecf2f5-6d8b-4321-9aa1-d84c291a5c20,0.34,false,false,near_mint,en,USD,2026-07-29T07:19:27.883Z
collection,binder,Icewind Stalwart,CLB,Commander Legends: Battle for Baldur's Gate,27,normal,common,1,69222,aeb153e2-345d-4993-9f2d-f0d0ddfbc8a7,0.27,false,false,near_mint,en,USD,2026-07-29T07:19:27.884Z
collection,binder,Goliath Paladin,CLB,Commander Legends: Battle for Baldur's Gate,21,normal,common,1,69211,ab8324aa-f356-42bc-9664-46803bc8a93b,0.2,false,false,near_mint,en,USD,2026-07-29T07:19:27.885Z
collection,binder,Guardian Naga // Banishing Coils,CLB,Commander Legends: Battle for Baldur's Gate,23,normal,common,1,68879,18da890e-0f8d-41e9-a29f-24cb5393c464,0.21,false,false,near_mint,en,USD,2026-07-29T07:19:27.886Z
collection,binder,Traveling Philosopher,THS,Theros,34,normal,common,1,15630,edad0276-45d1-45e5-a6b1-1cd2a99b4f2c,0.03,false,false,near_mint,en,USD,2026-07-29T07:19:27.887Z
collection,binder,Park Bleater,UNF,Unfinity,21,normal,uncommon,2,72792,711784fe-e36b-44ac-bbcc-c29921e231f3,0.09,false,false,near_mint,en,USD,2026-07-29T07:19:27.888Z
collection,binder,Ride Guide,UNF,Unfinity,24,normal,common,5,73075,3541f80d-f4f2-4a2a-8e17-1d6835e24469,0.06,false,false,near_mint,en,USD,2026-07-29T07:19:27.891Z
collection,binder,Sanguine Sipper,UNF,Unfinity,26,normal,common,6,73257,c2b8ae57-74d4-4484-aead-56fe125f26f8,0.08,false,false,near_mint,en,USD,2026-07-29T07:19:27.894Z
collection,binder,Wyrm's Crossing Patrol,CLB,Commander Legends: Battle for Baldur's Gate,51,normal,common,2,69367,f00a57fc-b4a6-48fa-a20c-864c10099e4b,0.18,false,false,near_mint,en,USD,2026-07-29T07:19:27.896Z
collection,binder,Mistmeadow Skulk,OTC,Outlaws of Thunder Junction Commander,84,normal,uncommon,1,93841,c652ce39-903c-466b-91d5-5b1d6e645b57,0.33,false,false,near_mint,en,USD,2026-07-29T07:19:27.897Z
collection,binder,Ballroom Brawlers,SNC,Streets of New Capenna,3,normal,uncommon,1,67984,bf5615a2-03a2-41f4-ab3b-de5e60d1504e,0.18,false,false,near_mint,en,USD,2026-07-29T07:19:27.898Z
collection,binder,Gryff Rider,VOW,Innistrad: Crimson Vow,15,foil,common,2,64211,5317077b-370e-41a9-9162-c713362fd7f4,0.08,false,false,near_mint,en,USD,2026-07-29T07:19:27.899Z
collection,binder,Bounding Felidar,OTJ,Outlaws of Thunder Junction,5,normal,uncommon,1,93247,8925279f-c16a-43b4-b791-ce450157275b,0.19,false,false,near_mint,en,USD,2026-07-29T07:19:27.900Z
collection,binder,Trained Arynx,OTJ,Outlaws of Thunder Junction,36,normal,common,3,93415,ef32a5f8-f69d-47dc-a800-4f0ddf4eada5,0.13,false,false,near_mint,en,USD,2026-07-29T07:19:27.901Z
collection,binder,Took Reaper,LTR,The Lord of the Rings: Tales of Middle-earth,35,normal,common,3,82913,1da7fc15-f894-496e-ba18-a02d42e9bedc,0.15,false,false,near_mint,en,USD,2026-07-29T07:19:27.902Z
collection,binder,Nimble Hobbit,LTR,The Lord of the Rings: Tales of Middle-earth,23,normal,common,3,83479,c4cd0756-7bf3-4cb6-9687-1f9346b0bb92,0.14,false,false,near_mint,en,USD,2026-07-29T07:19:27.903Z
collection,binder,Eastfarthing Farmer,LTR,The Lord of the Rings: Tales of Middle-earth,8,normal,common,4,82944,26bb65ba-d605-4b79-a700-4a08ec5a90b4,0.22,false,false,near_mint,en,USD,2026-07-29T07:19:27.904Z
collection,binder,Esquire of the King,LTR,The Lord of the Rings: Tales of Middle-earth,13,normal,common,3,83503,caa6dded-ab08-43d0-b2fb-008854582cba,0.16,false,false,near_mint,en,USD,2026-07-29T07:19:27.906Z
collection,binder,Westfold Rider,LTR,The Lord of the Rings: Tales of Middle-earth,37,normal,common,4,83187,71ed2e4b-c732-472a-a589-f1f53086d9ee,0.22,false,false,near_mint,en,USD,2026-07-29T07:19:27.907Z
collection,binder,Soldier of the Grey Host,LTR,The Lord of the Rings: Tales of Middle-earth,32,normal,common,2,83429,b79999df-af8c-4724-9631-20eee5a00e49,0.1,false,false,near_mint,en,USD,2026-07-29T07:19:27.909Z
collection,binder,Shire Shirriff,LTR,The Lord of the Rings: Tales of Middle-earth,30,normal,uncommon,2,83039,444b687f-2571-4c55-a497-d24b9e18bc0f,0.15,false,false,near_mint,en,USD,2026-07-29T07:19:27.910Z
collection,binder,Subjugator Angel,INR,Innistrad Remastered,43,normal,uncommon,1,102753,bb89585f-0c68-42e6-8115-07d5752f6c1c,0.38,false,false,near_mint,en,USD,2026-07-29T07:19:27.911Z
collection,binder,Restoration Angel,INR,Innistrad Remastered,38,normal,rare,1,102843,f17f85d3-58e5-4128-90c5-98b524256af8,0.38,false,false,near_mint,en,USD,2026-07-29T07:19:27.921Z
collection,binder,Town Gossipmonger // Incited Rabble,INR,Innistrad Remastered,46,normal,uncommon,1,102590,6c91ca3b-9d56-48dd-be0e-d3839c7d3d6c,0.04,false,false,near_mint,en,USD,2026-07-29T07:19:27.928Z
collection,binder,Voice of the Blessed,INR,Innistrad Remastered,50,normal,rare,1,102568,62534128-2a85-4a36-bc7b-e4f4c51fa1f6,2.29,false,false,near_mint,en,USD,2026-07-29T07:19:27.935Z
collection,binder,Slayer of the Wicked,INR,Innistrad Remastered,39,normal,uncommon,1,102781,ca4537d3-c481-49ac-826c-b51c2e9b1fcf,0.05,false,false,near_mint,en,USD,2026-07-29T07:19:27.945Z
collection,binder,Niblis of the Urn,INR,Innistrad Remastered,35,normal,uncommon,1,102454,1ffd406d-92d3-47f1-8887-853958fd464e,0.23,false,false,near_mint,en,USD,2026-07-29T07:19:27.946Z
collection,binder,Twinblade Geist // Twinblade Invocation,INR,Innistrad Remastered,47,normal,uncommon,1,102655,88bc8cdf-adfa-4a11-a8c0-484bc03edc65,0.15,false,false,near_mint,en,USD,2026-07-29T07:19:27.947Z
collection,binder,Ambitious Farmhand // Seasoned Cathar,INR,Innistrad Remastered,8,normal,uncommon,1,102490,36cb9b12-98a3-4770-9ae0-a3b02f057c2e,0.28,false,false,near_mint,en,USD,2026-07-29T07:19:27.951Z
collection,binder,Crusader of Odric,INR,Innistrad Remastered,18,foil,common,1,102799,d6ae6566-3df8-4e09-b487-f0362622ca04,0.23,false,false,near_mint,en,USD,2026-07-29T07:19:27.952Z
collection,binder,Hopeful Initiate,INR,Innistrad Remastered,27,normal,rare,1,102772,c655f9e8-ff99-48d0-83a9-ea6a853f17c6,0.33,false,false,near_mint,en,USD,2026-07-29T07:19:27.954Z
collection,binder,Subjugator Angel,INR,Innistrad Remastered,43,foil,uncommon,1,102753,bb89585f-0c68-42e6-8115-07d5752f6c1c,0.33,false,false,near_mint,en,USD,2026-07-29T07:19:27.957Z
collection,binder,Inside Source,MKM,Murders at Karlov Manor,19,normal,common,2,90675,1548d181-3f83-457a-b2d3-eb88cfb2afda,0.03,false,false,near_mint,en,USD,2026-07-29T07:19:27.876Z
collection,binder,Robo-Piñata,UNF,Unfinity,25,normal,common,4,72929,c8febd2c-2f6a-47c6-bebc-6f80e175ee95,0.06,false,false,near_mint,en,USD,2026-07-29T07:19:27.889Z
collection,binder,Aerialephant,UNF,Unfinity,2,normal,common,4,73036,1a2f4abd-089e-4015-a207-8a62616668b1,0.06,false,false,near_mint,en,USD,2026-07-29T07:19:27.890Z
collection,binder,East-Mark Cavalier,LTR,The Lord of the Rings: Tales of Middle-earth,9,normal,common,5,83337,9be412c0-45d4-4856-a8cf-63a5a822dc5c,0.14,false,false,near_mint,en,USD,2026-07-29T07:19:27.905Z
collection,binder,Fiend Hunter,INR,Innistrad Remastered,22,normal,uncommon,2,102849,f606cf4d-e29b-415a-956c-b148045c44e9,0.26,false,false,near_mint,en,USD,2026-07-29T07:19:27.912Z
collection,binder,Dauntless Cathar,INR,Innistrad Remastered,19,normal,common,5,102745,b680d42c-8198-43b0-b934-2add08a02bbc,0.06,false,false,near_mint,en,USD,2026-07-29T07:19:27.913Z
collection,binder,Drogskol Shieldmate,INR,Innistrad Remastered,20,normal,common,2,102752,ba94ea90-66e5-4fd2-80fd-4baec5f8a1e4,0.09,false,false,near_mint,en,USD,2026-07-29T07:19:27.914Z
collection,binder,Lunarch Veteran // Luminous Phantom,INR,Innistrad Remastered,32,normal,common,3,102520,438e3302-daf9-436b-8b08-24b3f33295f6,0.34,false,false,near_mint,en,USD,2026-07-29T07:19:27.915Z
collection,binder,Mentor of the Meek,INR,Innistrad Remastered,34,normal,uncommon,2,102469,280ca0f4-be07-452a-bbc0-c25570f14008,0.38,false,false,near_mint,en,USD,2026-07-29T07:19:27.916Z
collection,binder,Crusader of Odric,INR,Innistrad Remastered,18,normal,common,2,102799,d6ae6566-3df8-4e09-b487-f0362622ca04,0.17,false,false,near_mint,en,USD,2026-07-29T07:19:27.917Z
collection,binder,Avacynian Priest,INR,Innistrad Remastered,12,normal,common,5,102759,c119b314-c563-4b6b-8bac-a680e69c6b37,0.15,false,false,near_mint,en,USD,2026-07-29T07:19:27.918Z
collection,binder,Cathar Commando,INR,Innistrad Remastered,15,normal,common,3,102628,7cd21530-ca72-4986-a0f2-142b9f23c413,0.21,false,false,near_mint,en,USD,2026-07-29T07:19:27.923Z
collection,binder,Thraben Inspector,INR,Innistrad Remastered,45,normal,common,4,101844,08a5007f-06a0-40fa-a252-c38baa6b5c6f,0.13,false,false,near_mint,en,USD,2026-07-29T07:19:27.925Z
collection,binder,Inspiring Captain,INR,Innistrad Remastered,28,normal,common,2,102855,fb56d6ab-50bf-4407-9f30-595ef7ae9492,0.15,false,false,near_mint,en,USD,2026-07-29T07:19:27.927Z
collection,binder,Apothecary Geist,INR,Innistrad Remastered,10,normal,common,2,102711,a79df1a1-6d60-4e5f-b4d8-668155836bb6,0.11,false,false,near_mint,en,USD,2026-07-29T07:19:27.929Z
collection,binder,Soul-Guide Gryff,INR,Innistrad Remastered,40,normal,common,2,102494,39388258-cf07-4f29-a379-c743ecac680b,0.05,false,false,near_mint,en,USD,2026-07-29T07:19:27.934Z
collection,binder,Guardian of Pilgrims,INR,Innistrad Remastered,26,normal,common,2,102852,f87b5e18-d1a9-424b-bec5-6a80f7699600,0.1,false,false,near_mint,en,USD,2026-07-29T07:19:27.939Z
collection,binder,Heavy Ballista,WTH,Weatherlight,17,normal,common,1,37280,bdfe3eed-e415-4b28-8b4d-e50a19235683,0.09,false,false,near_mint,en,USD,2026-07-29T18:30:43.818Z
collection,binder,Noble Elephant,MIR,Mirage,30,normal,common,1,38560,65f399cb-dddb-422a-8d36-938b82b59e10,0.11,false,false,near_mint,en,USD,2026-07-29T18:30:43.819Z
collection,binder,Resistance Squad,VOW,Innistrad: Crimson Vow,32,normal,uncommon,2,64077,093ae747-350f-4253-b903-8c6892d78c83,0.14,false,false,near_mint,en,USD,2026-07-29T18:30:43.821Z
collection,binder,Twinblade Geist // Twinblade Invocation,VOW,Innistrad: Crimson Vow,40,normal,uncommon,3,64468,f1deb24b-3d8f-4251-a901-85eeb891f26f,0.26,false,false,near_mint,en,USD,2026-07-29T18:30:43.824Z
collection,binder,Pileated Provisioner,BLB,Bloomburrow,25,normal,common,4,96102,ae442cd6-c4df-4aad-9b1d-ccd936c5ec96,0.09,false,false,near_mint,en,USD,2026-07-29T18:30:43.828Z
collection,binder,Kindly Ancestor // Ancestor's Embrace,VOW,Innistrad: Crimson Vow,22,normal,common,3,64129,25193485-7f41-4b05-9a69-4c112679f97c,0.16,false,false,near_mint,en,USD,2026-07-29T18:30:43.830Z
collection,binder,Gryff Rider,VOW,Innistrad: Crimson Vow,15,normal,common,4,64211,5317077b-370e-41a9-9162-c713362fd7f4,0.11,false,false,near_mint,en,USD,2026-07-29T18:30:43.832Z
collection,binder,Ghostly Dancers,DSK,Duskmourn: House of Horror,13,normal,rare,1,99292,ab38adb5-8f16-4a4a-8dbc-f6ec14ca6c9f,0.52,false,false,near_mint,en,USD,2026-07-29T18:30:43.836Z
collection,binder,Estwald Shieldbasher,VOW,Innistrad: Crimson Vow,11,normal,common,4,64239,61c7d889-8cc0-4e80-b6d5-d41961820224,0.07,false,false,near_mint,en,USD,2026-07-29T18:30:43.838Z
collection,binder,Angelic Quartermaster,VOW,Innistrad: Crimson Vow,2,normal,uncommon,3,64169,41d81b88-c19b-4148-89ba-ae8fb53843e1,0.21,false,false,near_mint,en,USD,2026-07-29T18:30:43.840Z
collection,binder,Unholy Officiant,VOW,Innistrad: Crimson Vow,286,normal,common,5,64266,722b6cc7-16f2-43cd-bac6-42f5e7962d99,0.13,false,false,near_mint,en,USD,2026-07-29T18:30:43.842Z
collection,binder,Traveling Minister,VOW,Innistrad: Crimson Vow,39,normal,common,6,64449,e672a05c-5f1a-4aa6-9398-e33df01c7c96,0.17,false,false,near_mint,en,USD,2026-07-29T18:30:43.844Z
collection,binder,Traveling Minister,VOW,Innistrad: Crimson Vow,39,foil,common,1,64449,e672a05c-5f1a-4aa6-9398-e33df01c7c96,0.14,false,false,near_mint,en,USD,2026-07-29T18:30:43.846Z
collection,binder,Panicked Bystander // Cackling Culprit,VOW,Innistrad: Crimson Vow,28,foil,uncommon,1,64064,031c5cff-e579-432a-bcee-864b12eb0558,0.23,false,false,near_mint,en,USD,2026-07-29T18:30:43.847Z
collection,binder,Drogskol Infantry // Drogskol Armaments,VOW,Innistrad: Crimson Vow,10,foil,common,2,64483,f88e269e-ff3d-4775-8520-5b7a6dddf23d,0.11,false,false,near_mint,en,USD,2026-07-29T18:30:43.848Z
collection,binder,Parish-Blade Trainee,VOW,Innistrad: Crimson Vow,29,foil,common,1,64329,9845cdf2-e5ba-44a0-8136-72a1eb03a6a1,0.21,false,false,near_mint,en,USD,2026-07-29T18:30:43.849Z
collection,binder,Inspiring Overseer,FDN,Foundations,496,normal,common,1,101588,c3e9aa54-e5d5-4cbb-9d2a-263b9eba398f,0.18,false,false,near_mint,en,USD,2026-07-29T18:30:43.850Z
collection,binder,Cat Collector,FDN,Foundations,4,normal,uncommon,1,100507,526fe356-bff1-4211-9e88-bf913ac76b1d,0.25,false,false,near_mint,en,USD,2026-07-29T18:30:43.851Z
collection,binder,Squad Rallier,FDN,Foundations,24,normal,common,1,101534,65e1ee86-6f08-4aa0-bf63-ae12028ef080,0.08,false,false,near_mint,en,USD,2026-07-29T18:30:43.852Z
collection,binder,Helpful Hunter,FDN,Foundations,16,normal,common,1,97172,1b9a0e91-80b5-428f-8f08-931d0631be14,0.33,false,false,near_mint,en,USD,2026-07-29T18:30:43.853Z
collection,binder,Angel of Finality,FDN,Foundations,136,normal,uncommon,1,101057,baaabd52-3aa9-4e2f-9369-d4db8b405ba8,0.27,false,false,near_mint,en,USD,2026-07-29T18:30:43.855Z
collection,binder,Resolute Reinforcements,FDN,Foundations,145,normal,uncommon,2,100841,940f3989-77cc-49a9-92e0-095a75d80f0f,0.23,false,false,near_mint,en,USD,2026-07-29T18:30:43.856Z
collection,binder,Savannah Lions,FDN,Foundations,146,normal,uncommon,1,97184,9c9ac1bc-cdf3-4fa6-8319-a7ea164e9e47,0.21,false,false,near_mint,en,USD,2026-07-29T18:30:43.857Z
collection,binder,Felidar Savior,FDN,Foundations,12,normal,common,2,97191,cd092b14-d72f-4de0-8f19-1338661b9e3b,0.2,false,false,near_mint,en,USD,2026-07-29T18:30:43.858Z
collection,binder,Resolute Reinforcements,FDN,Foundations,145,foil,uncommon,1,100841,940f3989-77cc-49a9-92e0-095a75d80f0f,0.31,false,false,near_mint,en,USD,2026-07-29T18:30:43.860Z
collection,binder,Charming Prince,FDN,Foundations,568,normal,rare,1,100964,aa7b47e1-7e32-4f2f-aecf-bac7ca197081,0.34,false,false,near_mint,en,USD,2026-07-29T18:30:43.861Z
collection,binder,Angel of Vitality,FDN,Foundations,706,foil,uncommon,1,101094,c279947e-168f-4af5-902b-aba724f52b8a,0.28,false,false,near_mint,en,USD,2026-07-29T18:30:43.862Z
collection,binder,Mentor of the Meek,FDN,Foundations,578,normal,rare,1,100576,60790977-efd4-470a-823a-6929f84016e7,0.16,false,false,near_mint,en,USD,2026-07-29T18:30:43.863Z
collection,binder,Regal Caracal,FDN,Foundations,579,normal,rare,1,101032,b6310a82-73db-40cb-ae64-6f07f869024c,0.4,false,false,near_mint,en,USD,2026-07-29T18:30:43.864Z
collection,binder,Archway Angel,FDN,Foundations,566,normal,uncommon,1,100305,2c3ff489-bdd7-4aeb-8130-3c234d0dd3dd,0.14,false,false,near_mint,en,USD,2026-07-29T18:30:43.865Z
collection,binder,Ballyrush Banneret,FDN,Foundations,567,normal,common,1,101003,b18a7daa-a112-4728-9123-594366694915,0.13,false,false,near_mint,en,USD,2026-07-29T18:30:43.866Z
collection,binder,Crusader of Odric,FDN,Foundations,569,normal,common,1,100079,009029c2-26b9-498f-8765-e91c2e1f3aee,0.16,false,false,near_mint,en,USD,2026-07-29T18:30:43.867Z
collection,binder,Dawnwing Marshal,FDN,Foundations,570,normal,uncommon,1,100741,807db84f-addb-4ef0-b9ba-32b3e1bced3d,0.11,false,false,near_mint,en,USD,2026-07-29T18:30:43.868Z
collection,binder,Felidar Cub,FDN,Foundations,573,normal,common,1,100156,0d61d50b-7ab6-45a9-b207-31d87aa2e555,0.12,false,false,near_mint,en,USD,2026-07-29T18:30:43.869Z
collection,binder,Knight of Grace,FDN,Foundations,576,normal,uncommon,1,100487,4efb8633-0a70-4ddc-80af-42508ec75cff,0.13,false,false,near_mint,en,USD,2026-07-29T18:30:43.870Z
collection,binder,Angelic Sell-Sword,OTC,Outlaws of Thunder Junction Commander,10,normal,rare,1,93699,7581a319-8d15-4b67-a3d5-b90f1e99079b,0.46,false,false,near_mint,en,USD,2026-07-29T18:30:43.872Z
collection,binder,Tabaxi Toucaneers,CLB,Commander Legends: Battle for Baldur's Gate,46,normal,common,1,68991,43e38761-70e0-4f6e-a4c2-7c9a17557d25,0.2,false,false,near_mint,en,USD,2026-07-29T18:30:43.874Z
collection,binder,Karlov Watchdog,MKM,Murders at Karlov Manor,20,foil,uncommon,1,90983,79cfb366-ae2a-4b3d-9a80-383a32db1509,0.17,false,false,near_mint,en,USD,2026-07-29T18:30:43.876Z
collection,binder,Hammers of Moradin,CLB,Commander Legends: Battle for Baldur's Gate,25,normal,uncommon,2,69354,e7429a5b-5579-4c4e-89ff-ee7f43db37e4,0.36,false,false,near_mint,en,USD,2026-07-29T18:30:43.878Z
collection,binder,Gary Clone,PIP,Fallout,16,normal,uncommon,1,92550,a45346ac-54a9-4fda-bde7-92ff75ac34f7,0.31,false,false,near_mint,en,USD,2026-07-29T18:30:43.880Z
collection,binder,Blessed Hippogriff // Tyr's Blessing,CLB,Commander Legends: Battle for Baldur's Gate,11,normal,common,2,69240,b4590e53-ca8d-4896-a8cf-6af1e4bc456f,0.15,false,false,near_mint,en,USD,2026-07-29T18:30:43.881Z
collection,binder,Distracting Geist // Clever Distraction,VOW,Innistrad: Crimson Vow,9,normal,uncommon,2,64359,a7fc0939-6286-44de-a727-c83bfd3fa752,0.19,false,false,near_mint,en,USD,2026-07-29T18:30:43.882Z
collection,binder,Benalish Infantry,WTH,Weatherlight,8,normal,common,4,37289,e8472303-b8ee-402b-a9ea-49abe2e01152,0.19,false,false,near_mint,en,USD,2026-07-29T18:30:43.820Z
collection,binder,Militia Rallier,VOW,Innistrad: Crimson Vow,24,normal,common,5,64206,51b3ff40-3185-4369-985e-17613bb6ad22,0.08,false,false,near_mint,en,USD,2026-07-29T18:30:43.823Z
collection,binder,Gryffwing Cavalry,VOW,Innistrad: Crimson Vow,16,normal,uncommon,3,64273,792d5b41-27f3-455b-890e-a1771944fc7d,0.1,false,false,near_mint,en,USD,2026-07-29T18:30:43.825Z
collection,binder,Parish-Blade Trainee,VOW,Innistrad: Crimson Vow,29,normal,common,6,64329,9845cdf2-e5ba-44a0-8136-72a1eb03a6a1,0.21,false,false,near_mint,en,USD,2026-07-29T18:30:43.826Z
collection,binder,Heron of Hope,VOW,Innistrad: Crimson Vow,18,normal,common,5,64485,fa7e6933-5c64-4fcd-bb7f-740767a149cb,0.2,false,false,near_mint,en,USD,2026-07-29T18:30:43.827Z
collection,binder,Unholy Officiant,VOW,Innistrad: Crimson Vow,41,normal,common,5,64303,8a4c04a4-e68b-4d3d-89c8-29cdaaac36b2,0.12,false,false,near_mint,en,USD,2026-07-29T18:30:43.829Z
collection,binder,Ajani's Pridemate,FDN,Foundations,135,normal,uncommon,2,100255,222c1a68-e34c-4103-b1be-17d4ceaef6ce,0.29,false,false,near_mint,en,USD,2026-07-29T18:30:43.854Z
collection,binder,Hinterland Sanctifier,FDN,Foundations,730,normal,common,4,101532,632df69e-6377-43d0-bba5-65518a320aa5,0.26,false,false,near_mint,en,USD,2026-07-29T18:30:43.871Z
collection,binder,Ajani's Pridemate,FDN,Foundations,293,normal,uncommon,1,101180,d4cfb9bc-4273-4e5f-a7ac-2006a8345a4e,0.29,false,false,near_mint,en,USD,2026-07-29T18:32:16.924Z
collection,binder,Cemetery Protector,VOW,Innistrad: Crimson Vow,347,foil,mythic,1,64304,8aa2f823-d66d-42b0-ab3c-180b9a927cb1,1.89,false,false,near_mint,en,USD,2026-07-29T18:32:47.975Z
collection,binder,Thopter Architect,BRO,The Brothers' War,29,normal,uncommon,1,75497,61017325-cec0-46ac-aa32-5855e5904888,0.12,false,false,near_mint,en,USD,2026-07-29T18:39:12.246Z
collection,binder,Argivian Cavalier,DMU,Dominaria United,4,normal,common,1,71454,57746e72-ba9f-4717-a4a2-6c6a039080c3,0.13,false,false,near_mint,en,USD,2026-07-29T18:39:12.253Z
collection,binder,Wingmantle Chaplain,DMU,Dominaria United,39,normal,uncommon,1,71867,f5800f3d-b2e0-4c74-94bf-f29b27f82130,0.15,false,false,near_mint,en,USD,2026-07-29T18:39:12.254Z
collection,binder,Shalai's Acolyte,DMU,Dominaria United,33,normal,uncommon,1,71379,39996722-e7f2-41e4-aa1e-2b6778d7b535,0.19,false,false,near_mint,en,USD,2026-07-29T18:39:12.255Z
collection,binder,Keen-Eyed Raven,ACR,Assassin's Creed,279,normal,uncommon,3,95546,fda99319-9312-42c4-adc0-77b49768d014,0.14,false,false,near_mint,en,USD,2026-07-29T18:39:12.256Z
collection,binder,Nettle Guard,BLB,Bloomburrow,23,normal,common,1,95949,8c9c3cc3-2aa2-453e-a17c-2baeeaabe0a9,0.17,false,false,near_mint,en,USD,2026-07-29T18:39:12.258Z
collection,binder,Intrepid Rabbit,BLB,Bloomburrow,17,normal,common,2,96276,4d70b99d-c8bf-4a56-8957-cf587fe60b81,0.2,false,false,near_mint,en,USD,2026-07-29T18:39:12.260Z
collection,binder,Wax-Wane Witness,BLB,Bloomburrow,39,foil,common,1,95971,d90ea719-5320-46c6-a347-161853a14776,0.17,false,false,near_mint,en,USD,2026-07-29T18:39:12.264Z
collection,binder,Friendly Ghost,DSK,Duskmourn: House of Horror,12,normal,common,1,98792,20e0dba2-d15c-4d55-9b68-00648175e760,0.08,false,false,near_mint,en,USD,2026-07-29T18:39:12.265Z
collection,binder,Nettle Guard,BLB,Bloomburrow,23,foil,common,1,95949,8c9c3cc3-2aa2-453e-a17c-2baeeaabe0a9,0.24,false,false,near_mint,en,USD,2026-07-29T18:39:12.266Z
collection,binder,Possessed Goat,DSK,Duskmourn: House of Horror,25,normal,common,1,99350,cd02b8ff-ff65-4a38-b8fb-f8dd130edbf7,0.08,false,false,near_mint,en,USD,2026-07-29T18:39:12.267Z
collection,binder,Enduring Innocence,DSK,Duskmourn: House of Horror,6,normal,rare,1,98605,08f79439-b8f8-418f-9772-26d81844749e,3.56,false,false,near_mint,en,USD,2026-07-29T18:39:12.268Z
collection,binder,Savior of the Small,DSK,Duskmourn: House of Horror,27,normal,uncommon,1,98932,e2ed31ea-c278-4e8c-afa7-6d09af399345,0.14,false,false,near_mint,en,USD,2026-07-29T18:39:12.270Z
collection,binder,Acrobatic Cheerleader,DSK,Duskmourn: House of Horror,1,normal,common,1,98713,6f1a7590-3eee-4803-b192-d4fb771e6a86,0.04,false,false,near_mint,en,USD,2026-07-29T18:39:12.272Z
collection,binder,Distracting Geist // Clever Distraction,VOW,Innistrad: Crimson Vow,9,foil,uncommon,1,64359,a7fc0939-6286-44de-a727-c83bfd3fa752,0.1,false,false,near_mint,en,USD,2026-07-29T18:39:12.276Z
collection,binder,Dawnhart Geist,VOW,Innistrad: Crimson Vow,8,normal,uncommon,1,64346,a1d27617-2d3d-44a1-b93f-0694253b6774,0.12,false,false,near_mint,en,USD,2026-07-29T18:39:12.281Z
collection,binder,Fleeting Spirit,VOW,Innistrad: Crimson Vow,14,normal,uncommon,3,64433,db9d80f7-9742-4437-a9f4-6717a678f935,0.2,false,false,near_mint,en,USD,2026-07-29T18:39:12.283Z
collection,binder,Heron-Blessed Geist,VOW,Innistrad: Crimson Vow,19,foil,common,1,64293,83bacf4a-4e99-4008-97e4-3a82dddd4e45,0.02,false,false,near_mint,en,USD,2026-07-29T18:39:12.284Z
collection,binder,Panicked Bystander // Cackling Culprit,VOW,Innistrad: Crimson Vow,28,normal,uncommon,2,64064,031c5cff-e579-432a-bcee-864b12eb0558,0.12,false,false,near_mint,en,USD,2026-07-29T18:39:12.285Z
collection,binder,Voice of the Blessed,VOW,Innistrad: Crimson Vow,44,normal,rare,1,64345,a16c0871-3f40-4d5a-9d21-e7f944b64a65,2.38,false,false,near_mint,en,USD,2026-07-29T18:39:12.287Z
collection,binder,Hopeful Initiate,VOW,Innistrad: Crimson Vow,20,normal,rare,1,64460,ec1b3fd1-952a-4bc6-9b31-bd9bd13072f5,0.37,false,false,near_mint,en,USD,2026-07-29T18:39:12.289Z
collection,binder,Heron-Blessed Geist,VOW,Innistrad: Crimson Vow,19,normal,common,4,64293,83bacf4a-4e99-4008-97e4-3a82dddd4e45,0.07,false,false,near_mint,en,USD,2026-07-29T18:39:12.247Z
collection,binder,Drogskol Infantry // Drogskol Armaments,VOW,Innistrad: Crimson Vow,10,normal,common,5,64483,f88e269e-ff3d-4775-8520-5b7a6dddf23d,0.2,false,false,near_mint,en,USD,2026-07-29T18:39:12.250Z
collection,binder,Vampire Slayer,VOW,Innistrad: Crimson Vow,43,normal,common,4,64363,a8f6f03b-5a4e-4532-9c9e-24c75df2769f,0.1,false,false,near_mint,en,USD,2026-07-29T18:39:12.251Z
collection,binder,Thistledown Players,BLB,Bloomburrow,35,normal,common,2,95960,afa8d83f-8586-4127-8b55-9715e9547488,0.12,false,false,near_mint,en,USD,2026-07-29T18:39:12.261Z
collection,binder,Unsettling Twins,DSK,Duskmourn: House of Horror,38,normal,common,2,98865,85da2e65-4e22-48b6-98ad-6969684d69e1,0.14,false,false,near_mint,en,USD,2026-07-29T18:39:12.269Z
collection,binder,Nebelgast Beguiler,VOW,Innistrad: Crimson Vow,25,normal,common,3,64065,04c68dbd-e61b-49a7-aa17-da6b26c9fd29,0.07,false,false,near_mint,en,USD,2026-07-29T18:39:12.278Z
collection,binder,Ollenbock Escort,VOW,Innistrad: Crimson Vow,27,normal,uncommon,2,64477,f7a659bf-9d85-4011-980e-c3a8dc4513e9,0.19,false,false,near_mint,en,USD,2026-07-29T18:39:12.288Z
collection,binder,Empty-Shrine Kannushi,PLST,The List,BOK-2,normal,uncommon,1,98491,ebab8d4e-c43a-44c3-870c-2477c6691dc4,0.09,false,false,near_mint,en,USD,2026-07-29T18:47:06.544Z
collection,binder,Valorous Steed,PLST,The List,M21-42,normal,common,1,97388,19e8e7dd-4bbb-48a7-9427-f7557d670f74,0.08,false,false,near_mint,en,USD,2026-07-29T18:47:06.545Z
collection,binder,Goldnight Commander,PLST,The List,AVR-22,normal,uncommon,1,97573,3c87f4e1-73a0-458e-8941-22423bbfefc4,0.18,false,false,near_mint,en,USD,2026-07-29T18:47:06.546Z
collection,binder,Phyrexian Missionary,PLST,The List,DMU-27,normal,uncommon,1,97380,18e6aa5e-84df-4fb2-8a52-5065383445d5,0.11,false,false,near_mint,en,USD,2026-07-29T18:47:06.547Z
collection,binder,Azorius Herald,PLST,The List,GK2-2,normal,uncommon,1,97455,27231c97-4fec-4368-a140-cca2d6593e07,0.06,false,false,near_mint,en,USD,2026-07-29T18:47:06.548Z
collection,binder,Hand of Honor,PLST,The List,SOK-12,normal,uncommon,1,97348,11cf319c-b9f8-4c74-b3dd-eec39b38f765,0.17,false,false,near_mint,en,USD,2026-07-29T18:47:06.549Z
collection,binder,Militia Bugler,PLST,The List,2X2-19,normal,common,2,97913,7c6fe157-f0e6-4e00-bcbb-3f18795c22d4,0.13,false,false,near_mint,en,USD,2026-07-29T18:47:06.550Z
collection,binder,War Priest of Thune,PLST,The List,M11-38,normal,uncommon,1,98260,bbabbd02-3bae-43d8-9d53-9b9a4d76cb29,0.07,false,false,near_mint,en,USD,2026-07-29T18:47:06.551Z
collection,binder,Stonehorn Dignitary,PLST,The List,M12-37,normal,common,1,98065,98c157c4-2fc5-44ce-9cd7-c611edf439f8,0.28,false,false,near_mint,en,USD,2026-07-29T18:47:06.552Z
collection,binder,Silver Knight,PLST,The List,SCG-23,normal,uncommon,1,98562,fa8e5121-1a28-45f2-a0fc-5ded5fc3e871,0.26,false,false,near_mint,en,USD,2026-07-29T18:47:06.553Z
collection,binder,Flickerwisp,PLST,The List,EVE-6,normal,uncommon,1,97602,42de427f-d93f-42f3-9045-ced35031e871,0.22,false,false,near_mint,en,USD,2026-07-29T18:47:06.554Z
collection,binder,Moon-Blessed Cleric,PLST,The List,AFR-26,normal,uncommon,2,98529,f3821ab6-495b-4e07-83be-56851170c320,0.34,false,false,near_mint,en,USD,2026-07-29T18:47:06.555Z
collection,binder,Teferi's Honor Guard,PLST,The List,VIS-22,normal,uncommon,1,97547,38249837-5dac-4287-a18c-515b5cf87e52,0.1,false,false,near_mint,en,USD,2026-07-29T18:47:06.556Z
collection,binder,Steadfast Unicorn,PLST,The List,CLB-44,normal,common,1,97319,0cd10432-1df3-4cfb-809b-72e8d9b9c43b,0.12,false,false,near_mint,en,USD,2026-07-29T18:47:06.557Z
collection,binder,Brave-Kin Duo,BLB,Bloomburrow,3,normal,common,1,95824,b8dd4693-424d-4d6e-86cf-24401a23d6b1,0.17,false,false,near_mint,en,USD,2026-07-29T18:47:06.558Z
collection,binder,Porcelain Legionnaire,PLST,The List,NPH-19,normal,common,2,98125,a377ec34-2da6-420a-b35e-7f380a413dcf,0.08,false,false,near_mint,en,USD,2026-07-29T18:47:06.559Z
collection,binder,Clarion Spirit,PLST,The List,KHM-6,normal,uncommon,1,97697,55882138-83a2-4a0a-96b0-6d5150edc4e3,0.2,false,false,near_mint,en,USD,2026-07-29T18:47:06.560Z
collection,binder,Giver of Runes,MB2,Mystery Booster 2,147,normal,rare,1,96799,5adb3391-06cc-4fd2-9e72-a3500940b450,9.51,false,false,near_mint,en,USD,2026-07-29T18:47:06.561Z
collection,binder,Wakestone Gargoyle,PLST,The List,CNS-88,normal,uncommon,1,97662,4fc060fe-0c52-4348-b5e7-a0cb8234c6d5,0.08,false,false,near_mint,en,USD,2026-07-29T18:47:06.562Z
collection,binder,Speakeasy Server,SNC,Streets of New Capenna,32,normal,common,1,68044,e014d9d0-e6e1-4afb-b94f-b927a09b76c1,0.12,false,false,near_mint,en,USD,2026-07-29T18:47:06.563Z
collection,binder,Mothrider Patrol,NEO,Kamigawa: Neon Dynasty,30,normal,common,6,66845,f657f2dc-adc8-4a66-b081-a71b3a127389,0.28,false,false,near_mint,en,USD,2026-07-29T18:47:06.564Z
collection,binder,Oreskos Swiftclaw,M19,Core Set 2019,31,normal,common,1,1281,0ea1dfb4-1983-41f7-956c-f2a1d1489b54,0.24,false,false,near_mint,en,USD,2026-07-29T18:47:06.565Z
collection,binder,Twilight Panther,CLU,Ravnica: Clue Edition,78,normal,common,1,91176,c12b92f0-3cb8-4ab6-8f8d-6c47b2bbaa7e,0.14,false,false,near_mint,en,USD,2026-07-29T18:47:06.566Z
collection,binder,Oreskos Sun Guide,BNG,Born of the Gods,22,normal,common,1,14938,064435e7-20ea-4ba4-b039-a945afeeb5c6,0.2,false,false,near_mint,en,USD,2026-07-29T18:47:06.567Z
collection,binder,Crystal Dragon // Rob the Hoard,CLB,Commander Legends: Battle for Baldur's Gate,13,normal,uncommon,1,68964,384ec8b7-472e-4026-9632-349ab9df2b27,0.14,false,false,near_mint,en,USD,2026-07-29T18:47:06.568Z
collection,binder,Sterling Supplier,OTJ,Outlaws of Thunder Junction,33,normal,common,2,93314,b6000be7-67db-440e-87ba-276df20b803e,0.12,false,false,near_mint,en,USD,2026-07-29T18:47:06.569Z
collection,binder,Seven-Tail Mentor,NEO,Kamigawa: Neon Dynasty,313,normal,common,1,66509,267efff1-cbe6-40b0-959e-72b81cbda1d0,0.17,false,false,near_mint,en,USD,2026-07-29T18:47:06.570Z
collection,binder,Lion Sash,NEO,Kamigawa: Neon Dynasty,26,normal,rare,1,66354,3e1766e9-2fa7-4446-a255-7beea1467ece,2.44,false,false,near_mint,en,USD,2026-07-29T18:47:06.571Z
collection,binder,Kitsune Blademaster,PLST,The List,CHK-25,normal,common,2,97774,63546561-9980-4380-a7e6-4c85d7a35907,0.2,false,false,near_mint,en,USD,2026-07-29T18:47:06.572Z
collection,binder,Timeless Dragon,PLST,The List,MH2-35,normal,rare,2,98485,eac51e5f-6aa4-4021-ba1a-dc52a19c7289,0.22,false,false,near_mint,en,USD,2026-07-29T18:47:06.573Z
collection,binder,Hushbringer,PLST,The List,ELD-18,normal,rare,1,97507,31a76579-b5c9-49ca-a75c-be0f4b1ff69f,0.5,false,false,near_mint,en,USD,2026-07-29T18:47:06.574Z
collection,binder,Healer of the Pride,PLST,The List,M13-19,normal,uncommon,1,97423,224ff4ac-0f2e-4771-b551-18690f26bee2,0.23,false,false,near_mint,en,USD,2026-07-29T18:47:06.575Z
collection,binder,Golden-Tail Disciple,NEO,Kamigawa: Neon Dynasty,15,normal,common,5,66811,d631e7da-bd71-424a-a349-9bce0fd16b1f,0.16,false,false,near_mint,en,USD,2026-07-29T18:47:06.576Z
collection,binder,Pegasus Guardian // Rescue the Foal,PLST,The List,CLB-36,normal,common,1,98370,d32dcd09-8542-4135-8955-e29ee63e3589,0.13,false,false,near_mint,en,USD,2026-07-29T18:47:06.577Z
collection,binder,Warrior en-Kor,PLST,The List,STH-23,normal,uncommon,1,98313,c894192f-0594-4248-9925-952fe1ee16e1,0.28,false,false,near_mint,en,USD,2026-07-29T18:47:06.578Z
collection,binder,Discerning Financier,WOE,Wilds of Eldraine,10,normal,uncommon,1,85409,584774b5-640f-45e0-810b-f5faf119645b,0.29,false,false,near_mint,en,USD,2026-07-29T18:47:06.579Z
collection,binder,Ajani's Pridemate,CLU,Ravnica: Clue Edition,52,normal,uncommon,1,90681,1796b260-7053-4d68-9918-c7392e312d10,0.27,false,false,near_mint,en,USD,2026-07-29T18:47:06.580Z
collection,binder,Tax Collector,ACR,Assassin's Creed,9,normal,uncommon,2,95445,a300b5af-9223-4e97-9d33-a9226bd900f3,0.28,false,false,near_mint,en,USD,2026-07-29T18:47:06.581Z
collection,binder,Wax-Wane Witness,BLB,Bloomburrow,39,normal,common,1,95971,d90ea719-5320-46c6-a347-161853a14776,0.18,false,false,near_mint,en,USD,2026-07-29T18:47:06.582Z
collection,binder,Valley Questcaller,BLB,Bloomburrow,36,normal,rare,1,95826,ba629ca8-a368-4282-8a61-9bf6a5c217f0,0.7,false,false,near_mint,en,USD,2026-07-29T18:47:06.584Z
collection,binder,Templar Knight,ACR,Assassin's Creed,10,normal,uncommon,1,95342,3d5a1bec-9128-4c5e-98c3-317424f892d1,2.83,false,false,near_mint,en,USD,2026-07-29T18:47:06.585Z
collection,binder,Enduring Innocence,DSK,Duskmourn: House of Horror,6,foil,rare,1,98605,08f79439-b8f8-418f-9772-26d81844749e,5.83,false,false,near_mint,en,USD,2026-07-29T18:47:06.586Z
collection,binder,Fear of Surveillance,DSK,Duskmourn: House of Horror,11,normal,common,1,98839,6e98559d-d9fd-4bdf-8df9-389eee756a3a,0.15,false,false,near_mint,en,USD,2026-07-29T18:47:06.588Z
collection,binder,Warlord's Elite,BRO,The Brothers' War,32,foil,common,1,75310,1873cc9e-30b6-498e-b008-9d11a8bbf9b9,0.09,false,false,near_mint,en,USD,2026-07-29T18:47:06.591Z
collection,binder,Vanguard of the Rose,LCI,The Lost Caverns of Ixalan,42,normal,uncommon,2,88222,0200c504-9137-4bc2-9cd4-eaf0643a2855,0.14,false,false,near_mint,en,USD,2026-07-29T18:47:06.593Z
collection,binder,Escarpment Fortress,ACR,Assassin's Creed,278,normal,rare,1,95482,c11c9e60-fc14-48fe-bca9-b74f82301835,0.48,false,false,near_mint,en,USD,2026-07-29T18:47:06.596Z
collection,binder,Envoy of Okinec Ahau,LCI,The Lost Caverns of Ixalan,11,normal,common,3,88717,96de0741-9270-4118-bb8e-f3480c75a582,0.1,false,false,near_mint,en,USD,2026-07-29T18:47:06.583Z
collection,binder,Ironpaw Aspirant,LCI,The Lost Caverns of Ixalan,18,normal,common,2,89042,f70689a0-ac69-4052-84fc-9055e9e1c54b,0.19,false,false,near_mint,en,USD,2026-07-29T18:47:06.589Z
collection,binder,Settlement Blacksmith,ACR,Assassin's Creed,280,normal,uncommon,3,95329,301310b3-c031-4fd3-a47e-9645b6177329,0.14,false,false,near_mint,en,USD,2026-07-29T18:47:06.590Z
collection,binder,Welcoming Vampire,VOW,Innistrad: Crimson Vow,46,normal,rare,2,64428,d8f69cea-823c-482b-a605-8138b3d950e6,3.65,false,false,near_mint,en,USD,2026-07-29T18:52:56.038Z
collection,binder,Eagles of the North,LTR,The Lord of the Rings: Tales of Middle-earth,7,normal,common,1,83470,c1bd3bc0-77bd-40fe-b4f1-835a04cb6e41,0.33,false,false,near_mint,en,USD,2026-07-29T18:52:56.040Z
collection,binder,Swooping Protector,SNC,Streets of New Capenna,33,foil,uncommon,1,67862,8713498f-a467-4a11-9de2-53a1bbd0b18b,0.09,false,false,near_mint,en,USD,2026-07-29T18:52:56.041Z
collection,binder,Scouting Hawk,CLB,Commander Legends: Battle for Baldur's Gate,41,normal,common,1,69257,bce2209e-7a5c-4394-876c-e0f68cfba9ca,0.27,false,false,near_mint,en,USD,2026-07-29T18:52:56.042Z
collection,binder,Sky Crier,SNC,Streets of New Capenna,31,normal,common,1,67904,98e01fa9-9127-4250-94f1-39e71cc3c2bc,0.29,false,false,near_mint,en,USD,2026-07-29T18:52:56.043Z
collection,binder,Nurturing Pixie,OTJ,Outlaws of Thunder Junction,20,normal,uncommon,1,93046,0fe155f6-888b-41a0-a9a0-be7bea998718,0.3,false,false,near_mint,en,USD,2026-07-29T18:52:56.044Z
collection,binder,Aven Interrupter,OTJ,Outlaws of Thunder Junction,4,normal,rare,1,93360,d3ca43a4-d194-440f-8099-f1fa103a108d,3.24,false,false,near_mint,en,USD,2026-07-29T18:52:56.045Z
collection,binder,Eagle of the Watch,JOU,Journey into Nyx,9,normal,common,1,14640,dc4b6fb1-dc06-48f4-aae2-aa8bbb573548,0.13,false,false,near_mint,en,USD,2026-07-29T18:52:56.046Z
collection,binder,Sunblade Samurai,NEO,Kamigawa: Neon Dynasty,39,normal,common,5,66617,e6c577bb-5e21-4a3e-b0a7-713a4ff7dce6,0.12,false,false,near_mint,en,USD,2026-07-29T18:52:56.047Z
collection,binder,Selfless Samurai,NEO,Kamigawa: Neon Dynasty,35,foil,uncommon,1,66555,76c27ec5-5a9b-4080-9a53-00630335a915,0.34,false,false,near_mint,en,USD,2026-07-29T18:52:56.048Z
collection,binder,Supply-Line Cranes,JOU,Journey into Nyx,28,normal,common,1,14621,764bd86e-4156-4c58-9ce0-ca3dffbc7298,0.05,false,false,near_mint,en,USD,2026-07-29T18:52:56.069Z
collection,binder,Moon-Blessed Cleric,DSC,Duskmourn: House of Horror Commander,69,normal,uncommon,1,98952,0555e095-8c6f-4436-80fe-99b641fad2df,0.38,false,false,near_mint,en,USD,2026-07-29T18:52:56.070Z
collection,binder,Auramancer,DSC,Duskmourn: House of Horror Commander,97,normal,common,1,99355,d0957032-6d98-4cac-889b-890e9bfe1f86,0.29,false,false,near_mint,en,USD,2026-07-29T18:52:56.071Z
collection,binder,Soaring Lightbringer,DSC,Duskmourn: House of Horror Commander,11,normal,rare,1,99020,fc7895bf-a5fe-45bd-bc57-c4abe0703900,0.73,false,false,near_mint,en,USD,2026-07-29T18:52:56.072Z
collection,binder,Mesa Enchantress,DSC,Duskmourn: House of Horror Commander,68,normal,rare,1,99004,c4f9e9fc-8b89-40ee-9b20-10e4a23e6333,1.08,false,false,near_mint,en,USD,2026-07-29T18:52:56.073Z
collection,binder,Verge Rangers,DSC,Duskmourn: House of Horror Commander,108,normal,rare,1,99337,c63a5253-b3b7-48d0-8c2c-700fbd0e4c3f,0.29,false,false,near_mint,en,USD,2026-07-29T18:52:56.074Z
collection,binder,Starfield Mystic,DSC,Duskmourn: House of Horror Commander,105,normal,rare,1,99053,111bc4a3-5318-4c85-b5d4-d85242bff05f,0.36,false,false,near_mint,en,USD,2026-07-29T18:52:56.075Z
collection,binder,Ondu Spiritdancer,DSC,Duskmourn: House of Horror Commander,101,normal,rare,1,99398,ee1c6432-54d7-4b57-a554-f7194d74e03c,12.45,false,false,near_mint,en,USD,2026-07-29T18:52:56.076Z
collection,binder,Hotshot Mechanic,NEO,Kamigawa: Neon Dynasty,16,normal,uncommon,4,66373,5a70e8fa-b71d-441e-b049-dacb09a9a7af,0.13,false,false,near_mint,en,USD,2026-07-29T18:52:56.049Z
collection,binder,Selfless Samurai,NEO,Kamigawa: Neon Dynasty,35,normal,uncommon,3,66555,76c27ec5-5a9b-4080-9a53-00630335a915,0.34,false,false,near_mint,en,USD,2026-07-29T18:52:56.050Z
collection,binder,Blade-Blizzard Kitsune,NEO,Kamigawa: Neon Dynasty,5,normal,uncommon,4,66815,d8419d27-8c6e-4f38-98b4-60dd9a910c43,0.19,false,false,near_mint,en,USD,2026-07-29T18:52:56.056Z
collection,binder,Kitsune Ace,NEO,Kamigawa: Neon Dynasty,22,normal,common,6,66838,ef1d446a-8607-45b8-a01f-dad17bab76e7,0.26,false,false,near_mint,en,USD,2026-07-29T18:52:56.057Z
collection,binder,Seven-Tail Mentor,NEO,Kamigawa: Neon Dynasty,36,normal,common,3,66582,9d77d1e6-c804-46f7-ba00-6df6bca2ae08,0.19,false,false,near_mint,en,USD,2026-07-29T18:52:56.058Z
collection,binder,Cathar Commando,MB2,Mystery Booster 2,5,normal,common,1,96622,04661413-9bb4-4500-8855-2e9a3bbf1c29,0.18,false,false,near_mint,en,USD,2026-07-29T19:02:05.646Z
collection,binder,Containment Priest,MB2,Mystery Booster 2,7,normal,rare,1,96732,384e5164-9012-41e0-998a-dbdad486b4a1,0.3,false,false,near_mint,en,USD,2026-07-29T19:02:05.647Z
collection,binder,Fortress Kin-Guard,TDM,Tarkir: Dragonstorm,12,normal,common,1,104900,b647a018-1d70-43a1-a265-928bcd863689,0.14,false,false,near_mint,en,USD,2026-07-29T19:02:05.650Z
collection,binder,Poised Practitioner,TDM,Tarkir: Dragonstorm,18,normal,common,1,105160,bb25366d-a647-4c5e-bcc7-7e54659aacbd,0.09,false,false,near_mint,en,USD,2026-07-29T19:02:05.651Z
collection,binder,Loxodon Battle Priest,TDM,Tarkir: Dragonstorm,15,normal,uncommon,1,104861,a527cdb0-f54a-4b53-83a0-6b3e8cafa45e,0.16,false,false,near_mint,en,USD,2026-07-29T19:02:05.652Z
collection,binder,Dalkovan Packbeasts,TDM,Tarkir: Dragonstorm,7,normal,uncommon,1,104631,4df7b253-6107-47d6-b650-cb4d3e0aec6b,0.32,false,false,near_mint,en,USD,2026-07-29T19:02:05.654Z
collection,binder,Riling Dawnbreaker // Signaling Roar,TDM,Tarkir: Dragonstorm,21,normal,common,2,104532,312f7072-3bf8-449f-bfb7-93727ef26c66,0.11,false,false,near_mint,en,USD,2026-07-29T19:02:05.657Z
collection,binder,Wayspeaker Bodyguard,TDM,Tarkir: Dragonstorm,34,normal,uncommon,1,104676,5e5b2324-69fe-4105-b6f8-14dfbe359d59,0.09,false,false,near_mint,en,USD,2026-07-29T19:02:05.658Z
collection,binder,Fortress Kin-Guard,TDM,Tarkir: Dragonstorm,12,foil,common,2,104900,b647a018-1d70-43a1-a265-928bcd863689,0.18,false,false,near_mint,en,USD,2026-07-29T19:02:05.661Z
collection,binder,Starry-Eyed Skyrider,TDM,Tarkir: Dragonstorm,25,normal,uncommon,1,104624,4b3cc15e-1c82-454e-b541-4ab47c44814e,0.2,false,false,near_mint,en,USD,2026-07-29T19:02:05.663Z
collection,binder,White Orchid Phantom,MH3,Modern Horizons 3,47,normal,rare,1,94443,4f8d885c-5b57-457f-a658-fd0b79cf98cc,0.33,false,false,near_mint,en,USD,2026-07-29T19:02:05.664Z
collection,binder,Sentry Bot,PIP,Fallout,24,normal,rare,1,92594,b16b0143-3511-4f79-bdb1-1ff7af55f051,0.3,false,false,near_mint,en,USD,2026-07-29T19:02:05.666Z
collection,binder,Brotherhood Scribe,PIP,Fallout,13,normal,rare,1,92612,b751250e-ebf2-42b1-9a45-779b39974ba7,0.35,false,false,near_mint,en,USD,2026-07-29T19:02:05.668Z
collection,binder,Aerie Auxiliary,MH3,Modern Horizons 3,18,normal,common,1,94859,5e4c134b-a416-467e-a158-def84c92c6af,0.15,false,false,near_mint,en,USD,2026-07-29T19:02:05.670Z
collection,binder,Blade-Blizzard Kitsune,NEO,Kamigawa: Neon Dynasty,331,normal,uncommon,2,66704,53d244d4-c2c4-4032-b249-794556d79429,0.18,false,false,near_mint,en,USD,2026-07-29T19:02:05.672Z
collection,binder,Coalition Skyknight,DMU,Dominaria United,14,normal,uncommon,1,71595,8b12da45-aff4-406d-83a3-39ecaff6ff56,0.08,false,false,near_mint,en,USD,2026-07-29T19:02:05.673Z
collection,binder,Elite Scaleguard,PLST,The List,CM2-27,normal,uncommon,1,97637,4acacc21-3613-40eb-85e4-b93b2807d73b,0.09,false,false,near_mint,en,USD,2026-07-29T19:02:05.674Z
collection,binder,Nomads en-Kor,MB2,Mystery Booster 2,149,normal,common,2,96872,8175c3fd-adc1-45f6-9767-0b76bb6332af,0.74,false,false,near_mint,en,USD,2026-07-29T19:02:05.675Z
collection,binder,Consul's Lieutenant,PLST,The List,ORI-11,normal,uncommon,2,98265,bd8902c5-e058-41d4-a825-e5021c9ba106,0.09,false,false,near_mint,en,USD,2026-07-29T19:02:05.676Z
collection,binder,Aerial Responder,PLST,The List,KLD-2,normal,uncommon,1,104099,b31adac8-9be2-426a-9be4-ef04265361d3,0.1,false,false,near_mint,en,USD,2026-07-29T19:02:05.677Z
collection,binder,Raffine's Informant,PLST,The List,SNC-26,normal,common,1,98130,a3f38146-8c71-4daf-bb13-a2d08b1eb99b,0.23,false,false,near_mint,en,USD,2026-07-29T19:02:05.678Z
collection,binder,Sword-Swallowing Seraph,UNF,Unfinity,30,normal,uncommon,3,72648,105f7d98-5288-4867-b081-c0541e5d75cc,0.11,false,false,near_mint,en,USD,2026-07-29T19:02:05.680Z
collection,binder,Azorius Arrester,CLU,Ravnica: Clue Edition,54,normal,common,1,91199,c737cd7a-e1ef-4a74-9e85-b56ea06b05d7,0.12,false,false,near_mint,en,USD,2026-07-29T19:02:05.684Z
collection,binder,Stoneforge Acolyte,OGW,Oath of the Gatewatch,38,normal,uncommon,1,9344,a5b1ec11-48c3-49d8-9dcd-1da5ffaf9184,0.1,false,false,near_mint,en,USD,2026-07-29T19:02:05.686Z
collection,binder,Extraction Specialist,SNC,Streets of New Capenna,12,normal,rare,1,67957,b404d6c7-0b65-4c6a-b141-9dffbeb120db,0.33,false,false,near_mint,en,USD,2026-07-29T19:02:05.688Z
collection,binder,Sterling Keykeeper,OTJ,Outlaws of Thunder Junction,32,normal,common,1,93026,019d539f-04c2-43f1-8677-6d6fbb0e94f7,0.08,false,false,near_mint,en,USD,2026-07-29T19:02:05.689Z
collection,binder,Omenport Vigilante,OTJ,Outlaws of Thunder Junction,21,normal,uncommon,1,93233,7ecd8b6f-b9aa-466a-909c-3209beef8244,0.13,false,false,near_mint,en,USD,2026-07-29T19:02:05.690Z
collection,binder,Beckoning Will-o'-Wisp,CLB,Commander Legends: Battle for Baldur's Gate,10,normal,uncommon,1,69331,dc02d647-b95b-4442-a924-64a4c94a4e8d,0.19,false,false,near_mint,en,USD,2026-07-29T19:02:05.695Z
collection,binder,Holy Cow,OTJ,Outlaws of Thunder Junction,16,normal,common,1,93261,90de84c9-941b-4056-8501-ce8a948b9643,0.2,false,false,near_mint,en,USD,2026-07-29T19:02:05.696Z
collection,binder,Inventive Wingsmith,OTJ,Outlaws of Thunder Junction,17,normal,common,2,93316,b6b36bb3-dacc-44f6-adcd-2c2d65513d8c,0.04,false,false,near_mint,en,USD,2026-07-29T19:02:05.697Z
collection,binder,Stagecoach Security,OTJ,Outlaws of Thunder Junction,30,normal,common,1,93086,21301998-b3e6-4f3d-89f4-5e17aeb79a1e,0.05,false,false,near_mint,en,USD,2026-07-29T19:02:05.698Z
collection,binder,Dragonback Lancer,TDM,Tarkir: Dragonstorm,9,normal,common,2,104235,0200a8c5-3293-48d0-a523-ba148680f588,0.19,false,false,near_mint,en,USD,2026-07-29T19:02:05.653Z
collection,binder,Salt Road Packbeast,TDM,Tarkir: Dragonstorm,23,normal,common,2,104327,98d548c9-42bc-4155-8211-0aea801c3724,0.18,false,false,near_mint,en,USD,2026-07-29T19:02:05.655Z
collection,binder,Voice of Victory,TDM,Tarkir: Dragonstorm,33,normal,rare,2,104377,ec3de5f4-bb55-4ab9-995f-f3e0dc22c1bb,16.92,false,false,near_mint,en,USD,2026-07-29T19:02:05.656Z
collection,binder,Solstice Zealot,MH3,Modern Horizons 3,43,normal,common,2,94893,f10539e3-d4bc-4f71-a00f-8e94bb97509d,0.15,false,false,near_mint,en,USD,2026-07-29T19:02:05.665Z
collection,binder,Metastatic Evangel,MH3,Modern Horizons 3,35,normal,uncommon,2,94506,774e115a-c0dc-4901-9a1f-87754304e378,0.38,false,false,near_mint,en,USD,2026-07-29T19:02:05.669Z
collection,binder,Inspiring Overseer,SNC,Streets of New Capenna,18,normal,common,2,67694,35d9da1d-8678-4252-b0f8-9960795642f0,0.35,false,false,near_mint,en,USD,2026-07-29T19:02:05.685Z
collection,binder,Kor Scythemaster,OGW,Oath of the Gatewatch,23,normal,common,1,9359,5ce587ba-f23a-4548-a5b8-fca54984d4b4,0.07,false,false,near_mint,en,USD,2026-07-29T23:06:54.912Z
collection,binder,Syndic of Tithes,CLU,Ravnica: Clue Edition,74,normal,common,1,90932,6888f69d-3424-414a-96c2-13851e2e85a4,0.17,false,false,near_mint,en,USD,2026-07-29T23:06:54.913Z
collection,binder,Roving Harper,CLB,Commander Legends: Battle for Baldur's Gate,40,normal,common,2,69283,c6b0ed9c-9a99-4a50-80a9-396420a8dcf9,0.17,false,false,near_mint,en,USD,2026-07-29T23:06:54.914Z
collection,binder,Dawnbringer Cleric,CLB,Commander Legends: Battle for Baldur's Gate,15,normal,common,1,68903,201f06ef-c180-4ce3-afaf-bec3b14c0222,0.29,false,false,near_mint,en,USD,2026-07-29T23:06:54.915Z
collection,binder,War Screecher,CLU,Ravnica: Clue Edition,80,normal,common,1,91126,af3944a2-4736-4d62-b25d-61178af721c4,0.15,false,false,near_mint,en,USD,2026-07-29T23:06:54.921Z
collection,binder,Syndicate Messenger,CLU,Ravnica: Clue Edition,75,normal,common,1,90928,672b88fa-250b-4f8f-878e-ce3446c92ea9,0.07,false,false,near_mint,en,USD,2026-07-29T23:06:54.923Z
collection,binder,Stalwarts of Osgiliath,LTR,The Lord of the Rings: Tales of Middle-earth,33,normal,common,2,82955,2acb8240-8e0e-4adf-a884-4986c116e704,0.12,false,false,near_mint,en,USD,2026-07-29T23:06:54.954Z
collection,binder,Errand-Rider of Gondor,LTR,The Lord of the Rings: Tales of Middle-earth,11,normal,common,1,83534,d3f990e7-54a3-4893-8510-645b2065447b,0.17,false,false,near_mint,en,USD,2026-07-29T23:06:54.955Z
collection,binder,Angelic Observer,SNC,Streets of New Capenna,1,normal,uncommon,1,68058,e6cce4d3-e6d8-4c6f-9d9c-c0a8a607a42f,0.13,false,false,near_mint,en,USD,2026-07-29T23:06:54.958Z
collection,binder,Protective Parents,WOE,Wilds of Eldraine,24,normal,common,1,85467,68cc9653-80ef-4606-a0ec-6d4228fdb118,0.06,false,false,near_mint,en,USD,2026-07-29T23:06:54.964Z
collection,binder,Armory Mice,WOE,Wilds of Eldraine,3,normal,common,1,85381,4b041949-6fb6-40a6-9329-f209be537219,0.29,false,false,near_mint,en,USD,2026-07-29T23:06:54.965Z
collection,binder,Spellbook Vendor,WOE,Wilds of Eldraine,31,normal,rare,1,85384,4ceac5b5-05eb-4f00-9477-3db490be24dd,0.5,false,false,near_mint,en,USD,2026-07-29T23:06:54.966Z
collection,binder,Cheeky House-Mouse // Squeak By,WOE,Wilds of Eldraine,7,normal,uncommon,1,85292,1f3013bf-9647-4bdb-a638-d299ae00f88e,0.33,false,false,near_mint,en,USD,2026-07-29T23:06:54.967Z
collection,binder,Guardian Naga // Banishing Coils,CLB,Commander Legends: Battle for Baldur's Gate,23,foil,common,1,68879,18da890e-0f8d-41e9-a29f-24cb5393c464,0.27,false,false,near_mint,en,USD,2026-07-29T23:06:54.968Z
collection,binder,Pegasus Guardian // Rescue the Foal,CLB,Commander Legends: Battle for Baldur's Gate,36,normal,common,1,68899,1d958ec3-1ddc-4622-9089-cbe5b3b47c90,0.19,false,false,near_mint,en,USD,2026-07-29T23:06:54.969Z
collection,binder,Flaming Fist Officer,CLB,Commander Legends: Battle for Baldur's Gate,19,normal,common,2,69176,98722a04-0674-4083-b6f5-51bb88a99814,0.18,false,false,near_mint,en,USD,2026-07-29T23:06:54.970Z
collection,binder,Prosperity Tycoon,OTJ,Outlaws of Thunder Junction,25,normal,uncommon,1,93431,f87824f3-aa9f-4d3d-99f7-0fbca43d8a51,0.1,false,false,near_mint,en,USD,2026-07-29T23:06:54.971Z
collection,binder,Nyxborn Shieldmate,BNG,Born of the Gods,21,normal,common,1,14939,64204816-6e1d-4bf8-acd0-8f83ca7eb8c7,0.2,false,false,near_mint,en,USD,2026-07-29T23:06:54.972Z
collection,binder,Oreskos Swiftclaw,M15,Magic 2015,22,normal,common,1,13830,2d32e198-8ddd-44bc-be57-17e1ff72d666,0.06,false,false,near_mint,en,USD,2026-07-29T23:06:54.982Z
collection,binder,Swooping Protector,SNC,Streets of New Capenna,33,normal,uncommon,1,67862,8713498f-a467-4a11-9de2-53a1bbd0b18b,0.11,false,false,near_mint,en,USD,2026-07-29T23:06:54.983Z
collection,binder,Tuinvale Guide,WOE,Wilds of Eldraine,36,normal,common,1,85220,01334fed-781e-4864-83fd-d37f787a778b,0.03,false,false,near_mint,en,USD,2026-07-29T23:06:54.984Z
collection,binder,Ajani's Pridemate,M15,Magic 2015,2,normal,uncommon,1,13850,e411cacd-910b-4eda-8f67-03b426c94ebe,0.18,false,false,near_mint,en,USD,2026-07-29T23:06:54.985Z
collection,binder,Rosecot Knight,MH3,Modern Horizons 3,42,normal,common,1,94874,9ae7df20-1ccf-459b-b81c-ab8763c77ccf,0.15,false,false,near_mint,en,USD,2026-07-29T23:06:54.986Z
collection,binder,_____ Bird Gets the Worm,UNF,Unfinity,5,normal,common,4,73151,6e86e72f-4c12-443a-adf7-f733945a6317,0.04,false,false,near_mint,en,USD,2026-07-29T23:06:54.917Z
collection,binder,Spirited Companion,NEO,Kamigawa: Neon Dynasty,38,normal,common,6,66375,5aa91a9e-2fe2-43bc-aa9c-cfb8a71829ff,0.37,false,false,near_mint,en,USD,2026-07-29T23:06:54.925Z
collection,binder,Imperial Subduer,NEO,Kamigawa: Neon Dynasty,310,normal,common,4,66356,41e7420e-55d0-4f4b-84bb-e5b86616cbb3,0.13,false,false,near_mint,en,USD,2026-07-29T23:06:54.926Z
collection,binder,Eiganjo Exemplar,NEO,Kamigawa: Neon Dynasty,10,normal,common,4,66680,3b0a9cc0-bb6d-47f7-b0d5-3956c46a1b3a,0.28,false,false,near_mint,en,USD,2026-07-29T23:06:54.927Z
collection,binder,Imperial Subduer,NEO,Kamigawa: Neon Dynasty,19,normal,common,4,66327,13246172-7554-4edc-b6db-23dc91e4290a,0.29,false,false,near_mint,en,USD,2026-07-29T23:06:54.928Z
collection,binder,Eiganjo Exemplar,NEO,Kamigawa: Neon Dynasty,309,normal,common,4,66724,6c85917c-60ea-44d3-8483-fa639564e881,0.2,false,false,near_mint,en,USD,2026-07-29T23:06:54.929Z
collection,binder,Sky-Blessed Samurai,NEO,Kamigawa: Neon Dynasty,37,normal,uncommon,3,66604,c9c7ba6f-c58e-4347-92e4-51ae8f2d5a88,0.25,false,false,near_mint,en,USD,2026-07-29T23:06:54.935Z
collection,binder,Armored Armadillo,OTJ,Outlaws of Thunder Junction,3,foil,common,1,93094,263232df-69b8-4205-93ad-c724fe57ec11,0.28,false,false,near_mint,en,USD,2026-07-29T23:13:39.984Z
collection,binder,Warden of the Beyond,M15,Magic 2015,42,normal,uncommon,1,13810,d0a7406c-8c49-4ef6-a349-902833ea8ec5,0.07,false,false,near_mint,en,USD,2026-07-29T23:13:39.988Z
collection,binder,Loyal Pegasus,BNG,Born of the Gods,19,normal,common,1,14941,e6b29f36-e84d-402e-9ab7-935fd2e7532d,0.17,false,false,near_mint,en,USD,2026-07-29T23:13:39.989Z
collection,binder,Perimeter Enforcer,MKM,Murders at Karlov Manor,31,normal,uncommon,1,90702,1f88d077-5082-4a67-91e4-97aafb9a5e91,0.07,false,false,near_mint,en,USD,2026-07-29T23:13:39.991Z
collection,binder,Sword-Swallowing Seraph,UNF,Unfinity,30,foil,uncommon,1,72648,105f7d98-5288-4867-b081-c0541e5d75cc,0.17,false,false,near_mint,en,USD,2026-07-29T23:13:39.992Z
collection,binder,Complaints Clerk,UNF,Unfinity,7,normal,uncommon,2,73262,c733e915-aead-4f82-92d0-37eabbfd0017,0.1,false,false,near_mint,en,USD,2026-07-29T23:13:39.994Z
collection,binder,Steadfast Unicorn,CLB,Commander Legends: Battle for Baldur's Gate,44,normal,common,1,68862,13762890-6c5e-44e4-9bd8-998bd054db20,0.15,false,false,near_mint,en,USD,2026-07-29T23:13:39.997Z
collection,binder,Omenport Vigilante,OTJ,Outlaws of Thunder Junction,21,foil,uncommon,1,93233,7ecd8b6f-b9aa-466a-909c-3209beef8244,0.09,false,false,near_mint,en,USD,2026-07-29T23:13:40.002Z
collection,binder,Bane's Invoker,CLB,Commander Legends: Battle for Baldur's Gate,7,foil,common,1,68908,2164a728-131f-41ce-9346-8036c86543e2,0.19,false,false,near_mint,en,USD,2026-07-29T23:13:40.003Z
collection,binder,Palace Sentinels,CMR,Commander Legends,36,normal,common,1,56065,4fd0e9a0-f974-412a-aba1-c4fb68351149,0.17,false,false,near_mint,en,USD,2026-07-29T23:13:40.006Z
collection,binder,Shepherd of the Clouds,OTJ,Outlaws of Thunder Junction,28,normal,uncommon,1,93334,c2245f36-2138-4f01-9b70-151137a5ac59,0.21,false,false,near_mint,en,USD,2026-07-29T23:13:40.007Z
collection,binder,Prairie Dog,OTJ,Outlaws of Thunder Junction,24,normal,uncommon,1,93121,37302b5d-e528-4baa-947a-c859e4ddcff9,0.2,false,false,near_mint,en,USD,2026-07-29T23:13:40.010Z
collection,binder,Westfold Rider,LTR,The Lord of the Rings: Tales of Middle-earth,37,foil,common,1,83187,71ed2e4b-c732-472a-a589-f1f53086d9ee,0.29,false,false,near_mint,en,USD,2026-07-29T23:13:40.018Z
collection,binder,Eastfarthing Farmer,LTR,The Lord of the Rings: Tales of Middle-earth,8,foil,common,1,82944,26bb65ba-d605-4b79-a700-4a08ec5a90b4,0.23,false,false,near_mint,en,USD,2026-07-29T23:13:40.019Z
collection,binder,Novice Inspector,MKM,Murders at Karlov Manor,29,normal,common,1,90643,0ad38866-fc5f-4f62-89c1-afc0f50765aa,0.22,false,false,near_mint,en,USD,2026-07-29T23:13:40.020Z
collection,binder,Kinsbaile Skirmisher,M15,Magic 2015,16,normal,common,1,13836,ff0c73b7-a242-4fca-ab96-194750c984a7,0.12,false,false,near_mint,en,USD,2026-07-29T23:13:40.024Z
collection,binder,Gathering Throng,SNC,Streets of New Capenna,13,normal,common,1,67659,290347b9-d3cc-4882-8da6-9d8b8677f276,0.03,false,false,near_mint,en,USD,2026-07-29T23:13:40.028Z
collection,binder,Backup Agent,SNC,Streets of New Capenna,2,normal,common,1,67662,2a46af75-3880-4141-b26e-19834d67e7a8,0.17,false,false,near_mint,en,USD,2026-07-29T23:13:40.029Z
collection,binder,Rumor Gatherer,SNC,Streets of New Capenna,29,normal,uncommon,1,68087,f8b87807-cac5-4e33-a8ed-a9ced0cd83a1,0.72,false,false,near_mint,en,USD,2026-07-29T23:13:40.030Z
collection,binder,Brotherhood Outcast,PIP,Fallout,12,normal,uncommon,1,92224,5e96e656-7146-420d-aaae-3aedd773eea2,0.33,false,false,near_mint,en,USD,2026-07-29T23:13:40.033Z
collection,binder,Puresteel Paladin,PIP,Fallout,170,normal,rare,1,92311,73e496f4-ec53-4e3c-a27d-5c1b5a54a642,0.98,false,false,near_mint,en,USD,2026-07-29T23:13:40.034Z
collection,binder,Monk of the Open Hand,AFR,Adventures in the Forgotten Realms,25,normal,uncommon,1,60459,d934765f-f490-4e8d-843d-b2b559ee0418,0.27,false,false,near_mint,en,USD,2026-07-29T23:13:40.035Z
collection,binder,Savior of the Sleeping,WOE,Wilds of Eldraine,28,normal,common,1,85514,7b4979d9-fafb-4e0e-868f-f4772109d7a7,0.11,false,false,near_mint,en,USD,2026-07-29T23:13:40.037Z
collection,binder,Angel of Vitality,CLU,Ravnica: Clue Edition,53,normal,uncommon,1,90723,2525d613-c037-4170-9b07-da6f6d9440bc,0.4,false,false,near_mint,en,USD,2026-07-29T23:13:40.040Z
collection,binder,Impassioned Orator,PIP,Fallout,162,normal,common,1,92194,574c3028-c942-4257-a825-c25318915593,0.36,false,false,near_mint,en,USD,2026-07-29T23:13:40.041Z
collection,binder,Claim Jumper,OTJ,Outlaws of Thunder Junction,8,normal,rare,1,93191,654ade6b-0369-4b90-a744-2f57a45b04f4,0.62,false,false,near_mint,en,USD,2026-07-29T23:13:40.042Z
collection,binder,Silverflame Squire // On Alert,ELD,Throne of Eldraine,31,normal,common,1,46307,7bd105f3-fa33-4490-aea9-b47ca121b664,0.16,false,false,near_mint,en,USD,2026-07-29T23:13:40.043Z
collection,binder,Selesnya Sentry,RTR,Return to Ravnica,21,normal,common,1,17401,9c34c1f5-d509-4c66-ba41-c7958ef5ee44,0.09,false,false,near_mint,en,USD,2026-07-29T23:13:40.044Z
collection,binder,Seraph of Dawn,CMR,Commander Legends,44,normal,common,1,56089,64bf33ea-2d2d-476d-ab1d-fba204fd034b,0.22,false,false,near_mint,en,USD,2026-07-29T23:13:40.045Z
collection,binder,Keeper of the Accord,PIP,Fallout,164,normal,rare,1,92051,367dad7f-774a-47c2-892b-b3952dbed683,0.49,false,false,near_mint,en,USD,2026-07-29T23:13:40.048Z
collection,binder,Captain of the Watch,PIP,Fallout,157,normal,rare,1,92469,936e77d4-ab74-4123-9225-879493e5ad79,0.37,false,false,near_mint,en,USD,2026-07-29T23:13:40.049Z
collection,binder,Razorfoot Griffin,M15,Magic 2015,27,normal,common,1,13825,662d812f-4936-48e4-acbe-abccf9ab21c7,0.07,false,false,near_mint,en,USD,2026-07-29T23:13:40.050Z
collection,binder,Dauntless River Marshal,M15,Magic 2015,8,normal,uncommon,1,13844,efedfd1e-5073-47e2-9137-5f2bf4e436e3,0.17,false,false,near_mint,en,USD,2026-07-29T23:13:40.051Z
collection,binder,Armored Armadillo,OTJ,Outlaws of Thunder Junction,3,normal,common,3,93094,263232df-69b8-4205-93ad-c724fe57ec11,0.26,false,false,near_mint,en,USD,2026-07-29T23:13:40.001Z
collection,binder,Githzerai Monk,CLB,Commander Legends: Battle for Baldur's Gate,20,normal,uncommon,2,68990,43a088ea-c397-4bdd-8779-59561ff73ec2,0.33,false,false,near_mint,en,USD,2026-07-29T23:13:40.004Z
collection,binder,Celebrity Fencer,SNC,Streets of New Capenna,7,normal,common,2,67776,5afb5c5c-06e0-4b11-ad07-aef7be6e2cd4,0.19,false,false,near_mint,en,USD,2026-07-29T23:13:40.012Z
collection,binder,Protector of Gondor,LTR,The Lord of the Rings: Tales of Middle-earth,25,normal,common,2,83256,85708748-40ca-4066-a287-7a6a189ff3df,0.15,false,false,near_mint,en,USD,2026-07-29T23:13:40.017Z
collection,binder,Dapper Shieldmate,SNC,Streets of New Capenna,9,normal,common,2,68025,d6ce9c33-4ab3-43c9-b6bc-ee2d40d8f9b6,0.03,false,false,near_mint,en,USD,2026-07-29T23:13:40.025Z
collection,binder,Zhalfirin Knight,MIR,Mirage,50,normal,common,1,38540,eb65d104-bd50-481e-a70e-62aeb2f2c12b,0.11,false,false,near_mint,en,USD,2026-07-29T23:17:54.820Z
collection,binder,Icatian Scout,FEM,Fallen Empires,13d,normal,common,1,40356,db63ad7f-6dc4-4249-b360-46ec5569a5a9,0.15,false,false,near_mint,en,USD,2026-07-29T23:17:54.822Z
collection,binder,Icatian Scout,FEM,Fallen Empires,13b,normal,common,1,40358,e9db3442-01cb-4db2-ac33-8eca6880c315,0.13,false,false,near_mint,en,USD,2026-07-29T23:17:54.828Z
collection,binder,Benevolent Unicorn,MIR,Mirage,4,normal,common,1,38586,2a243bd7-af98-4e44-af6e-3b0b71d4837b,0.16,false,false,near_mint,en,USD,2026-07-29T23:17:54.830Z
collection,binder,Zhalfirin Commander,MIR,Mirage,49,normal,uncommon,1,38541,cb0e63cb-6da5-4f65-a976-e79d201e9fc7,0.15,false,false,near_mint,en,USD,2026-07-29T23:17:54.831Z
collection,binder,Ekundu Griffin,MIR,Mirage,13,normal,common,1,38577,3a32778b-e6ff-45ca-8b22-dc97a406faa4,0.13,false,false,near_mint,en,USD,2026-07-29T23:17:54.832Z
collection,binder,Samite Alchemist,HML,Homelands,13a,normal,common,1,39285,68224871-d4c2-4b43-9ab8-c0685588b035,0.11,false,false,near_mint,en,USD,2026-07-29T23:17:54.833Z
collection,binder,Femeref Knight,MIR,Mirage,18,normal,common,1,38572,915a2e07-b449-4d94-93e3-e756e891c542,0.12,false,false,near_mint,en,USD,2026-07-29T23:17:54.836Z
collection,binder,Keepers of the Faith,CHR,Chronicles,9,normal,common,1,39417,a3d1ad50-c60c-46a9-b2dc-5cd2680d7263,0.1,false,false,near_mint,en,USD,2026-07-29T23:17:54.846Z
collection,binder,Adaptive Gemguard,LCI,The Lost Caverns of Ixalan,3,foil,common,1,88644,83c91e24-b7e8-4040-80cb-d1b375002c10,0.11,false,false,near_mint,en,USD,2026-07-29T23:17:54.858Z
collection,binder,Aven Squire,PLST,The List,CON-3,normal,common,1,97727,5a89ee77-5b43-4ae6-8408-366bfcc18f44,0.12,false,false,near_mint,en,USD,2026-07-29T23:17:54.859Z
collection,binder,Belfry Spirit,PLST,The List,GK2-29,normal,uncommon,1,55078,c1f5854d-63cf-419f-990c-6f473e181a68,0.25,false,false,near_mint,en,USD,2026-07-29T23:17:54.861Z
collection,binder,Angel of Light,PLST,The List,ME2-3,normal,uncommon,2,96600,37f7ebfa-8987-4bc5-9def-b5e78190ebb4,0.28,false,false,near_mint,en,USD,2026-07-29T23:17:54.862Z
collection,binder,Custodi Squire,PLST,The List,CNS-18,normal,common,1,97563,3a1fc969-23e9-43f1-9e44-b62e3b832024,0.06,false,false,near_mint,en,USD,2026-07-29T23:17:54.863Z
collection,binder,Mtenda Herder,MIR,Mirage,29,normal,common,1,38561,51f30a3d-1421-4706-b17f-39a9ec7a0d8b,0.07,false,false,near_mint,en,USD,2026-07-29T23:17:54.865Z
collection,binder,Civic Guildmage,MIR,Mirage,7,normal,common,2,38583,a9319039-db2f-47bf-9ef0-8d3a381d54fb,0.09,false,false,near_mint,en,USD,2026-07-29T23:17:54.819Z
collection,binder,Icatian Scout,FEM,Fallen Empires,13a,normal,common,2,40359,86bf4aaa-a9b1-4798-a96b-c3e35afb77f7,0.15,false,false,near_mint,en,USD,2026-07-29T23:17:54.821Z
collection,binder,Benalish Missionary,WTH,Weatherlight,10,normal,common,3,37287,e9ac1992-6212-4f05-af16-c892dfc40643,0.1,false,false,near_mint,en,USD,2026-07-29T23:17:54.823Z
collection,binder,Duskrider Falcon,WTH,Weatherlight,12,normal,common,3,37285,bee3a23a-6ecf-439c-8637-e096fa8c1a80,0.18,false,false,near_mint,en,USD,2026-07-29T23:17:54.826Z
collection,binder,Serra Angel,ATH,Anthologies,15,normal,uncommon,4,35603,984f77c1-ff08-4ba1-930f-266f2c30a6b3,1.66,false,false,near_mint,en,USD,2026-07-29T23:17:54.837Z
collection,binder,Mesa Pegasus,5ED,Fifth Edition,47,normal,common,4,37959,552089f3-1ae4-4f73-a19c-731ef98e1979,0.3,false,false,near_mint,en,USD,2026-07-29T23:17:54.838Z
collection,binder,White Knight,ATH,Anthologies,18,normal,uncommon,4,35600,8ce075ff-18b2-48e0-85fe-c085fb5adfb8,0.44,false,false,near_mint,en,USD,2026-07-29T23:17:54.845Z
collection,binder,Knight of the Keep,LTR,The Lord of the Rings: Tales of Middle-earth,291,normal,common,3,83003,3af21576-3793-4796-ab60-112fbbb5fc0d,0.31,false,false,near_mint,en,USD,2026-07-29T23:17:54.848Z
collection,binder,Seraph,ICE,Ice Age,51,normal,rare,4,39758,ab675291-3189-43f3-b11b-0724eca8b941,0.85,false,false,near_mint,en,USD,2026-07-29T23:17:54.864Z
collection,binder,Shire Shirriff,LTR,The Lord of the Rings: Tales of Middle-earth,441,normal,uncommon,1,82861,11b50fec-28e0-4eaf-9184-73cc7234577f,0.21,false,false,near_mint,en,USD,2026-07-29T23:18:51.726Z
collection,binder,Sentry Bot,PIP,Fallout,371,normal,rare,1,92494,98f5b4d8-1beb-4b74-8279-6bf0eddb6857,0.44,false,false,near_mint,en,USD,2026-07-29T23:19:10.892Z
collection,binder,Angelic Destiny,FDN,Foundations,565,normal,mythic,1,100119,066d73fa-369b-44a3-b1a9-d22176ac3566,0.36,false,false,near_mint,en,USD,2026-07-29T23:46:50.525Z
collection,binder,Boneyard Desecrator,OTJ,Outlaws of Thunder Junction,81,foil,common,1,93361,d43981b1-60c8-4896-8885-b07e73b99b30,0.19,false,false,near_mint,en,USD,2026-07-29T23:55:17.135Z
collection,binder,Caves of Koilos,OTC,Outlaws of Thunder Junction Commander,277,normal,rare,1,93914,e8d95d7c-743e-4031-9431-da0e60969ec3,1.02,false,false,near_mint,en,USD,2026-07-29T23:55:17.136Z
collection,binder,Mirage Mesa,OTJ,Outlaws of Thunder Junction,262,normal,common,2,93337,c3d2e816-c06d-4c5d-98fe-c350d8cfab27,0.24,false,false,near_mint,en,USD,2026-07-29T23:55:17.137Z
collection,binder,"Butch DeLoria, Tunnel Snake",PIP,Fallout,43,normal,uncommon,1,92748,d6ed508c-ff2c-444c-8149-34b29e2fbebe,0.34,false,false,near_mint,en,USD,2026-07-29T23:55:17.138Z
collection,binder,Dead Before Sunrise,OTC,Outlaws of Thunder Junction Commander,26,normal,rare,1,93929,f2206ff3-f02b-4598-b14b-9db0428f5aeb,0.56,false,false,near_mint,en,USD,2026-07-29T23:55:17.139Z
collection,binder,Mourner's Surprise,OTJ,Outlaws of Thunder Junction,94,normal,common,1,93274,980b0b68-7218-49c6-b6bf-022218f3abf4,0.16,false,false,near_mint,en,USD,2026-07-29T23:55:17.140Z
collection,binder,Seize the Spotlight,OTC,Outlaws of Thunder Junction Commander,179,normal,rare,1,93452,01fe0af9-55b4-4390-8de4-2cd58aa7efde,15.51,false,false,near_mint,en,USD,2026-07-29T23:55:17.141Z
collection,binder,Pitiless Plunderer,PIP,Fallout,187,normal,uncommon,1,92121,47255b76-2c77-4e94-938d-b9d3497798ec,7.87,false,false,near_mint,en,USD,2026-07-29T23:55:17.142Z
collection,binder,Rush of Dread,OTJ,Outlaws of Thunder Junction,104,normal,rare,1,93217,721c7122-91b6-45ea-ba28-de0246a2fc1b,0.39,false,false,near_mint,en,USD,2026-07-29T23:55:17.143Z
collection,binder,Evolving Wilds,PIP,Fallout,263,normal,common,4,92458,912837ca-054a-49a8-a5c5-5e65631b0575,0.34,false,false,near_mint,en,USD,2026-07-29T23:55:17.144Z
collection,binder,Riveteers Overlook,SNC,Streets of New Capenna,255,normal,common,1,67633,1d161f81-c01a-4c91-b025-52dcb1881638,0.36,false,false,near_mint,en,USD,2026-07-29T23:55:17.145Z
collection,binder,"Mari, the Killing Quill",OTC,Outlaws of Thunder Junction Commander,138,normal,rare,1,93678,6b4b3c1a-671c-422d-a98c-7d750760ca46,4.67,false,false,near_mint,en,USD,2026-07-29T23:55:17.146Z
collection,binder,Tramway Station,SNC,Streets of New Capenna,356,normal,common,1,67803,688c5428-0ec0-4778-801b-a5ea83c88691,0.16,false,false,near_mint,en,USD,2026-07-29T23:55:17.148Z
collection,binder,Mirror Entity,OTC,Outlaws of Thunder Junction Commander,83,normal,rare,1,93932,f2a3107d-bb96-45c6-97ac-b6c6b84cbad4,2.29,false,false,near_mint,en,USD,2026-07-29T23:55:17.149Z
collection,binder,Arcane Signet,OTC,Outlaws of Thunder Junction Commander,252,normal,common,2,93553,2bfeb9dc-0bf7-4f19-9714-b14114e4627f,0.65,false,false,near_mint,en,USD,2026-07-29T23:55:17.151Z
collection,binder,Buried Ruin,PIP,Fallout,254,normal,uncommon,1,92427,8b3ebfce-47cd-4ebe-bfeb-2cb22a1bd9ec,0.4,false,false,near_mint,en,USD,2026-07-29T23:55:17.152Z
collection,binder,March of the Returned,THS,Theros,96,normal,common,2,15568,983f7521-16e3-4057-a482-7d86392daa57,0.06,false,false,near_mint,en,USD,2026-07-29T23:55:17.153Z
collection,binder,"Fain, the Broker",OTC,Outlaws of Thunder Junction Commander,133,normal,rare,1,93714,7f1ff9e5-3d69-43a9-965c-2d87951cfd2b,3.74,false,false,near_mint,en,USD,2026-07-29T23:55:17.154Z
collection,binder,Command Beacon,TDC,Tarkir: Dragonstorm Commander,352,normal,rare,1,104589,435e9678-9ff3-4e5d-8061-3f806e1c2ed2,9.02,false,false,near_mint,en,USD,2026-07-29T23:55:17.155Z
collection,binder,Spiteful Repossession,NCC,New Capenna Commander,90,normal,rare,1,67691,354790c1-ce19-4ed5-9cef-f2e2ee621578,0.36,false,false,near_mint,en,USD,2026-07-29T23:55:17.156Z
collection,binder,Wear // Tear,PIP,Fallout,222,normal,uncommon,1,92105,427d7eab-24e3-41de-8444-d9a2c96f526f,2.7,false,false,near_mint,en,USD,2026-07-29T23:55:17.157Z
collection,binder,Treasure Vault,PIP,Fallout,314,normal,rare,1,92072,3b8a9a88-d4b5-4c2a-86fa-22475ce919ca,1.84,false,false,near_mint,en,USD,2026-07-29T23:55:17.158Z
collection,binder,Rosie Cotton of South Lane,LTR,The Lord of the Rings: Tales of Middle-earth,440,foil,uncommon,1,83100,5a56cbc2-6fc2-4443-90fe-59acd526f562,0.44,false,false,near_mint,en,USD,2026-07-29T23:55:17.159Z
collection,binder,Mines of Moria,LTR,The Lord of the Rings: Tales of Middle-earth,257,normal,rare,1,82847,0be723d6-4ada-4c3f-b87b-8ab83a4bbb8f,2.32,false,false,near_mint,en,USD,2026-07-29T23:55:17.160Z
collection,binder,"Lotho, Corrupt Shirriff",LTR,The Lord of the Rings: Tales of Middle-earth,213,normal,rare,2,83515,ce01ff8f-a037-484f-9148-c847ffaabc5a,13.27,false,false,near_mint,en,USD,2026-07-29T23:55:17.161Z
collection,binder,Queen Marchesa,OTC,Outlaws of Thunder Junction Commander,239,normal,rare,1,93484,0fdae05f-7bdc-45fb-b9b9-e5ec3766f965,1.28,false,false,near_mint,en,USD,2026-07-29T23:55:17.162Z
collection,binder,Fervent Charge,PIP,Fallout,215,normal,rare,1,92780,dd2a0286-a16d-4e48-a295-da8232ddc9c7,0.35,false,false,near_mint,en,USD,2026-07-29T23:55:17.163Z
collection,binder,Wasteland Raider,PIP,Fallout,52,normal,rare,1,92522,9eae2596-013a-4e9b-982b-e0fc8d1e78bf,0.37,false,false,near_mint,en,USD,2026-07-29T23:55:17.164Z
collection,binder,Angrath's Marauders,OTC,Outlaws of Thunder Junction Commander,153,normal,rare,1,93860,cf0a0bef-ed72-4fdf-9799-6f6430c8a8a7,0.38,false,false,near_mint,en,USD,2026-07-29T23:55:17.165Z
collection,binder,Treasure Dredger,OTJ,Outlaws of Thunder Junction,110,normal,uncommon,1,93342,c88df498-147c-4609-8a94-d8d10a87e37c,0.28,false,false,near_mint,en,USD,2026-07-29T23:55:17.166Z
collection,binder,Curse of Hospitality,VOW,Innistrad: Crimson Vow,152,normal,rare,1,64180,45bcb839-4cff-4349-9892-0c76ae81929c,0.36,false,false,near_mint,en,USD,2026-07-29T23:55:17.167Z
collection,binder,Sticky Fingers,PIP,Fallout,191,normal,common,1,92881,f748393d-5845-45d7-96e9-bbdbb701151f,0.39,false,false,near_mint,en,USD,2026-07-29T23:55:17.168Z
collection,binder,Unexpected Windfall,PIP,Fallout,193,normal,common,1,92672,c5261d46-bf8c-4c29-8683-9a4fe4b23b8d,3.51,false,false,near_mint,en,USD,2026-07-29T23:55:17.169Z
collection,binder,Vault of the Archangel,OTC,Outlaws of Thunder Junction Commander,339,normal,rare,2,93587,3fb781da-2b8b-44c6-999f-5038e79a7d57,3.52,false,false,near_mint,en,USD,2026-07-29T23:55:17.170Z
collection,binder,Captain Lannery Storm,OTC,Outlaws of Thunder Junction Commander,158,normal,rare,1,93664,60a457e2-6cc7-47f0-9a24-df5459395358,0.32,false,false,near_mint,en,USD,2026-07-29T23:55:17.171Z
collection,binder,There and Back Again,LTR,The Lord of the Rings: Tales of Middle-earth,151,normal,rare,1,83303,939b0bd0-24ea-45de-a2d3-37bbf6a3e6f9,4.87,false,false,near_mint,en,USD,2026-07-29T23:55:17.172Z
collection,binder,Battlefield Forge,OTC,Outlaws of Thunder Junction Commander,271,normal,rare,1,93825,bc6c3170-9e84-46ea-8311-911145f9c48a,0.42,false,false,near_mint,en,USD,2026-07-29T23:55:17.173Z
collection,binder,Gilded Pinions,SNC,Streets of New Capenna,238,normal,common,1,68038,dca8554a-f74c-4d2d-95b6-ef6e74431d7c,0.28,false,false,near_mint,en,USD,2026-07-29T23:55:17.174Z
collection,binder,"Olivia, Opulent Outlaw",OTC,Outlaws of Thunder Junction Commander,2,foil,mythic,1,93635,55e6c31b-f9e9-4e42-a875-985d99300d9d,6.48,false,false,near_mint,en,USD,2026-07-29T23:55:17.175Z
collection,binder,Undercity Scrounger,NEO,Kamigawa: Neon Dynasty,126,normal,common,6,66882,6319b84b-8a3d-4bc8-af48-8b500f124be1,0.25,false,false,near_mint,en,USD,2026-07-29T23:55:17.176Z
collection,binder,Desolate Mire,PIP,Fallout,146,normal,rare,1,91837,05f38637-8cdc-42bb-b164-85596b6b14b9,0.38,false,false,near_mint,en,USD,2026-07-29T23:55:17.177Z
collection,binder,Orzhov Signet,OTC,Outlaws of Thunder Junction Commander,261,normal,uncommon,1,93548,2a7eaae2-6fd4-4916-9e22-05806c98f7b9,0.38,false,false,near_mint,en,USD,2026-07-29T23:55:17.178Z
collection,binder,Misfortune Teller,OTC,Outlaws of Thunder Junction Commander,141,normal,rare,1,93710,7c9e6ca9-14cf-4476-8c55-b98a6ebe6101,0.2,false,false,near_mint,en,USD,2026-07-29T23:55:17.179Z
collection,binder,Swiftfoot Boots,PIP,Fallout,242,normal,uncommon,1,92119,46d405a1-f951-4043-97bf-887e4fa388ad,2.79,false,false,near_mint,en,USD,2026-07-29T23:55:17.180Z
collection,binder,Ruinous Ultimatum,PIP,Fallout,220,normal,rare,2,92452,8fe3d5d4-7fa3-47ba-9963-23814bce063d,2.83,false,false,near_mint,en,USD,2026-07-29T23:55:17.181Z
collection,binder,"Vihaan, Goldwaker",OTC,Outlaws of Thunder Junction Commander,8,foil,mythic,1,93706,7b549690-72eb-4244-bb66-996a2bd1027e,3.41,false,false,near_mint,en,USD,2026-07-29T23:55:17.182Z
collection,binder,Requisition Raid,OTJ,Outlaws of Thunder Junction,26,foil,uncommon,1,93053,154e9ba9-0d0e-4b0e-acf2-f66a993cf3a2,0.7,false,false,near_mint,en,USD,2026-07-29T23:55:17.183Z
collection,binder,Panharmonicon,PIP,Fallout,237,normal,rare,1,91934,1d92b7dd-1f63-4f34-87ca-01a0eaa7b3a1,6.0,false,false,near_mint,en,USD,2026-07-29T23:55:17.184Z
collection,binder,Great Train Heist,OTJ,Outlaws of Thunder Junction,331,normal,rare,1,93312,b570d9c5-3348-482f-a211-ed8c9777a9fa,7.21,false,false,near_mint,en,USD,2026-07-29T23:55:17.185Z
collection,binder,Bojuka Bog,OTC,Outlaws of Thunder Junction Commander,273,normal,common,2,93478,0efec118-ed01-42a0-93b4-f9a92c01b72e,2.09,false,false,near_mint,en,USD,2026-07-29T23:55:17.186Z
collection,binder,Charming Scoundrel,WOE,Wilds of Eldraine,124,normal,rare,1,85717,c8090bcf-e17a-4110-a518-77ccd045b18f,1.06,false,false,near_mint,en,USD,2026-07-29T23:55:17.187Z
collection,binder,Illicit Shipment,SNC,Streets of New Capenna,83,normal,uncommon,1,67636,1f7cced2-390b-499f-ace3-e52fd53d4712,0.49,false,false,near_mint,en,USD,2026-07-29T23:55:17.188Z
collection,binder,Escape Tunnel,MKM,Murders at Karlov Manor,261,normal,common,1,91057,93ddde4f-d35e-4128-8f43-d0eadbd715de,0.2,false,false,near_mint,en,USD,2026-07-29T23:55:17.189Z
collection,binder,Great Hall of the Citadel,LTR,The Lord of the Rings: Tales of Middle-earth,254,normal,common,1,82923,219c7b57-b62b-42d1-85d9-4b57624a3f54,0.35,false,false,near_mint,en,USD,2026-07-29T23:55:17.190Z
collection,binder,Bottle-Cap Blast,PIP,Fallout,55,normal,uncommon,1,92431,8bdceec0-0950-4d52-86fc-d0f04e8487ce,3.39,false,false,near_mint,en,USD,2026-07-29T23:55:17.191Z
collection,binder,Feed the Swarm,LTC,Tales of Middle-earth Commander,200,normal,common,3,82823,029e2a27-46f2-44fa-ac7c-462c69feab95,0.35,false,false,near_mint,en,USD,2026-07-29T23:55:17.192Z
collection,binder,"Kellogg, Dangerous Mind",PIP,Fallout,106,normal,rare,1,92862,f2b22b32-be24-48e3-aa81-9256190df02c,4.71,false,false,near_mint,en,USD,2026-07-29T23:55:17.193Z
collection,binder,Spire of Industry,PIP,Fallout,293,normal,rare,1,92714,cdda2ce8-23d1-4814-8e81-d6cf40f75a13,0.35,false,false,near_mint,en,USD,2026-07-29T23:55:40.281Z
collection,binder,Collective Brutality,INR,Innistrad Remastered,101,normal,rare,1,102722,ae35b6c5-3bfd-483e-9c85-58629b717d7f,0.34,false,false,near_mint,en,USD,2026-07-30T02:33:09.704Z
collection,binder,Sever the Bloodline,INR,Innistrad Remastered,130,normal,uncommon,1,102703,a2d4152d-c128-453c-86f5-f2ebcfd48b98,0.17,false,false,near_mint,en,USD,2026-07-30T02:33:09.707Z
collection,binder,Gisa's Bidding,INR,Innistrad Remastered,379,normal,common,1,102595,6eda8787-8f57-4894-a911-a91f92812062,0.22,false,false,near_mint,en,USD,2026-07-30T02:33:09.708Z
collection,binder,Murderous Compulsion,INR,Innistrad Remastered,126,normal,common,1,102563,5fca1faf-bd47-45cd-a2d9-b2efbc75cbb5,0.23,false,false,near_mint,en,USD,2026-07-30T02:33:09.712Z
collection,binder,The Black Breath,LTR,The Lord of the Rings: Tales of Middle-earth,78,normal,common,3,82916,1e63983d-c36b-4440-b9e1-baaa6c7c0ba9,0.2,false,false,near_mint,en,USD,2026-07-30T02:33:09.717Z
collection,binder,Languish,LTC,Tales of Middle-earth Commander,202,normal,rare,1,83415,b4f5fc18-a62c-4771-9062-e7bb42bae7ff,0.36,false,false,near_mint,en,USD,2026-07-30T02:33:09.720Z
collection,binder,Decree of Pain,LTC,Tales of Middle-earth Commander,199,normal,rare,1,83067,4dd53069-bf38-4358-95b7-6fd738aaeeab,0.36,false,false,near_mint,en,USD,2026-07-30T02:33:09.721Z
collection,binder,Mordor Muster,LTR,The Lord of the Rings: Tales of Middle-earth,96,normal,common,3,83385,aae2f15a-0629-453e-992c-a199af194a3c,0.16,false,false,near_mint,en,USD,2026-07-30T02:33:09.722Z
collection,binder,Rogues' Gallery,SNC,Streets of New Capenna,92,normal,uncommon,2,67869,8b9b1fce-585f-442c-99a6-3b9767d68f13,0.16,false,false,near_mint,en,USD,2026-07-30T02:33:09.724Z
collection,binder,Sanguine Indulgence,FDN,Foundations,613,normal,common,1,100099,03a26ca7-b26f-4b86-a060-712f15f4bf7f,0.18,false,false,near_mint,en,USD,2026-07-30T02:33:09.725Z
collection,binder,Deathmark,FDN,Foundations,601,normal,uncommon,1,100423,42592d75-593e-4719-b13b-bca374017e79,0.12,false,false,near_mint,en,USD,2026-07-30T02:33:09.726Z
collection,binder,Duress,FDN,Foundations,606,normal,common,1,100348,34c3a894-ee75-4db9-a69f-711bb3cc150a,0.12,false,false,near_mint,en,USD,2026-07-30T02:33:09.727Z
collection,binder,Dread Summons,FDN,Foundations,604,normal,rare,1,101238,dfb5dd33-6e5b-4d78-92fa-678c9f01c606,0.16,false,false,near_mint,en,USD,2026-07-30T02:33:09.728Z
collection,binder,Seeker's Folly,FDN,Foundations,69,normal,uncommon,1,101067,bc359da6-8b7f-45ec-b530-ce159fc35953,0.16,false,false,near_mint,en,USD,2026-07-30T02:33:09.729Z
collection,binder,Zombify,FDN,Foundations,187,normal,uncommon,1,101225,dc798e6f-13c4-457c-b052-b7b65bc83cfe,0.29,false,false,near_mint,en,USD,2026-07-30T02:33:09.730Z
collection,binder,Exsanguinate,FDN,Foundations,173,normal,uncommon,1,101330,f11d7311-4066-4a5d-ba28-9857fa707a0b,0.36,false,false,near_mint,en,USD,2026-07-30T02:33:09.731Z
collection,binder,Moan of the Unhallowed,J25,Foundations Jumpstart,461,normal,uncommon,1,101206,d95f7af9-cabf-47e0-9ca4-e276ff6605b9,0.26,false,false,near_mint,en,USD,2026-07-30T02:33:09.733Z
collection,binder,Army of the Damned,J25,Foundations Jumpstart,399,normal,mythic,1,101018,b46b0818-cd87-41b4-85d2-c474b995d4c0,1.23,false,false,near_mint,en,USD,2026-07-30T02:33:09.735Z
collection,binder,Gisa's Bidding,INR,Innistrad Remastered,111,normal,common,3,102557,5ad2fdbf-4a68-42e8-9c4f-7a075261ddf8,0.18,false,false,near_mint,en,USD,2026-07-30T02:33:09.705Z
collection,binder,Edgar's Awakening,INR,Innistrad Remastered,108,normal,uncommon,2,102735,b2ff8b0a-f424-4a8d-a682-848bf1f3b07b,0.19,false,false,near_mint,en,USD,2026-07-30T02:33:09.706Z
collection,binder,Eaten Alive,INR,Innistrad Remastered,106,normal,common,2,102431,143d278d-d99b-42da-9fbd-9ab70526d53a,0.19,false,false,near_mint,en,USD,2026-07-30T02:33:09.709Z
collection,binder,Lash of the Balrog,LTR,The Lord of the Rings: Tales of Middle-earth,92,normal,common,3,83236,812fee97-e145-4458-b495-bc6ad227335b,0.19,false,false,near_mint,en,USD,2026-07-30T02:33:09.714Z
collection,binder,Claim the Precious,LTR,The Lord of the Rings: Tales of Middle-earth,81,normal,common,4,82862,121c12c4-83ea-463e-8fdf-30718968a2bd,0.3,false,false,near_mint,en,USD,2026-07-30T02:33:09.715Z
collection,binder,Pilfer,FDN,Foundations,181,normal,common,2,101564,8c7c88b5-6d09-453b-b9c1-7dcbba8f1080,0.18,false,false,near_mint,en,USD,2026-07-30T02:33:09.732Z
collection,binder,Crawl from the Cellar,INR,Innistrad Remastered,102,normal,common,4,102619,79563dd1-640c-4ebd-a347-0b71439b79d3,0.12,false,false,near_mint,en,USD,2026-07-30T02:33:34.942Z
collection,binder,Crawl from the Cellar,INR,Innistrad Remastered,102,foil,common,1,102619,79563dd1-640c-4ebd-a347-0b71439b79d3,0.26,false,false,near_mint,en,USD,2026-07-30T02:33:37.903Z
collection,binder,Macabre Reconstruction,MKM,Murders at Karlov Manor,93,normal,common,2,91117,abb6184c-e3d0-4275-b25b-95e4a64b26f3,0.1,false,false,near_mint,en,USD,2026-07-30T02:34:10.902Z
collection,binder,Eaten Alive,FDN,Foundations,172,normal,common,1,100216,1c4f7b20-b2a8-498c-8c36-dc296863b0b9,0.32,false,false,near_mint,en,USD,2026-07-30T02:34:35.996Z
collection,binder,Feed the Swarm,FDN,Foundations,712,foil,common,1,101273,e66d4541-160c-4137-98e7-0eaa692c7d7a,0.31,false,false,near_mint,en,USD,2026-07-30T02:35:02.351Z
collection,binder,Grisly Ritual,VOW,Innistrad: Crimson Vow,116,foil,common,1,64214,53cdf2ab-3acd-49bd-8273-84c1cfc92883,0.14,false,false,near_mint,en,USD,2026-07-30T02:35:22.891Z
collection,binder,Lash of the Balrog,LTR,The Lord of the Rings: Tales of Middle-earth,408,normal,common,5,83360,a3bb0051-3ba3-4e22-9098-42ee0d9b645c,0.19,false,false,near_mint,en,USD,2026-07-30T02:35:42.630Z
collection,binder,Pointed Discussion,VOW,Innistrad: Crimson Vow,126,foil,common,1,64071,076deb63-f7e2-498f-a66a-8a190370a3b3,0.35,false,false,near_mint,en,USD,2026-07-30T02:38:18.093Z
collection,binder,Vampire's Kiss,VOW,Innistrad: Crimson Vow,136,foil,common,1,64328,974bf8cc-4259-48cc-8e7f-1580bb010d3f,0.77,false,false,near_mint,en,USD,2026-07-30T02:38:18.094Z
collection,binder,Path of Peril,VOW,Innistrad: Crimson Vow,124,normal,rare,1,64466,f0c5449a-d63b-4b22-9432-8f0365c3c4d9,0.32,false,false,near_mint,en,USD,2026-07-30T02:38:18.100Z
collection,binder,Demonic Bargain,VOW,Innistrad: Crimson Vow,103,normal,rare,1,64289,80c3741e-cf04-4aa2-a6a9-ce19f043b22c,0.31,false,false,near_mint,en,USD,2026-07-30T02:38:18.102Z
collection,binder,Dread Fugue,VOW,Innistrad: Crimson Vow,107,normal,uncommon,3,64080,0ad4c472-b8ce-4ae0-a6f0-726ea74722c5,0.21,false,false,near_mint,en,USD,2026-07-30T02:38:18.092Z
collection,binder,Vampire's Kiss,VOW,Innistrad: Crimson Vow,136,normal,common,4,64328,974bf8cc-4259-48cc-8e7f-1580bb010d3f,0.36,false,false,near_mint,en,USD,2026-07-30T02:38:18.096Z
collection,binder,Pointed Discussion,VOW,Innistrad: Crimson Vow,126,normal,common,4,64071,076deb63-f7e2-498f-a66a-8a190370a3b3,0.21,false,false,near_mint,en,USD,2026-07-30T02:38:18.097Z
collection,binder,Incremental Blight,HOP,Planechase,32,normal,uncommon,1,23011,bc224856-1d4b-4d7e-9c64-213acdda081a,0.48,false,false,near_mint,en,USD,2026-07-30T02:54:07.953Z
collection,binder,Urborg Repossession,DMU,Dominaria United,114,normal,common,1,71834,ecb8dab0-ecce-4321-b382-c58b296c2fd3,0.19,false,false,near_mint,en,USD,2026-07-30T02:54:07.954Z
collection,binder,Restart Sequence,ACR,Assassin's Creed,30,normal,uncommon,1,95438,9a2b1b20-e5fd-4ccb-8529-12dbde0e0811,0.3,false,false,near_mint,en,USD,2026-07-30T02:54:07.955Z
collection,binder,Drown in Ichor,ONE,Phyrexia: All Will Be One,91,normal,uncommon,1,78818,bf148ef4-0ed7-4fbe-8ab6-01dd3981c8d3,0.87,false,false,near_mint,en,USD,2026-07-30T02:54:07.956Z
collection,binder,Dakmor Plague,PLST,The List,P02-69,normal,uncommon,2,98548,f703d2a6-e18e-4011-a715-77b1a655e015,0.13,false,false,near_mint,en,USD,2026-07-30T02:54:07.960Z
collection,binder,Psychic Whorl,BLB,Bloomburrow,105,foil,common,1,96127,df900308-8432-4a0a-be21-17482026012b,0.19,false,false,near_mint,en,USD,2026-07-30T02:54:07.962Z
collection,binder,Urborg Repossession,DMU,Dominaria United,114,foil,common,1,71834,ecb8dab0-ecce-4321-b382-c58b296c2fd3,0.15,false,false,near_mint,en,USD,2026-07-30T02:54:07.963Z
collection,binder,Psychic Whorl,BLB,Bloomburrow,105,normal,common,1,96127,df900308-8432-4a0a-be21-17482026012b,0.07,false,false,near_mint,en,USD,2026-07-30T02:54:07.964Z
collection,binder,No One Left Behind,BRO,The Brothers' War,109,normal,uncommon,1,75434,4a7e030c-98d1-452c-8020-cd92a3ef02c3,0.19,false,false,near_mint,en,USD,2026-07-30T02:54:07.965Z
collection,binder,Epic Downfall,ELD,Throne of Eldraine,85,normal,uncommon,1,46253,63da83fe-fa59-40cb-a42e-e1b14b650bc8,0.23,false,false,near_mint,en,USD,2026-07-30T02:54:07.966Z
collection,binder,Moan of the Unhallowed,UMA,Ultimate Masters,107,normal,common,1,43400,2a1f42ee-7f4e-4b2a-b60b-750662878a5c,0.16,false,false,near_mint,en,USD,2026-07-30T02:54:07.967Z
collection,binder,Mutilate,MB2,Mystery Booster 2,45,normal,rare,1,96952,a0a4ffd3-f116-4e9a-b46a-b92402ab2afb,1.89,false,false,near_mint,en,USD,2026-07-30T02:54:07.968Z
collection,binder,Read the Bones,DSC,Duskmourn: House of Horror Commander,154,normal,common,1,99301,b3198f96-f9d8-494f-a556-24ce3ad3895d,0.29,false,false,near_mint,en,USD,2026-07-30T02:54:07.969Z
collection,binder,Wicked Pact,PLST,The List,ME4-102,normal,uncommon,1,96602,6c329e5b-e903-4cc2-bd35-5bdc77615013,0.2,false,false,near_mint,en,USD,2026-07-30T02:54:07.970Z
collection,binder,Season of Loss,BLB,Bloomburrow,112,normal,mythic,1,95832,cc540652-916b-45c5-ae5a-0a0bc557cee1,1.72,false,false,near_mint,en,USD,2026-07-30T02:54:07.971Z
collection,binder,Fell,BLB,Bloomburrow,95,normal,uncommon,1,95830,c96ac326-de44-470b-a592-a4c2a052c091,0.37,false,false,near_mint,en,USD,2026-07-30T02:54:07.972Z
collection,binder,Aggressive Negotiations,TDM,Tarkir: Dragonstorm,70,normal,common,1,105146,993ade84-031f-4a3e-bd68-55f61b559248,0.12,false,false,near_mint,en,USD,2026-07-30T02:54:07.973Z
collection,binder,Buried Alive,MH3,Modern Horizons 3,273,normal,uncommon,1,94503,76878b19-2916-4f3f-bee5-20846bc9e2db,0.98,false,false,near_mint,en,USD,2026-07-30T02:54:07.974Z
collection,binder,Edgar's Awakening,VOW,Innistrad: Crimson Vow,110,normal,uncommon,2,64327,96ff9de6-f9ae-4b1c-9fd1-4ba9663922af,0.29,false,false,near_mint,en,USD,2026-07-30T02:54:07.977Z
collection,binder,Aim for the Head,VOW,Innistrad: Crimson Vow,92,foil,common,1,64096,1174e8e1-2e8e-4070-9871-7d5d93e0dd56,0.13,false,false,near_mint,en,USD,2026-07-30T02:54:07.978Z
collection,binder,Path of Peril,VOW,Innistrad: Crimson Vow,373,normal,rare,1,64067,061be997-1519-41b6-9933-eb625db88eb2,0.47,false,false,near_mint,en,USD,2026-07-30T02:54:07.984Z
collection,binder,Soul Transfer,NEO,Kamigawa: Neon Dynasty,122,normal,rare,1,66506,1e5aba90-c8c7-4f06-b7b3-1b4758d2791a,0.25,false,false,near_mint,en,USD,2026-07-30T02:54:07.991Z
collection,binder,Invoke Despair,NEO,Kamigawa: Neon Dynasty,101,foil,rare,1,66349,35af9d5c-4449-4549-b549-c3ba4a67dee0,1.06,false,false,near_mint,en,USD,2026-07-30T02:54:08.003Z
collection,binder,Invoke Despair,NEO,Kamigawa: Neon Dynasty,506,foil,rare,1,66465,dbe6d3be-67b9-45be-a5c8-4edf753a7fd0,0.32,false,false,near_mint,en,USD,2026-07-30T02:54:08.005Z
collection,binder,The Torment of Gollum,LTR,The Lord of the Rings: Tales of Middle-earth,110,normal,common,2,83441,ba2c8c25-1fa9-4cc4-a378-5eccc25bacf0,0.15,false,false,near_mint,en,USD,2026-07-30T02:54:08.015Z
collection,binder,Step Right Up,UNF,Unfinity,94,normal,common,2,73174,7ea143b9-140a-4e73-9c23-79327df1ccfa,0.11,false,false,near_mint,en,USD,2026-07-30T02:54:08.023Z
collection,binder,Sign in Blood,M15,Magic 2015,114,normal,common,3,13738,9f9cead6-7806-4c51-abd1-62c3b8f366b5,0.39,false,false,near_mint,en,USD,2026-07-30T02:54:08.027Z
collection,binder,Atrocious Experiment,CLB,Commander Legends: Battle for Baldur's Gate,115,normal,common,2,69352,e6098b4a-a92f-4477-8122-5913ac9247f8,0.31,false,false,near_mint,en,USD,2026-07-30T02:54:08.030Z
collection,binder,Feed the Swarm,OTC,Outlaws of Thunder Junction Commander,134,normal,common,2,93473,0be3e9b2-db8f-4b1f-8f22-e2e897ed83d6,0.34,false,false,near_mint,en,USD,2026-07-30T02:54:08.031Z
collection,binder,Hex,OTC,Outlaws of Thunder Junction Commander,136,normal,rare,1,93883,d87e25fc-b173-4e9a-993d-c1e1053d2f4e,0.31,false,false,near_mint,en,USD,2026-07-30T02:54:08.032Z
collection,binder,Painful Truths,OTC,Outlaws of Thunder Junction Commander,146,normal,rare,1,93823,ba841bb9-1b6e-45e4-af66-51ee4fabb504,0.3,false,false,near_mint,en,USD,2026-07-30T02:54:08.033Z
collection,binder,Nuclear Fallout,PIP,Fallout,47,normal,rare,1,92820,e717e4b0-a8c1-4411-b18a-1d17e7225503,3.18,false,false,near_mint,en,USD,2026-07-30T02:54:08.034Z
collection,binder,Back in Town,OTC,Outlaws of Thunder Junction Commander,18,normal,rare,1,93574,393a864c-caa0-4030-b8bd-be0bb967eb72,6.04,false,false,near_mint,en,USD,2026-07-30T02:54:08.035Z
collection,binder,Extract a Confession,MKM,Murders at Karlov Manor,84,normal,common,1,90724,256c8b6e-4031-458b-8eb9-bbfe58405a0c,0.4,false,false,near_mint,en,USD,2026-07-30T02:54:08.037Z
collection,binder,Summon Undead,CLB,Commander Legends: Battle for Baldur's Gate,151,normal,common,2,68924,278f7705-01a4-4baf-929b-b93e538a8d77,0.23,false,false,near_mint,en,USD,2026-07-30T02:54:08.038Z
collection,binder,Arms of Hadar,CLB,Commander Legends: Battle for Baldur's Gate,113,normal,common,1,69329,db1fd431-8f6d-4ca5-bc0c-53881c500da1,0.35,false,false,near_mint,en,USD,2026-07-30T02:54:08.039Z
collection,binder,Cerebral Confiscation,MKM,Murders at Karlov Manor,81,foil,common,1,90804,3c3c3d15-b775-44a2-91ea-4abcc3cf2dba,0.3,false,false,near_mint,en,USD,2026-07-30T02:54:08.043Z
collection,binder,Kaito's Pursuit,NEO,Kamigawa: Neon Dynasty,103,normal,common,6,66920,dd73fa5a-be0f-49a4-a921-afefbc8fa9c5,0.29,false,false,near_mint,en,USD,2026-07-30T02:54:07.957Z
collection,binder,Reckoner Shakedown,NEO,Kamigawa: Neon Dynasty,119,normal,common,6,66911,cf57666f-366b-43bf-95c7-39c1f7f061e2,0.13,false,false,near_mint,en,USD,2026-07-30T02:54:07.958Z
collection,binder,Ruthless Negotiation,BLB,Bloomburrow,108,normal,uncommon,2,95828,c7f4360c-8d68-4058-b9ec-da9948cb060d,0.16,false,false,near_mint,en,USD,2026-07-30T02:54:07.959Z
collection,binder,Grisly Ritual,VOW,Innistrad: Crimson Vow,116,normal,common,5,64214,53cdf2ab-3acd-49bd-8273-84c1cfc92883,0.14,false,false,near_mint,en,USD,2026-07-30T02:54:07.975Z
collection,binder,Aim for the Head,VOW,Innistrad: Crimson Vow,92,normal,common,3,64096,1174e8e1-2e8e-4070-9871-7d5d93e0dd56,0.16,false,false,near_mint,en,USD,2026-07-30T02:54:07.976Z
collection,binder,Okiba Salvage,NEO,Kamigawa: Neon Dynasty,118,normal,uncommon,5,66817,d9e4485d-c208-46b4-9b5d-48e55e2ee182,0.21,false,false,near_mint,en,USD,2026-07-30T02:54:07.985Z
collection,binder,Malicious Malfunction,NEO,Kamigawa: Neon Dynasty,110,normal,uncommon,4,66371,56e7415f-f014-4ece-81db-d8271444d9e9,0.16,false,false,near_mint,en,USD,2026-07-30T02:54:07.986Z
collection,binder,Invoke Despair,NEO,Kamigawa: Neon Dynasty,101,normal,rare,3,66349,35af9d5c-4449-4549-b549-c3ba4a67dee0,0.71,false,false,near_mint,en,USD,2026-07-30T02:54:07.988Z
collection,binder,Sam's Desperate Rescue,LTR,The Lord of the Rings: Tales of Middle-earth,105,normal,common,3,83456,bdd4d735-8cda-47c1-865b-48b51ac8f666,0.22,false,false,near_mint,en,USD,2026-07-30T02:54:08.014Z
collection,binder,Down for Repairs,UNF,Unfinity,73,normal,common,4,73292,dad23c10-3180-456f-b781-84d3893a6815,0.14,false,false,near_mint,en,USD,2026-07-30T02:54:08.019Z
collection,binder,Attempted Murder,UNF,Unfinity,66,normal,uncommon,4,72824,840dd63f-55c7-4bf3-b748-b157721054ad,0.38,false,false,near_mint,en,USD,2026-07-30T02:54:08.021Z
collection,binder,Mind Rot,M15,Magic 2015,104,normal,common,1,13748,718c56b8-b5e8-4c8a-a4a2-8c1c6d368d13,0.05,false,false,near_mint,en,USD,2026-07-30T02:59:09.212Z
collection,binder,Festergloom,M15,Magic 2015,97,normal,common,1,13755,f3125137-bd18-488e-b45e-6fc23828c5bd,0.11,false,false,near_mint,en,USD,2026-07-30T02:59:09.214Z
collection,binder,Back for Seconds,WOE,Wilds of Eldraine,80,normal,uncommon,1,85457,660845b5-96fa-4484-822b-aa0508801306,0.31,false,false,near_mint,en,USD,2026-07-30T02:59:09.215Z
collection,binder,Beseech the Mirror,WOE,Wilds of Eldraine,82,normal,mythic,1,85274,18c59776-e1f1-4197-a128-db1d603f56b7,18.96,false,false,near_mint,en,USD,2026-07-30T02:59:09.216Z
collection,binder,Ruinous Path,BFZ,Battle for Zendikar,123,normal,rare,1,10228,709ab9cf-eed8-4d73-b10d-c7f6d8750328,0.16,false,false,near_mint,en,USD,2026-07-30T02:59:09.220Z
collection,binder,Hymn to Tourach,PLST,The List,EMA-92,normal,uncommon,1,72008,607fee04-2247-40c6-afaa-d7df694f7008,0.69,false,false,near_mint,en,USD,2026-07-30T02:59:09.223Z
collection,binder,Grisly Sigil,SNC,Streets of New Capenna,82,normal,uncommon,1,67792,6322e12d-b932-4ca1-a51d-e2a928140cc7,0.09,false,false,near_mint,en,USD,2026-07-30T02:59:09.225Z
collection,binder,Whack,SNC,Streets of New Capenna,99,normal,uncommon,1,68006,c862769d-f8bd-4cb6-b2b2-816179795f8b,0.05,false,false,near_mint,en,USD,2026-07-30T02:59:09.226Z
collection,binder,Graveyard Shift,SNC,Streets of New Capenna,81,normal,uncommon,1,67699,394d7fb3-44ee-409f-a992-27e5aabd9c2b,0.19,false,false,near_mint,en,USD,2026-07-30T02:59:09.227Z
collection,binder,Drown in Sorrow,BNG,Born of the Gods,65,normal,uncommon,1,14895,287c7570-8080-43dc-a586-963e15566446,0.23,false,false,near_mint,en,USD,2026-07-30T02:59:09.228Z
collection,binder,Sanguimancy,BNG,Born of the Gods,81,normal,uncommon,1,14879,fb129def-4055-4b12-9944-39406b451553,0.19,false,false,near_mint,en,USD,2026-07-30T02:59:09.229Z
collection,binder,Cerebral Confiscation,MKM,Murders at Karlov Manor,81,normal,common,1,90804,3c3c3d15-b775-44a2-91ea-4abcc3cf2dba,0.18,false,false,near_mint,en,USD,2026-07-30T02:59:09.231Z
collection,binder,Shattered Crypt,WTH,Weatherlight,80,normal,common,1,37217,117df45d-4500-459b-96b5-ca41952580c1,0.11,false,false,near_mint,en,USD,2026-07-30T02:59:09.248Z
collection,binder,Choking Sands,MIR,Mirage,113,normal,common,1,38477,e41c15fb-01a1-446e-9e88-71e8e95d9bce,0.31,false,false,near_mint,en,USD,2026-07-30T02:59:09.252Z
collection,binder,Ambition's Cost,CLB,Commander Legends: Battle for Baldur's Gate,110,normal,uncommon,2,68965,393e0bfe-fa2d-43a1-a880-2d2083aa559a,0.11,false,false,near_mint,en,USD,2026-07-30T02:59:09.219Z
collection,binder,Haunting Misery,WTH,Weatherlight,71,normal,common,6,37226,939b83ba-8ba8-4b98-8a13-a037ba7805e9,0.22,false,false,near_mint,en,USD,2026-07-30T02:59:09.232Z
collection,binder,Soul Burn,ICE,Ice Age,161,normal,common,4,39648,eb8e00d2-2381-4d45-bed8-c9bf738a9419,0.11,false,false,near_mint,en,USD,2026-07-30T02:59:09.233Z
collection,binder,Soul Exchange,FEM,Fallen Empires,43,normal,uncommon,4,40290,9f73597d-f453-4d37-b2ef-c54ef683a884,1.03,false,false,near_mint,en,USD,2026-07-30T02:59:09.235Z
collection,binder,Drain Life,4ED,Fourth Edition,132,normal,common,4,40055,b9d10677-36f0-4339-a2c3-213e8ee1c51d,0.16,false,false,near_mint,en,USD,2026-07-30T02:59:09.241Z
collection,binder,Icequake,ICE,Ice Age,134,normal,uncommon,4,39675,14b4dd4d-c617-4603-8a87-761ec6fc6883,0.56,false,false,near_mint,en,USD,2026-07-30T02:59:09.251Z
collection,binder,Hero's Downfall,FDN,Foundations,175,normal,uncommon,2,97185,ad2c01d9-8f54-46c0-9dc9-d4d4764ce1c9,0.27,false,false,near_mint,en,USD,2026-07-30T03:05:12.791Z
collection,binder,Dark Ritual,3ED,Revised Edition,99,normal,common,3,41326,48cb9467-657e-453f-afc8-1bf7121570ad,4.55,false,false,near_mint,en,USD,2026-07-30T03:05:12.792Z
collection,binder,Reckoner's Bargain,NEO,Kamigawa: Neon Dynasty,120,normal,common,4,66883,6338942d-d650-4571-8ec6-4d658792c53e,1.41,false,false,near_mint,en,USD,2026-07-30T03:05:12.793Z
collection,binder,Public Execution,CN2,Conspiracy: Take the Crown,145,normal,uncommon,1,7952,2503fe09-5b18-4bff-9431-1de4c161cafe,0.11,false,false,near_mint,en,USD,2026-07-30T03:05:12.796Z
collection,binder,Defenestrate,J25,Foundations Jumpstart,420,normal,common,1,101223,dc414181-1f66-4f29-8b35-7b09fb7ff5ad,0.15,false,false,near_mint,en,USD,2026-07-30T03:05:12.797Z
collection,binder,Tragic Slip,J25,Foundations Jumpstart,496,normal,common,1,101294,e9eafe7e-d141-44e3-9c60-c0872dd140e4,0.33,false,false,near_mint,en,USD,2026-07-30T03:05:12.799Z
collection,binder,Infernal Grasp,INR,Innistrad Remastered,119,normal,uncommon,1,102812,e2b74630-1768-4b02-b7ca-37cd35ede6cf,0.4,false,false,near_mint,en,USD,2026-07-30T03:05:12.800Z
collection,binder,Tragic Slip,INR,Innistrad Remastered,134,foil,common,1,102428,132ccc20-cb42-4474-b747-7e41a661060e,0.36,false,false,near_mint,en,USD,2026-07-30T03:05:12.801Z
collection,binder,Village Rites,INR,Innistrad Remastered,137,foil,common,1,102519,42ed35e9-51cd-468a-86a9-9412553cf50d,1.36,false,false,near_mint,en,USD,2026-07-30T03:05:12.806Z
collection,binder,Village Rites,INR,Innistrad Remastered,392,normal,common,1,102555,58fc8aca-9408-4ea4-9360-042cfe5da1f9,1.36,false,false,near_mint,en,USD,2026-07-30T03:05:12.808Z
collection,binder,Assassin's Ink,NEO,Kamigawa: Neon Dynasty,87,normal,uncommon,4,66374,5a926c10-029d-4e24-8c3f-1808025e30aa,0.28,false,false,near_mint,en,USD,2026-07-30T03:05:12.810Z
collection,binder,Bitter Downfall,LTR,The Lord of the Rings: Tales of Middle-earth,77,normal,uncommon,3,83593,e4b83aa1-33ce-4b8d-ae5a-72f64eef5f09,0.19,false,false,near_mint,en,USD,2026-07-30T03:05:12.831Z
collection,binder,Gollum's Bite,LTR,The Lord of the Rings: Tales of Middle-earth,85,normal,uncommon,2,82900,1b1e790e-ff82-4888-8aee-9986c646241a,0.19,false,false,near_mint,en,USD,2026-07-30T03:05:12.832Z
collection,binder,Saw in Half,UNF,Unfinity,88,normal,rare,1,72628,05e6a7bc-a35a-4e68-99a0-be264553b5de,5.04,false,false,near_mint,en,USD,2026-07-30T03:05:12.834Z
collection,binder,Consuming Ashes,OTJ,Outlaws of Thunder Junction,83,normal,common,3,93165,54f96be9-60fc-4e2f-9172-4cc53c9a095a,0.19,false,false,near_mint,en,USD,2026-07-30T03:05:12.836Z
collection,binder,Astarion's Thirst,CLB,Commander Legends: Battle for Baldur's Gate,114,normal,rare,1,68914,2366640a-ca4a-4325-8578-1ec78d0382cc,2.06,false,false,near_mint,en,USD,2026-07-30T03:05:12.838Z
collection,binder,Deadly Dispute,BLC,Bloomburrow Commander,181,normal,common,1,96317,61f2155e-c3b2-4c8e-b5b0-25dd5e29228c,0.39,false,false,near_mint,en,USD,2026-07-30T03:05:12.839Z
collection,binder,Cast Down,CLB,Commander Legends: Battle for Baldur's Gate,119,normal,uncommon,1,69212,aba79021-39af-4e74-beb5-f2f508c865b2,0.49,false,false,near_mint,en,USD,2026-07-30T03:05:12.840Z
collection,binder,Deadly Dispute,OTC,Outlaws of Thunder Junction Commander,131,normal,common,1,93919,ed01650e-4eb5-4884-9cc6-947b0e20dd3c,0.54,false,false,near_mint,en,USD,2026-07-30T03:05:12.841Z
collection,binder,Armor of Shadows,CLB,Commander Legends: Battle for Baldur's Gate,112,foil,common,1,68947,32f5d5be-777f-4e7b-b18c-ce4a9cedb7d0,0.31,false,false,near_mint,en,USD,2026-07-30T03:05:12.842Z
collection,binder,Dig Up the Body,SNC,Streets of New Capenna,76,normal,common,1,67879,902abe4d-5c19-4c96-b825-e6cd4d954a84,0.17,false,false,near_mint,en,USD,2026-07-30T03:05:12.843Z
collection,binder,Slice from the Shadows,MKM,Murders at Karlov Manor,301,normal,common,1,91220,d4e49c72-0fa2-4271-aabd-38a3e2b4779c,0.19,false,false,near_mint,en,USD,2026-07-30T03:05:12.844Z
collection,binder,Toxin Analysis,MKM,Murders at Karlov Manor,107,normal,common,1,90660,0eda1aff-c1f4-4171-a800-605396cc8168,0.2,false,false,near_mint,en,USD,2026-07-30T03:05:12.845Z
collection,binder,Slice from the Shadows,MKM,Murders at Karlov Manor,103,normal,common,1,90770,317800b3-6b2d-4de6-8e44-7e54dd623055,0.2,false,false,near_mint,en,USD,2026-07-30T03:05:12.846Z
collection,binder,Murder,CLB,Commander Legends: Battle for Baldur's Gate,134,normal,common,2,69261,bdef7fea-2bd0-42a2-96f6-6def18bd7f0c,0.24,false,false,near_mint,en,USD,2026-07-30T03:05:12.790Z
collection,binder,Village Rites,INR,Innistrad Remastered,137,normal,common,3,102519,42ed35e9-51cd-468a-86a9-9412553cf50d,0.72,false,false,near_mint,en,USD,2026-07-30T03:05:12.795Z
collection,binder,Tragic Slip,INR,Innistrad Remastered,134,normal,common,3,102428,132ccc20-cb42-4474-b747-7e41a661060e,0.23,false,false,near_mint,en,USD,2026-07-30T03:05:12.803Z
collection,binder,Return to Action,NEO,Kamigawa: Neon Dynasty,121,normal,common,7,66862,342ec072-e581-490c-b5ae-a625bd35a153,0.26,false,false,near_mint,en,USD,2026-07-30T03:05:12.809Z
collection,binder,Lethal Exploit,NEO,Kamigawa: Neon Dynasty,107,normal,common,5,66409,8d8edf8f-c2bd-4fd1-8abf-d3162e068b17,0.18,false,false,near_mint,en,USD,2026-07-30T03:05:12.811Z
collection,binder,You Are Already Dead,NEO,Kamigawa: Neon Dynasty,129,normal,common,7,66554,768727ce-4f84-4527-8d69-3c9b7877b748,0.2,false,false,near_mint,en,USD,2026-07-30T03:05:12.812Z
collection,binder,Debt to the Kami,NEO,Kamigawa: Neon Dynasty,92,normal,common,5,66908,c1a7e728-ba01-4e3d-b269-9e2dd85a1d1b,0.23,false,false,near_mint,en,USD,2026-07-30T03:05:12.813Z
collection,binder,Nasty End,LTR,The Lord of the Rings: Tales of Middle-earth,416,normal,common,6,82993,37271b8b-3c58-43aa-b120-f0aa12fb3ad5,0.29,false,false,near_mint,en,USD,2026-07-30T03:05:12.821Z
collection,binder,Nasty End,LTR,The Lord of the Rings: Tales of Middle-earth,99,normal,common,4,83477,c34f88d7-15a1-434f-88d7-3d4fcf406d54,0.27,false,false,near_mint,en,USD,2026-07-30T03:05:12.822Z
collection,binder,Shelob's Ambush,LTR,The Lord of the Rings: Tales of Middle-earth,108,normal,common,2,82941,25e69fa8-7339-4bfa-8e35-9cbfe0001d8b,0.32,false,false,near_mint,en,USD,2026-07-30T03:05:12.823Z
collection,binder,Bitter Downfall,LTR,The Lord of the Rings: Tales of Middle-earth,77,foil,uncommon,2,83593,e4b83aa1-33ce-4b8d-ae5a-72f64eef5f09,0.18,false,false,near_mint,en,USD,2026-07-30T03:05:12.824Z
collection,binder,Orcish Medicine,LTR,The Lord of the Rings: Tales of Middle-earth,104,normal,common,3,83149,66fae9ab-2302-4dea-a4e8-701938a0ef09,0.27,false,false,near_mint,en,USD,2026-07-30T03:05:12.825Z
collection,binder,Six-Sided Die,UNF,Unfinity,92,normal,common,6,73179,81f0902a-1bc7-4231-8530-2b0fe28a6030,0.25,false,false,near_mint,en,USD,2026-07-30T03:05:12.833Z
collection,binder,Flesh to Dust,M15,Magic 2015,98,normal,common,1,13754,16b2e842-6c92-47b0-bed4-e0e64485f168,0.04,false,false,near_mint,en,USD,2026-07-30T03:18:38.695Z
collection,binder,Lethal Scheme,PIP,Fallout,185,normal,rare,1,91922,1b2c44f7-7b54-4cdf-8f53-ab78c515795b,0.31,false,false,near_mint,en,USD,2026-07-30T03:18:38.696Z
collection,binder,Supernatural Stamina,CMR,Commander Legends,151,normal,common,1,56204,ce15ab0b-c70d-4ac0-a6ee-dbd31736ce1f,0.09,false,false,near_mint,en,USD,2026-07-30T03:18:38.697Z
collection,binder,Pharika's Cure,THS,Theros,100,normal,common,1,15564,c0efc963-5848-44eb-a654-c08b5bd4501d,0.09,false,false,near_mint,en,USD,2026-07-30T03:18:38.698Z
collection,binder,Bile Blight,BNG,Born of the Gods,61,normal,uncommon,1,14899,3ca11057-e50a-4817-924a-5bb504d0780f,0.15,false,false,near_mint,en,USD,2026-07-30T03:18:38.699Z
collection,binder,Tar Snare,OGW,Oath of the Gatewatch,90,normal,common,1,9292,06ee017c-25ae-4668-8cfe-ae3b55e851aa,0.04,false,false,near_mint,en,USD,2026-07-30T03:18:38.700Z
collection,binder,Candy Grapple,WOE,Wilds of Eldraine,83,normal,common,1,85276,190d97bc-dbef-496d-9bd1-b785bdf8a964,0.18,false,false,near_mint,en,USD,2026-07-30T03:18:38.701Z
collection,binder,Rat Out,WOE,Wilds of Eldraine,103,normal,common,1,85831,f2c42755-bf91-4c75-95c6-d2a60ba3492a,0.29,false,false,near_mint,en,USD,2026-07-30T03:18:38.702Z
collection,binder,V.A.T.S.,PIP,Fallout,50,normal,rare,1,92164,512df222-0db0-4b24-9372-d0c01b181b91,1.57,false,false,near_mint,en,USD,2026-07-30T03:18:38.703Z
collection,binder,Murder,MKM,Murders at Karlov Manor,95,normal,common,1,90697,1ea6438b-0e6c-4d65-8bcd-34a988717c81,0.28,false,false,near_mint,en,USD,2026-07-30T03:18:38.704Z
collection,binder,Lethal Scheme,PIP,Fallout,464,normal,rare,1,92135,4a7c7321-9d14-4940-8d59-4ffc7abdab07,1.31,false,false,near_mint,en,USD,2026-07-30T03:18:38.705Z
collection,binder,Deadly Dispute,PIP,Fallout,184,normal,common,1,92858,f1ee1e37-bde7-4208-8851-718f2ae1c540,0.4,false,false,near_mint,en,USD,2026-07-30T03:18:38.707Z
collection,binder,Corrupted Conviction,OTJ,Outlaws of Thunder Junction,84,normal,common,1,93235,8046f892-3317-4ef7-9cf7-97b9060540c8,0.26,false,false,near_mint,en,USD,2026-07-30T03:18:38.708Z
collection,binder,Feign Death,AFR,Adventures in the Forgotten Realms,103,foil,common,1,60199,32af7061-fca6-4a06-be3c-01881e6b96f7,1.74,false,false,near_mint,en,USD,2026-07-30T03:18:38.710Z
collection,binder,Curtains' Call,OTC,Outlaws of Thunder Junction Commander,130,normal,rare,1,93760,9899d9c7-7c68-4d10-8249-5d1193f77030,0.56,false,false,near_mint,en,USD,2026-07-30T03:18:38.711Z
collection,binder,Feed the Cauldron,WOE,Wilds of Eldraine,91,normal,common,1,85250,0cfd18a5-e06a-4cb5-b78e-de18ec641321,0.24,false,false,near_mint,en,USD,2026-07-30T03:18:38.712Z
collection,binder,Soul Rend,MIR,Mirage,144,normal,uncommon,1,38446,7fa084e1-05c2-4691-b9fe-3e3c717e5c9d,0.35,false,false,near_mint,en,USD,2026-07-30T03:18:38.714Z
collection,binder,Dark Banishing,MIR,Mirage,115,normal,common,1,38475,5f983dcb-b077-465f-a70b-6bd0e425556c,0.12,false,false,near_mint,en,USD,2026-07-30T03:18:38.716Z
collection,binder,Undying Malice,FDN,Foundations,528,normal,common,1,100858,97b3cf11-e352-4ee1-8c03-13898f576ef9,0.25,false,false,near_mint,en,USD,2026-07-30T03:18:38.732Z
collection,binder,Moment of Craving,FDN,Foundations,524,normal,common,1,97174,3627f9fb-b828-49cd-887d-e2ab3ef43dfb,0.14,false,false,near_mint,en,USD,2026-07-30T03:18:38.733Z
collection,binder,Tribute to Hunger,FDN,Foundations,614,normal,uncommon,1,100170,11f1b897-bb7d-4217-97a7-c89f2453c8fa,0.19,false,false,near_mint,en,USD,2026-07-30T03:18:38.734Z
collection,binder,Stab,FDN,Foundations,71,normal,common,1,101538,6859a5ba-1c1c-4631-bba8-f9900b827178,0.21,false,false,near_mint,en,USD,2026-07-30T03:18:38.736Z
collection,binder,Deadly Dispute,J25,Foundations Jumpstart,115,normal,common,1,100942,a788df2d-75e7-4a3b-a046-7e264e40cbfa,0.34,false,false,near_mint,en,USD,2026-07-30T03:18:38.738Z
collection,binder,Hero's Downfall,VOW,Innistrad: Crimson Vow,120,normal,uncommon,2,64397,c1b0751e-3a7e-4568-8c64-7429d6829687,0.13,false,false,near_mint,en,USD,2026-07-30T03:18:38.743Z
collection,binder,Shadow Prophecy,PLST,The List,DMU-105,normal,common,2,98568,fb5d4795-252d-46d5-ac0f-48f97a8c8d3b,0.16,false,false,near_mint,en,USD,2026-07-30T03:18:38.747Z
collection,binder,Heartless Act,PLST,The List,IKO-91,normal,uncommon,1,98494,ec166c2f-b70f-4598-afee-c2df1177e452,0.2,false,false,near_mint,en,USD,2026-07-30T03:18:38.748Z
collection,binder,Winter's Intervention,DSK,Duskmourn: House of Horror,123,normal,common,1,99302,b33d38fa-bbcf-4bcc-93a8-adbfd9c93faa,0.08,false,false,near_mint,en,USD,2026-07-30T03:18:38.749Z
collection,binder,Chain Assassination,ACR,Assassin's Creed,23,normal,uncommon,1,95505,d4bcd9c9-5957-48ee-9c12-f659c5fd07d0,0.31,false,false,near_mint,en,USD,2026-07-30T03:18:38.750Z
collection,binder,Battle-Rage Blessing,DMU,Dominaria United,80,normal,common,1,71558,7cfc631b-49d1-4f1c-adac-5b07a2ccd06f,0.15,false,false,near_mint,en,USD,2026-07-30T03:18:38.754Z
collection,binder,Rush of Vitality,KLD,Kaladesh,99,normal,common,1,7544,1e53cd8b-18f8-4950-84d4-7aafa26c7ae4,0.12,false,false,near_mint,en,USD,2026-07-30T03:18:38.755Z
collection,binder,Scales of Shale,BLB,Bloomburrow,110,normal,common,1,95955,9ae14276-dbbd-4257-80e9-accd6c19f5b2,0.14,false,false,near_mint,en,USD,2026-07-30T03:18:38.757Z
collection,binder,Fanatical Offering,LCI,The Lost Caverns of Ixalan,105,normal,common,1,88940,d896dd52-b134-4b55-ab91-ccb05ecc50f4,1.6,false,false,near_mint,en,USD,2026-07-30T03:18:38.761Z
collection,binder,Anoint with Affliction,ONE,Phyrexia: All Will Be One,81,normal,common,1,78961,f7dc55a8-290f-4666-90ce-aa632e87c5e7,0.23,false,false,near_mint,en,USD,2026-07-30T03:18:38.766Z
collection,binder,Sugar Rush,WOE,Wilds of Eldraine,110,foil,common,1,85626,a638c9ba-45d6-4b50-a8ab-ef580a0a5d8e,0.29,false,false,near_mint,en,USD,2026-07-30T03:18:38.767Z
collection,binder,Moment of Defiance,BRO,The Brothers' War,108,normal,common,1,75290,0e99fb27-a1e9-491f-ab2a-3ccb493168cb,0.09,false,false,near_mint,en,USD,2026-07-30T03:18:38.768Z
collection,binder,Wither and Bloom,MH3,Modern Horizons 3,111,foil,common,1,94871,95c2390f-71f1-4e42-83da-d603ca86a8d0,0.22,false,false,near_mint,en,USD,2026-07-30T03:18:38.770Z
collection,binder,Disfigure,BRO,The Brothers' War,91,normal,common,1,75700,aaa9c6f1-3938-448b-bdc3-22420c5984d3,0.05,false,false,near_mint,en,USD,2026-07-30T03:18:38.771Z
collection,binder,Bitter Triumph,LCI,The Lost Caverns of Ixalan,91,normal,uncommon,2,88237,05bdd22c-3e11-4c29-bdfa-d3dfc0e90a9f,0.42,false,false,near_mint,en,USD,2026-07-30T03:18:38.773Z
collection,binder,Hazel's Nocturne,BLB,Bloomburrow,97,normal,uncommon,1,96009,239363df-4de8-4b64-80fc-a1f4b5c36027,0.24,false,false,near_mint,en,USD,2026-07-30T03:18:38.775Z
collection,binder,Desperate Measures,TDM,Tarkir: Dragonstorm,78,normal,uncommon,1,104959,ccbc6fd0-42bc-4e8b-96bc-69a631ba7106,0.25,false,false,near_mint,en,USD,2026-07-30T03:18:38.777Z
collection,binder,Dark Banishing,ICE,Ice Age,119,normal,common,4,39690,f7dc2716-ed62-4797-ad2b-227eca5408d0,0.14,false,false,near_mint,en,USD,2026-07-30T03:18:38.713Z
collection,binder,Fatal Blow,WTH,Weatherlight,67,normal,common,3,37230,044dc7c2-6198-4526-b79a-f3d8ee7a157a,0.1,false,false,near_mint,en,USD,2026-07-30T03:18:38.715Z
collection,binder,Bleed Dry,VOW,Innistrad: Crimson Vow,94,normal,common,5,64164,3db65755-f104-4de9-bcc9-0a4a7bc66b51,0.15,false,false,near_mint,en,USD,2026-07-30T03:18:38.737Z
collection,binder,Undying Malice,VOW,Innistrad: Crimson Vow,134,normal,common,3,64310,8eb38041-043a-4b18-9d9a-f1283684e8f1,0.45,false,false,near_mint,en,USD,2026-07-30T03:18:38.740Z
collection,binder,Parasitic Grasp,VOW,Innistrad: Crimson Vow,123,normal,uncommon,2,64070,0713adf7-1770-4d5b-80f7-d6cbd24f7890,0.09,false,false,near_mint,en,USD,2026-07-30T03:18:38.742Z
collection,binder,Fatal Push,ACR,Assassin's Creed,90,normal,uncommon,3,95520,e6949e85-2db2-43a7-93bd-485c7b196298,0.4,false,false,near_mint,en,USD,2026-07-30T03:18:38.751Z
collection,binder,Murder,ACR,Assassin's Creed,92,normal,uncommon,2,95422,86d73f4c-0bbd-4616-81a6-102db6cd7db9,0.2,false,false,near_mint,en,USD,2026-07-30T03:18:38.753Z
collection,binder,Early Winter,BLB,Bloomburrow,93,normal,common,3,95626,5030e6ac-211d-4145-8c87-998a8351a467,0.11,false,false,near_mint,en,USD,2026-07-30T03:18:38.756Z
collection,binder,Savor,BLB,Bloomburrow,109,normal,common,2,96178,1397f689-dca1-4d35-864b-92c5606afb9a,0.12,false,false,near_mint,en,USD,2026-07-30T03:18:38.760Z
collection,binder,Give In to Violence,DSK,Duskmourn: House of Horror,101,normal,common,2,98763,00ac1759-d4cc-41d5-a9b7-a89b80d2190c,0.14,false,false,near_mint,en,USD,2026-07-30T03:18:38.763Z
collection,binder,Alesha's Legacy,TDM,Tarkir: Dragonstorm,72,normal,common,2,104875,a9262bf6-df6a-446c-ba70-18270a09842d,0.21,false,false,near_mint,en,USD,2026-07-30T03:18:38.778Z
collection,binder,Dragon's Prey,TDM,Tarkir: Dragonstorm,79,normal,common,2,104754,7a6004ff-4180-4332-8b51-960f8c7521d9,0.16,false,false,near_mint,en,USD,2026-07-30T03:18:38.779Z
collection,binder,Wither and Bloom,MH3,Modern Horizons 3,111,normal,common,3,94871,95c2390f-71f1-4e42-83da-d603ca86a8d0,0.13,false,false,near_mint,en,USD,2026-07-30T03:18:38.782Z
collection,binder,Terror,3ED,Revised Edition,132,normal,common,4,41293,0eaf0ac8-f5a7-4689-8d3e-dd865763df44,0.18,false,false,near_mint,en,USD,2026-07-30T03:18:38.801Z
collection,binder,Heartless Summoning,INR,Innistrad Remastered,309,foil,rare,1,102782,cc7aad0c-2143-47f6-b838-9ad1c27d2b33,4.28,false,false,near_mint,en,USD,2026-07-30T03:49:06.017Z
collection,binder,The Meathook Massacre,INR,Innistrad Remastered,122,normal,mythic,1,101872,70d0540f-93c6-4af5-ab2d-65e6c03001c7,27.27,false,false,near_mint,en,USD,2026-07-30T03:49:06.018Z
collection,binder,Ghoulish Procession,INR,Innistrad Remastered,378,normal,uncommon,1,102492,387abaa4-88e5-4eff-802e-2f842127b94f,0.28,false,false,near_mint,en,USD,2026-07-30T03:49:06.019Z
collection,binder,March from the Black Gate,LTR,The Lord of the Rings: Tales of Middle-earth,94,foil,uncommon,2,82810,e57815d4-b21f-4ceb-a3f1-73cff5f0e612,1.11,false,false,near_mint,en,USD,2026-07-30T03:49:06.021Z
collection,binder,Morgul-Knife Wound,LTR,The Lord of the Rings: Tales of Middle-earth,98,normal,common,2,83102,5ae08177-48ee-4404-834d-d3cd7482ae81,0.17,false,false,near_mint,en,USD,2026-07-30T03:49:06.022Z
collection,binder,Revenge of Ravens,LTC,Tales of Middle-earth Commander,207,normal,uncommon,1,83250,8418f1ed-e4b8-436b-8859-c4df51c29f60,0.42,false,false,near_mint,en,USD,2026-07-30T03:49:06.023Z
collection,binder,Oath of the Grey Host,LTR,The Lord of the Rings: Tales of Middle-earth,101,foil,uncommon,1,83165,6a780abd-f276-40d3-b2af-d2e47d858d3d,0.2,false,false,near_mint,en,USD,2026-07-30T03:49:06.024Z
collection,binder,Liliana's Contract,M19,Core Set 2019,107,normal,rare,1,1205,750e6246-c28d-46ed-9966-26706f6d3172,4.14,false,false,near_mint,en,USD,2026-07-30T03:49:06.025Z
collection,binder,Vampiric Rites,FDN,Foundations,615,normal,uncommon,1,100875,9ae0b1e0-a481-4a98-b67b-0cf8bac53fdd,0.13,false,false,near_mint,en,USD,2026-07-30T03:49:06.026Z
collection,binder,Demonic Pact,FDN,Foundations,602,normal,mythic,1,100549,5b0b7242-df91-48cf-bf4e-b68306c9965f,0.32,false,false,near_mint,en,USD,2026-07-30T03:49:06.027Z
collection,binder,Midnight Snack,FDN,Foundations,65,normal,uncommon,1,101129,c9b7543f-2a45-4db6-b560-d15507a58c91,0.28,false,false,near_mint,en,USD,2026-07-30T03:49:06.028Z
collection,binder,Exquisite Blood,JMP,Jumpstart,231,normal,rare,1,51439,b1653811-1c2c-4e6c-bf1c-287d1b496d51,36.55,false,false,near_mint,en,USD,2026-07-30T03:49:06.029Z
collection,binder,Defiled Crypt // Cadaver Lab,DSK,Duskmourn: House of Horror,91,normal,uncommon,1,99366,d94fb4da-0d3f-4d84-966b-914b84b23289,0.25,false,false,near_mint,en,USD,2026-07-30T03:49:06.033Z
collection,binder,Derelict Attic // Widow's Walk,DSK,Duskmourn: House of Horror,93,normal,common,1,99091,2cae24c1-53f1-4f3f-8795-b634c46a17c4,0.19,false,false,near_mint,en,USD,2026-07-30T03:49:06.035Z
collection,binder,The Revelations of Ezio,ACR,Assassin's Creed,31,normal,uncommon,1,95528,ed77def5-ac92-4907-805d-261cae0db357,0.24,false,false,near_mint,en,USD,2026-07-30T03:49:06.037Z
collection,binder,Phyrexian Scriptures,DOM,Dominaria,100,normal,mythic,1,2176,7f3423d7-cb81-47bf-b9a6-a279ba6cedf4,0.82,false,false,near_mint,en,USD,2026-07-30T03:49:06.038Z
collection,binder,Necrogen Communion,ONE,Phyrexia: All Will Be One,99,normal,uncommon,1,78605,6ac8cd7c-992f-4953-b5bf-42e5a9ff09ad,0.33,false,false,near_mint,en,USD,2026-07-30T03:49:06.039Z
collection,binder,Raiders' Wake,XLN,Ixalan,116,normal,uncommon,1,3896,fd81dd41-a982-46d2-a572-432580be73c5,0.5,false,false,near_mint,en,USD,2026-07-30T03:49:06.040Z
collection,binder,Tortured Existence,PLST,The List,STH-74,normal,common,2,54883,1efe6c2f-eb19-4a34-925a-3b90d2dbe680,4.58,false,false,near_mint,en,USD,2026-07-30T03:49:06.041Z
collection,binder,Zombie Infestation,PLST,The List,ODY-170,normal,uncommon,1,97356,12fd6d4d-203b-4a2e-8726-1533fe74e475,0.35,false,false,near_mint,en,USD,2026-07-30T03:49:06.042Z
collection,binder,Vow of Malice,CM2,Commander Anthology Volume II,82,normal,uncommon,1,1655,c58a738c-3f39-4556-ae9a-90f240e3062b,0.86,false,false,near_mint,en,USD,2026-07-30T03:49:06.043Z
collection,binder,Cramped Vents // Access Maze,DSC,Duskmourn: House of Horror Commander,17,normal,rare,1,98986,7ba1e27e-ed0d-438c-9ec6-a48a04718512,0.34,false,false,near_mint,en,USD,2026-07-30T03:49:06.044Z
collection,binder,Blanket of Night,VIS,Visions,52,normal,uncommon,1,38121,fe012fd0-9ff0-4436-a890-3ab436e42201,1.2,false,false,near_mint,en,USD,2026-07-30T03:49:06.045Z
collection,binder,The Eldest Reborn,DSC,Duskmourn: House of Horror Commander,139,normal,uncommon,1,99145,4d29351e-5608-40e8-8220-6c9635d48ad4,0.36,false,false,near_mint,en,USD,2026-07-30T03:49:06.046Z
collection,binder,Canonized in Blood,LCI,The Lost Caverns of Ixalan,96,normal,uncommon,2,88410,384b6892-5dfc-4607-b511-cf83544a9357,0.21,false,false,near_mint,en,USD,2026-07-30T03:49:06.047Z
collection,binder,The Creation of Avacyn,MH3,Modern Horizons 3,86,normal,uncommon,1,94385,27d701aa-df93-4f0e-b1e3-d081487eb456,0.25,false,false,near_mint,en,USD,2026-07-30T03:49:06.048Z
collection,binder,Ghoulish Procession,INR,Innistrad Remastered,110,normal,uncommon,2,102760,c178227f-3b66-45f7-9838-dff70f1f2003,0.35,false,false,near_mint,en,USD,2026-07-30T03:49:06.014Z
collection,binder,Triskaidekaphobia,INR,Innistrad Remastered,136,normal,uncommon,2,101859,3354807e-bea0-4903-8010-06618af4c700,0.29,false,false,near_mint,en,USD,2026-07-30T03:49:06.015Z
collection,binder,Gift of Fangs,VOW,Innistrad: Crimson Vow,113,normal,common,4,64361,a864375f-99c3-4c68-9440-bc25ff6d0dc0,0.19,false,false,near_mint,en,USD,2026-07-30T03:49:06.030Z
collection,binder,Cracked Skull,DSK,Duskmourn: House of Horror,88,normal,common,2,99214,7616ad5e-ed30-4876-8743-6f0f9f143ea1,0.15,false,false,near_mint,en,USD,2026-07-30T03:49:06.031Z
collection,binder,Twisted Embrace,NEO,Kamigawa: Neon Dynasty,125,foil,common,1,66922,e4c7919a-de62-46df-a937-593647473ef5,0.18,false,false,near_mint,en,USD,2026-07-30T03:52:58.202Z
collection,binder,Clawing Torment,NEO,Kamigawa: Neon Dynasty,91,foil,common,1,66880,621fce96-5933-4e2b-98ec-2589940e24cb,0.27,false,false,near_mint,en,USD,2026-07-30T03:52:58.218Z
collection,binder,Last Voyage of the _____,UNF,Unfinity,78,foil,uncommon,1,72896,b746c03f-85bf-429f-ba93-cd5d6a6999fb,0.11,false,false,near_mint,en,USD,2026-07-30T03:52:58.228Z
collection,binder,Scion of Halaster,CLB,Commander Legends: Battle for Baldur's Gate,498,etched,common,3,68969,3a7ce463-6427-4040-baec-c5fa361db806,0.34,false,false,near_mint,en,USD,2026-07-30T03:52:58.235Z
collection,binder,Stab Wound,WOT,Wilds of Eldraine: Enchanting Tales,36,normal,uncommon,1,85227,02e5953c-420f-4f5e-bee1-2e49662e1f5b,0.19,false,false,near_mint,en,USD,2026-07-30T03:52:58.237Z
collection,binder,Bastion of Remembrance,PIP,Fallout,182,normal,uncommon,1,92543,a2e2c839-4f55-482c-baaa-aa8f7c8e9b7d,0.43,false,false,near_mint,en,USD,2026-07-30T03:52:58.238Z
collection,binder,Agent of the Iron Throne,CLB,Commander Legends: Battle for Baldur's Gate,107,normal,uncommon,1,69046,5a5984d3-1e76-4d97-9373-b59cfa9c38ae,0.43,false,false,near_mint,en,USD,2026-07-30T03:52:58.239Z
collection,binder,Cultist of the Absolute,CLB,Commander Legends: Battle for Baldur's Gate,495,etched,rare,1,69260,bd9b11ac-187c-4cda-9197-93244d6906c8,0.4,false,false,near_mint,en,USD,2026-07-30T03:52:58.240Z
collection,binder,Caustic Tar,M15,Magic 2015,89,normal,uncommon,1,13763,81ddf81d-1746-41a7-951c-0bd68954505d,0.1,false,false,near_mint,en,USD,2026-07-30T03:52:58.241Z
collection,binder,Call of the Ring,LTR,The Lord of the Rings: Tales of Middle-earth,79,normal,rare,1,83376,a92a2c5a-e450-494a-b23b-7ac0a6c50535,3.9,false,false,near_mint,en,USD,2026-07-30T03:52:58.242Z
collection,binder,Agent of the Shadow Thieves,CLB,Commander Legends: Battle for Baldur's Gate,108,normal,uncommon,1,69375,f50448e9-afe4-4d4e-b027-bbb855f17aeb,0.28,false,false,near_mint,en,USD,2026-07-30T03:52:58.245Z
collection,binder,Parasitic Impetus,CLB,Commander Legends: Battle for Baldur's Gate,140,normal,common,2,69134,82958da6-71d5-4ad3-a149-aaa31f25e7cf,0.2,false,false,near_mint,en,USD,2026-07-30T03:52:58.247Z
collection,binder,Clawing Torment,NEO,Kamigawa: Neon Dynasty,91,normal,common,7,66880,621fce96-5933-4e2b-98ec-2589940e24cb,0.29,false,false,near_mint,en,USD,2026-07-30T03:52:58.200Z
collection,binder,Life of Toshiro Umezawa // Memory of Toshiro,NEO,Kamigawa: Neon Dynasty,108,normal,uncommon,4,66481,f7f4adf7-b871-417b-8904-7f024ca21486,0.19,false,false,near_mint,en,USD,2026-07-30T03:52:58.201Z
collection,binder,The Long Reach of Night // Animus of Night's Reach,NEO,Kamigawa: Neon Dynasty,109,normal,uncommon,3,66694,4ec18bf7-bd80-408d-acc4-ffaaf7ef6b5b,0.26,false,false,near_mint,en,USD,2026-07-30T03:52:58.203Z
collection,binder,Twisted Embrace,NEO,Kamigawa: Neon Dynasty,125,normal,common,5,66922,e4c7919a-de62-46df-a937-593647473ef5,0.17,false,false,near_mint,en,USD,2026-07-30T03:52:58.204Z
collection,binder,Okiba Reckoner Raid // Nezumi Road Captain,NEO,Kamigawa: Neon Dynasty,117,normal,common,3,66534,4f0582b4-d951-4450-b158-4a34109e48cd,0.2,false,false,near_mint,en,USD,2026-07-30T03:52:58.207Z
collection,binder,Last Voyage of the _____,UNF,Unfinity,78,normal,uncommon,3,72896,b746c03f-85bf-429f-ba93-cd5d6a6999fb,0.03,false,false,near_mint,en,USD,2026-07-30T03:52:58.224Z
collection,binder,Night Shift of the Living Dead,UNF,Unfinity,81,normal,uncommon,5,72627,05ccea2d-5cde-4c30-a498-66199cbc90a2,0.31,false,false,near_mint,en,USD,2026-07-30T03:52:58.225Z
collection,binder,Sigil of Myrkul,CLB,Commander Legends: Battle for Baldur's Gate,147,normal,uncommon,2,68918,24fdf8bd-1893-4599-936a-fe0d6a87545f,0.22,false,false,near_mint,en,USD,2026-07-30T03:52:58.227Z
collection,binder,Scion of Halaster,CLB,Commander Legends: Battle for Baldur's Gate,145,normal,common,3,69286,c876f9b3-b4f6-4177-9c43-443ae2a028d0,0.26,false,false,near_mint,en,USD,2026-07-30T03:52:58.229Z
collection,binder,Criminal Past,CLB,Commander Legends: Battle for Baldur's Gate,122,normal,uncommon,2,69070,6410a2a2-48d9-4032-b585-4eaa5bc06581,0.23,false,false,near_mint,en,USD,2026-07-30T03:52:58.230Z
collection,binder,Oath of the Grey Host,LTR,The Lord of the Rings: Tales of Middle-earth,101,normal,uncommon,2,83165,6a780abd-f276-40d3-b2af-d2e47d858d3d,0.2,false,false,near_mint,en,USD,2026-07-30T03:52:58.231Z
collection,binder,March from the Black Gate,LTR,The Lord of the Rings: Tales of Middle-earth,94,normal,uncommon,2,82810,e57815d4-b21f-4ceb-a3f1-73cff5f0e612,0.27,false,false,near_mint,en,USD,2026-07-30T03:52:58.232Z
collection,binder,Visions of Brutality,OGW,Oath of the Gatewatch,81,normal,uncommon,1,9301,ec9ed374-54ad-4b81-b071-0b4668feb282,0.43,false,false,near_mint,en,USD,2026-07-30T04:01:23.299Z
collection,binder,Sinister Concoction,SOI,Shadows over Innistrad,135,normal,uncommon,1,8861,815ca911-ccc1-4466-8d12-054b8d241992,0.14,false,false,near_mint,en,USD,2026-07-30T04:01:23.300Z
collection,binder,Untamed Hunger,OGW,Oath of the Gatewatch,91,normal,common,1,9291,595deb86-b6cf-4e4f-a6cf-f5ff128b720d,0.07,false,false,near_mint,en,USD,2026-07-30T04:01:23.301Z
collection,binder,Discreet Retreat,OTC,Outlaws of Thunder Junction Commander,20,normal,rare,1,93814,b221b4d0-7d9f-45bf-8bcd-ce0cea01abdf,0.34,false,false,near_mint,en,USD,2026-07-30T04:01:23.302Z
collection,binder,Sultai Runemark,FRF,Fate Reforged,86,normal,common,1,12040,98d73ae0-de01-4a70-a51c-b990687561a1,0.16,false,false,near_mint,en,USD,2026-07-30T04:01:23.305Z
collection,binder,Cast into Darkness,JOU,Journey into Nyx,63,normal,common,1,14586,0c1880d4-90c7-46a2-bbc9-d2b52971d11c,0.14,false,false,near_mint,en,USD,2026-07-30T04:01:23.307Z
collection,binder,Crippling Blight,M15,Magic 2015,92,normal,common,1,13760,3f9c1ba3-8b7c-413b-865d-0ca4b2f55903,0.09,false,false,near_mint,en,USD,2026-07-30T04:01:23.308Z
collection,binder,Black Market,PIP,Fallout,183,normal,rare,1,91985,275b4c56-e17e-49ec-8946-0e95a4bfa1ae,4.86,false,false,near_mint,en,USD,2026-07-30T04:01:23.309Z
collection,binder,Vault 12: The Necropolis,PIP,Fallout,51,normal,rare,1,91895,144cd9eb-9b15-40ce-8a48-919e72dbaa67,0.48,false,false,near_mint,en,USD,2026-07-30T04:01:23.310Z
collection,binder,Greed's Gambit,BIG,The Big Score,8,normal,mythic,1,93649,5b60a1a6-b2ca-4dc2-a6d9-eff97092079a,0.36,false,false,near_mint,en,USD,2026-07-30T04:01:23.311Z
collection,binder,Parasitic Impetus,CLU,Ravnica: Clue Edition,118,normal,common,1,91259,e3081ced-ad71-4134-9aee-0e70ddd38f85,0.13,false,false,near_mint,en,USD,2026-07-30T04:01:23.312Z
collection,binder,Illicit Masquerade,MKM,Murders at Karlov Manor,88,normal,rare,1,90746,2a7a3ec4-afaa-45e1-8cde-f15bf4bd7379,0.23,false,false,near_mint,en,USD,2026-07-30T04:01:23.313Z
collection,binder,Strands of Night,WTH,Weatherlight,82,normal,uncommon,1,37215,872ef62f-e119-470b-b212-9beb48469095,0.35,false,false,near_mint,en,USD,2026-07-30T04:01:23.351Z
collection,binder,Enfeeblement,MIR,Mirage,121,normal,common,1,38469,bf808509-c6c2-4dcb-b35b-e61291faf5d9,0.13,false,false,near_mint,en,USD,2026-07-30T04:01:23.367Z
collection,binder,Coils of the Medusa,WTH,Weatherlight,65,normal,common,1,37232,502bfb38-4a37-4053-af20-d5606ffc67c8,0.09,false,false,near_mint,en,USD,2026-07-30T04:01:23.368Z
collection,binder,Case of the Gorgon's Kiss,MKM,Murders at Karlov Manor,79,normal,uncommon,2,90831,45e4c07a-3205-4193-8163-b0e63e6242a4,0.09,false,false,near_mint,en,USD,2026-07-30T04:01:23.304Z
collection,binder,Seizures,ICE,Ice Age,159,normal,common,4,39650,da369c86-7e17-43d8-b626-b6842e3d2d50,0.16,false,false,near_mint,en,USD,2026-07-30T04:01:23.318Z
collection,binder,Unholy Strength,ATH,Anthologies,28,normal,common,4,35590,ef84263b-97ea-4e32-a0e4-ee3d66967bf9,0.19,false,false,near_mint,en,USD,2026-07-30T04:01:23.319Z
collection,binder,Feast of the Unicorn,HML,Homelands,47b,normal,common,2,39241,f05a2735-0f0d-46b5-9c2e-6c0ed8d8944d,0.21,false,false,near_mint,en,USD,2026-07-30T04:01:23.320Z
collection,binder,Feast of the Unicorn,HML,Homelands,47a,normal,common,2,39242,096e41d6-79c3-463f-ae63-872c3d8729a7,0.22,false,false,near_mint,en,USD,2026-07-30T04:01:23.321Z
collection,binder,Funeral March,HML,Homelands,48,normal,common,4,39240,054c5678-63d1-45d9-bd51-43100fd10afd,0.13,false,false,near_mint,en,USD,2026-07-30T04:01:23.322Z
collection,binder,Mind Whip,ICE,Ice Age,149,normal,rare,4,39660,3f3ff5fb-4126-4a18-b540-2beaae382e59,0.44,false,false,near_mint,en,USD,2026-07-30T04:01:23.323Z
collection,binder,Grave Servitude,MIR,Mirage,126,normal,common,2,38464,fbe072da-0524-492b-af3d-7c2600e915ab,0.14,false,false,near_mint,en,USD,2026-07-30T04:01:23.331Z
collection,binder,Breeding Pit,FEM,Fallen Empires,35,normal,uncommon,5,40309,a0d7e85f-eba5-4fc5-9fc0-109109d368aa,0.45,false,false,near_mint,en,USD,2026-07-30T04:01:23.332Z
collection,binder,Bad Moon,4ED,Fourth Edition,120,normal,rare,8,40067,aca216e2-27a5-40e1-bb61-0ddcd8ee02ae,8.83,false,false,near_mint,en,USD,2026-07-30T04:01:23.334Z
collection,binder,Animate Dead,3ED,Revised Edition,93,normal,uncommon,3,41332,eed73f84-ad08-44f8-a4fe-cd324ec1da92,7.2,false,false,near_mint,en,USD,2026-07-30T04:01:23.336Z
collection,binder,Unholy Strength,3ED,Revised Edition,133,normal,common,4,41292,3ac35077-91e9-446c-9cb2-e2cfb9fa2962,0.27,false,false,near_mint,en,USD,2026-07-30T04:01:23.339Z
collection,binder,Paralyze,3ED,Revised Edition,121,normal,common,2,41304,dbe8939d-c2f0-4dbc-b7dd-0483208f6876,0.17,false,false,near_mint,en,USD,2026-07-30T04:01:23.342Z
collection,binder,Paralyze,4ED,Fourth Edition,151,normal,common,2,40036,d0bcad9a-b69c-434a-8d48-6b727bd8e382,0.11,false,false,near_mint,en,USD,2026-07-30T04:01:23.354Z
collection,binder,Haunting Wind,ATQ,Antiquities,17,normal,uncommon,3,41508,a2f6ef2f-a3a2-4e1f-b7eb-59abc8414114,17.07,false,false,near_mint,en,USD,2026-07-30T04:01:23.361Z
collection,binder,Wishclaw Talisman,ELD,Throne of Eldraine,110,normal,rare,1,46228,07c17b01-ee5d-491a-8403-b3f819b778c4,5.83,false,false,near_mint,en,USD,2026-07-30T04:03:35.546Z
collection,binder,Ghost Lantern // Bind Spirit,CLB,Commander Legends: Battle for Baldur's Gate,128,foil,uncommon,1,69371,f2bde2d6-7c2a-4566-a45a-ccdbbed039b7,0.4,false,false,near_mint,en,USD,2026-07-30T04:03:35.549Z
collection,binder,Ghost Lantern // Bind Spirit,CLB,Commander Legends: Battle for Baldur's Gate,128,normal,uncommon,1,69371,f2bde2d6-7c2a-4566-a45a-ccdbbed039b7,0.16,false,false,near_mint,en,USD,2026-07-30T04:03:35.553Z
collection,binder,Cryptcaller Chariot,DFT,Aetherdrift,306,normal,rare,1,103172,914f4e3c-2729-488b-883f-7657deea39c8,0.98,false,false,near_mint,en,USD,2026-07-30T04:03:35.555Z
collection,binder,Wishclaw Talisman,FDN,Foundations,617,normal,rare,1,100627,69d0f5bd-ccea-49b2-bd79-ad5e4d850cf5,1.63,false,false,near_mint,en,USD,2026-07-30T04:03:35.556Z
collection,binder,Wishclaw Talisman,MB2,Mystery Booster 2,51,normal,rare,1,96943,9da15685-69c4-4517-b5a7-cf929e2788ba,2.13,false,false,near_mint,en,USD,2026-07-30T04:03:35.566Z
collection,binder,Drossclaw,MH3,Modern Horizons 3,89,normal,common,1,94498,70e68656-3204-4bb5-9f31-8036083fcba6,0.06,false,false,near_mint,en,USD,2026-07-30T04:03:35.568Z
collection,binder,Enormous Energy Blade,NEO,Kamigawa: Neon Dynasty,96,normal,uncommon,5,66579,991370bd-a96a-4ed0-bdf9-f03b98191abf,0.17,false,false,near_mint,en,USD,2026-07-30T04:03:35.541Z
collection,binder,Mukotai Soulripper,NEO,Kamigawa: Neon Dynasty,113,normal,rare,2,66644,166775be-c3b7-4a17-9376-aa4229b147f9,0.15,false,false,near_mint,en,USD,2026-07-30T04:03:35.542Z
collection,binder,Thieves' Tools,CLB,Commander Legends: Battle for Baldur's Gate,152,normal,common,2,69276,c3bf4ee1-b6a8-4a69-adab-6839c1786cc9,0.21,false,false,near_mint,en,USD,2026-07-30T04:03:35.544Z
collection,binder,"Grond, the Gatebreaker",LTR,The Lord of the Rings: Tales of Middle-earth,89,normal,uncommon,4,83056,4bc61b28-afdd-4de9-829b-ffe5ca7c7f19,0.18,false,false,near_mint,en,USD,2026-07-30T04:03:35.548Z
collection,binder,Blood Fountain,VOW,Innistrad: Crimson Vow,95,normal,common,6,64437,dd03651e-ada0-41dc-8722-0eba476943e3,0.4,false,false,near_mint,en,USD,2026-07-30T04:03:35.557Z
collection,binder,Groom's Finery,VOW,Innistrad: Crimson Vow,117,normal,uncommon,3,64174,43bc65cf-4444-4db3-9bb3-a7d91e560470,0.16,false,false,near_mint,en,USD,2026-07-30T04:03:35.558Z
collection,binder,Morinfen,WTH,Weatherlight,75,normal,rare,1,37222,b5006ad3-16ca-4be3-8d56-d4fe4e9e0a44,0.76,false,false,near_mint,en,USD,2026-07-30T04:07:01.002Z
collection,binder,"Sarevok, Deathbringer",CLB,Commander Legends: Battle for Baldur's Gate,144,normal,uncommon,1,68984,4009d5ab-945d-43c3-9077-f10f96249fc4,0.14,false,false,near_mint,en,USD,2026-07-30T04:07:01.008Z
collection,binder,"Sarevok, Deathbringer",CLB,Commander Legends: Battle for Baldur's Gate,391,normal,uncommon,1,69287,c8ff9756-12cc-4144-a815-a244fbe13b72,0.21,false,false,near_mint,en,USD,2026-07-30T04:07:01.012Z
collection,binder,"Arvinox, the Mind Flail",SLX,Universes Within,1,normal,mythic,1,67451,c83542de-38ca-4aad-acba-189374be37e2,0.45,false,false,near_mint,en,USD,2026-07-30T04:07:01.017Z
collection,binder,"Hancock, Ghoulish Mayor",PIP,Fallout,45,normal,rare,1,92062,39bda1b4-3f02-4cbc-9573-f5b6e6c991d5,1.36,false,false,near_mint,en,USD,2026-07-30T04:07:01.018Z
collection,binder,"Viconia, Drow Apostate",CLB,Commander Legends: Battle for Baldur's Gate,394,normal,uncommon,1,69387,f99ecf8e-3819-4a14-b2e8-8fcd3fef5846,0.19,false,false,near_mint,en,USD,2026-07-30T04:07:01.019Z
collection,binder,Gríma Wormtongue,LTR,The Lord of the Rings: Tales of Middle-earth,88,normal,uncommon,2,83283,8e3bd86b-e8ca-4885-a823-78fb967e6caf,0.2,false,false,near_mint,en,USD,2026-07-30T04:07:01.024Z
collection,binder,"Nashi, Moon Sage's Scion",OTC,Outlaws of Thunder Junction Commander,143,normal,mythic,2,93519,1e62de3b-6a41-43e3-93ad-9a1e3894be3b,3.62,false,false,near_mint,en,USD,2026-07-30T04:07:01.028Z
collection,binder,"Hidetsugu, Devouring Chaos",NEO,Kamigawa: Neon Dynasty,99,normal,rare,1,66383,6f4142d3-f7ca-4613-a6e5-528cf1f22383,0.29,false,false,near_mint,en,USD,2026-07-30T04:07:01.029Z
collection,binder,"Tatsunari, Toad Rider",NEO,Kamigawa: Neon Dynasty,123,normal,rare,1,66433,abf42833-43d0-4b05-b499-d13b2c577ee8,0.34,false,false,near_mint,en,USD,2026-07-30T04:07:01.031Z
collection,binder,"Shilgengar, Sire of Famine",MH3,Modern Horizons 3,109,normal,rare,1,94788,9e6aba35-bee5-4058-a2df-d73506d225c2,0.33,false,false,near_mint,en,USD,2026-07-30T04:07:01.032Z
collection,binder,"Arvinox, the Mind Flail",DSC,Duskmourn: House of Horror Commander,130,normal,mythic,1,99421,f81e3110-857c-4074-9c55-7e87c22051c9,0.41,false,false,near_mint,en,USD,2026-07-30T04:07:01.033Z
collection,binder,"Francisco, Fowl Marauder",LCC,The Lost Caverns of Ixalan Commander,49,normal,rare,1,88762,a1ca8ed4-7a98-43c1-ae00-3641ab070825,1.62,false,false,near_mint,en,USD,2026-07-30T04:07:01.034Z
collection,binder,"Rankle, Master of Pranks",OTC,Outlaws of Thunder Junction Commander,148,normal,rare,1,93602,4821d865-2a46-4611-ab93-1a9fdde08302,3.37,false,false,near_mint,en,USD,2026-07-30T04:07:01.035Z
collection,binder,"Roshan, Hidden Magister",ACR,Assassin's Creed,32,normal,uncommon,1,95524,eb17e6aa-8be5-40ea-a627-783c478c8eda,0.26,false,false,near_mint,en,USD,2026-07-30T04:07:01.036Z
collection,binder,"Whisper, Blood Liturgist",CMM,Commander Masters,198,foil,uncommon,1,84553,82ce13b0-372d-4664-a888-85f4c72e030d,0.36,false,false,near_mint,en,USD,2026-07-30T04:07:01.037Z
collection,binder,Massacre Girl,DSC,Duskmourn: House of Horror Commander,146,normal,rare,1,99164,59957c45-4672-4650-80b1-70e4a60b429e,0.45,false,false,near_mint,en,USD,2026-07-30T04:07:01.038Z
collection,binder,"Ozox, the Clattering King",J25,Foundations Jumpstart,44,normal,uncommon,1,100095,02cf5079-9da8-470d-8eea-00d6aac68d04,0.29,false,false,near_mint,en,USD,2026-07-30T04:07:01.040Z
collection,binder,Myojin of Night's Reach,FDN,Foundations,610,normal,rare,1,100676,73bc5505-7fa0-4ebf-a691-b4ca5f52b019,0.17,false,false,near_mint,en,USD,2026-07-30T04:07:01.041Z
collection,binder,"Gollum, Scheming Guide",LTR,The Lord of the Rings: Tales of Middle-earth,292,normal,rare,1,83231,7f93ad17-b655-4a10-990e-b26ead90d221,2.22,false,false,near_mint,en,USD,2026-07-30T04:07:01.043Z
collection,binder,"Shelob, Dread Weaver",LTC,Tales of Middle-earth Commander,29,normal,rare,1,83246,83944c19-6f9b-4043-9eeb-1a4ca452f698,0.42,false,false,near_mint,en,USD,2026-07-30T04:07:01.044Z
collection,binder,"Gothmog, Morgul Lieutenant",LTR,The Lord of the Rings: Tales of Middle-earth,429,normal,uncommon,1,83055,4b9af0ce-db08-4ccf-a9f3-b7c1eea14423,0.28,false,false,near_mint,en,USD,2026-07-30T04:07:01.048Z
collection,binder,"Viconia, Drow Apostate",CLB,Commander Legends: Battle for Baldur's Gate,156,normal,uncommon,4,69378,f631762a-e833-40a5-a6e9-b6cde38f62f0,0.12,false,false,near_mint,en,USD,2026-07-30T04:07:01.003Z
collection,binder,"Sivriss, Nightmare Speaker",CLB,Commander Legends: Battle for Baldur's Gate,148,normal,uncommon,4,68949,334bc010-5b60-4075-be12-0b36f41f32c6,0.11,false,false,near_mint,en,USD,2026-07-30T04:07:01.004Z
collection,binder,"Safana, Calimport Cutthroat",CLB,Commander Legends: Battle for Baldur's Gate,143,normal,uncommon,2,69356,e9367f66-6556-459c-a43d-5ba7a84b568d,0.25,false,false,near_mint,en,USD,2026-07-30T04:07:01.005Z
collection,binder,"Shadowheart, Dark Justiciar",CLB,Commander Legends: Battle for Baldur's Gate,146,normal,rare,2,68864,13a0913d-776b-4ef8-adef-8861349df2b5,1.16,false,false,near_mint,en,USD,2026-07-30T04:07:01.009Z
collection,binder,"Gollum, Patient Plotter",LTR,The Lord of the Rings: Tales of Middle-earth,309,normal,uncommon,2,83375,a881aa61-fc7c-4ffb-a129-f75be8b2e498,0.22,false,false,near_mint,en,USD,2026-07-30T04:07:01.011Z
collection,binder,"Gollum, Patient Plotter",LTR,The Lord of the Rings: Tales of Middle-earth,84,normal,uncommon,2,83069,4ddda7d4-0226-404f-8418-f1f5720dcef8,0.24,false,false,near_mint,en,USD,2026-07-30T04:07:01.022Z
collection,binder,"Gothmog, Morgul Lieutenant",LTR,The Lord of the Rings: Tales of Middle-earth,87,normal,uncommon,4,83353,a1c10e93-88eb-46b9-8adc-583661807990,0.28,false,false,near_mint,en,USD,2026-07-30T04:07:01.023Z
collection,binder,Gorbag of Minas Morgul,LTR,The Lord of the Rings: Tales of Middle-earth,86,normal,uncommon,3,83097,58aafdb6-1c8c-4fc4-a52e-3e601be7fb0c,0.25,false,false,near_mint,en,USD,2026-07-30T04:07:01.026Z
collection,binder,Bloodgift Demon,ISD,Innistrad,89,normal,rare,1,18809,f271addb-e267-4397-b181-f1eaeabbfe71,0.66,false,false,near_mint,en,USD,2026-07-30T04:57:35.564Z
collection,binder,Nezumi Prowler,NEO,Kamigawa: Neon Dynasty,116,normal,uncommon,3,66451,ca911e9a-bd04-4531-a81e-3485e9cbe89e,0.24,false,false,near_mint,en,USD,2026-07-30T04:57:35.578Z
collection,binder,Nezumi Bladeblesser,NEO,Kamigawa: Neon Dynasty,115,foil,common,1,66580,9a03d3f5-b32b-4814-b485-25f24e51609c,0.25,false,false,near_mint,en,USD,2026-07-30T04:57:35.585Z
collection,binder,Mukotai Ambusher,NEO,Kamigawa: Neon Dynasty,342,normal,common,1,66673,357594c7-a9a6-468d-b262-e5f7d5e35f54,0.2,false,false,near_mint,en,USD,2026-07-30T04:57:35.588Z
collection,binder,Dokuchi Shadow-Walker,NEO,Kamigawa: Neon Dynasty,339,normal,common,2,66382,6d35bcc7-2280-4061-9a6c-e67038cfb114,0.14,false,false,near_mint,en,USD,2026-07-30T04:57:35.597Z
collection,binder,Leech Gauntlet,NEO,Kamigawa: Neon Dynasty,106,normal,uncommon,2,66417,97986b67-5ae4-492f-a9e0-81f57a829d86,0.27,false,false,near_mint,en,USD,2026-07-30T04:57:35.599Z
collection,binder,Orzhov Racketeers,CLU,Ravnica: Clue Edition,117,normal,uncommon,1,91119,acb7c9c9-fad0-4394-9b4f-7ef3db765fea,0.2,false,false,near_mint,en,USD,2026-07-30T04:57:35.605Z
collection,binder,Rot Farm Mortipede,MKM,Murders at Karlov Manor,102,foil,common,1,90617,023b0142-663a-47e7-a9f1-0b565a172b60,0.08,false,false,near_mint,en,USD,2026-07-30T04:57:35.607Z
collection,binder,Mold Folk,CLB,Commander Legends: Battle for Baldur's Gate,133,normal,common,2,69152,8c5da403-d791-4ad4-a949-e8a56459cac1,0.1,false,false,near_mint,en,USD,2026-07-30T04:57:35.608Z
collection,binder,Vicious Battlerager,CLB,Commander Legends: Battle for Baldur's Gate,155,normal,common,1,68906,20f939d8-3d41-4d8b-baea-7f022104c704,0.19,false,false,near_mint,en,USD,2026-07-30T04:57:35.609Z
collection,binder,Wolf in _____ Clothing,UNF,Unfinity,95,normal,common,7,73172,7d009df3-4a15-4614-b365-ac42755b386f,0.05,false,false,near_mint,en,USD,2026-07-30T04:57:35.610Z
collection,binder,Carnival Carnivore,UNF,Unfinity,68,normal,common,6,72760,59e6ce64-0907-4db2-a0b6-4f79ba76616b,0.05,false,false,near_mint,en,USD,2026-07-30T04:57:35.611Z
collection,binder,Aetherborn Marauder,OTC,Outlaws of Thunder Junction Commander,125,normal,uncommon,1,93614,4c861a13-4e02-41fb-a2c0-29d3a7ae3922,0.16,false,false,near_mint,en,USD,2026-07-30T04:57:35.612Z
collection,binder,Girder Goons,SNC,Streets of New Capenna,80,normal,common,1,67739,4bfd6449-31a1-4572-8f9c-3f6f4670dc9d,0.11,false,false,near_mint,en,USD,2026-07-30T04:57:35.613Z
collection,binder,Night Clubber,SNC,Streets of New Capenna,89,normal,uncommon,1,67773,59fd3f8a-a13b-4a0a-bb27-b9246949ea7b,0.2,false,false,near_mint,en,USD,2026-07-30T04:57:35.614Z
collection,binder,Evil Eye of Urborg,PLST,The List,TSP-107,normal,uncommon,1,83928,81637a2d-32e5-4e99-b8a5-d68862e2477d,0.25,false,false,near_mint,en,USD,2026-07-30T04:57:35.615Z
collection,binder,Morbid Opportunist,OTC,Outlaws of Thunder Junction Commander,142,normal,uncommon,1,93563,311b0989-63fa-44a3-b1a2-86e39e940ff3,0.51,false,false,near_mint,en,USD,2026-07-30T04:57:35.616Z
collection,binder,Feral Ghoul,PIP,Fallout,44,normal,rare,1,92899,fbdef99d-6ce9-495d-a55b-e6ba799d3da7,3.25,false,false,near_mint,en,USD,2026-07-30T04:57:35.618Z
collection,binder,Ghastly Death Tyrant,CLB,Commander Legends: Battle for Baldur's Gate,127,foil,common,1,69033,564728ed-dbf0-471c-a34a-5bd3b486b7e5,0.23,false,false,near_mint,en,USD,2026-07-30T04:57:35.620Z
collection,binder,Line Cutter,UNF,Unfinity,80,normal,common,4,73017,0d07ddf4-e86f-406e-a31b-47aede5a97c6,0.11,false,false,near_mint,en,USD,2026-07-30T04:57:35.621Z
collection,binder,Nezumi Prowler,NEO,Kamigawa: Neon Dynasty,344,normal,uncommon,1,66420,9a64789a-748a-4630-949c-e1b045edd225,0.3,false,false,near_mint,en,USD,2026-07-30T04:57:35.627Z
collection,binder,Snarling Warg,LTR,The Lord of the Rings: Tales of Middle-earth,109,normal,common,1,83351,a1ad561c-ccb4-480a-88a4-0555d0ef245e,0.11,false,false,near_mint,en,USD,2026-07-30T04:57:35.646Z
collection,binder,Voracious Fell Beast,LTR,The Lord of the Rings: Tales of Middle-earth,422,normal,uncommon,3,83542,d6ce6be0-ebfe-4d50-87c6-8c1fc7536f1f,0.21,false,false,near_mint,en,USD,2026-07-30T04:57:35.648Z
collection,binder,Uruk-hai Berserker,LTR,The Lord of the Rings: Tales of Middle-earth,112,normal,common,4,83302,936421a0-2c2a-4410-941d-4e6b88166bd1,0.18,false,false,near_mint,en,USD,2026-07-30T04:57:35.650Z
collection,binder,Rattleback Apothecary,OTJ,Outlaws of Thunder Junction,100,normal,uncommon,1,93280,9a88e233-f09c-49e7-b1e3-386fba851fdf,0.18,false,false,near_mint,en,USD,2026-07-30T04:57:35.656Z
collection,binder,Nezumi Linkbreaker,OTJ,Outlaws of Thunder Junction,96,normal,common,1,93207,6dd0095b-6136-4368-94cb-4c82621aaf37,0.31,false,false,near_mint,en,USD,2026-07-30T04:57:35.658Z
collection,binder,Forsaken Miner,OTJ,Outlaws of Thunder Junction,88,normal,uncommon,1,93059,1679f74d-00f8-436c-9f8c-aa3f843a546c,1.22,false,false,near_mint,en,USD,2026-07-30T04:57:35.659Z
collection,binder,Boneyard Desecrator,OTJ,Outlaws of Thunder Junction,81,normal,common,1,93361,d43981b1-60c8-4896-8885-b07e73b99b30,0.23,false,false,near_mint,en,USD,2026-07-30T04:57:35.661Z
collection,binder,Sweettooth Witch,WOE,Wilds of Eldraine,111,normal,common,1,85629,a6bdb984-06f8-4bca-a943-17fe5db97682,0.22,false,false,near_mint,en,USD,2026-07-30T04:57:35.662Z
collection,binder,Dire Fleet Ravager,OTC,Outlaws of Thunder Junction Commander,132,normal,mythic,1,93474,0d114e88-c5bd-416d-b9f1-25be1432c98c,0.37,false,false,near_mint,en,USD,2026-07-30T04:57:35.663Z
collection,binder,Tempting Witch,ELD,Throne of Eldraine,108,normal,common,1,46230,8b217e5a-3c18-48b4-8124-b8c4fd7b2df1,0.22,false,false,near_mint,en,USD,2026-07-30T04:57:35.664Z
collection,binder,Fleshbag Marauder,CLU,Ravnica: Clue Edition,111,normal,common,1,91334,fce2baa4-2976-4bbd-b6c5-a5a3c6a901be,0.23,false,false,near_mint,en,USD,2026-07-30T04:57:35.665Z
collection,binder,Virus Beetle,NEO,Kamigawa: Neon Dynasty,128,normal,common,5,66871,488ee202-0d28-4cc0-8a7d-644d9878e952,0.23,false,false,near_mint,en,USD,2026-07-30T04:57:35.565Z
collection,binder,Kami of Terrible Secrets,NEO,Kamigawa: Neon Dynasty,105,normal,common,3,66878,58f15af6-eaf5-41b8-b93d-5a90ca219478,0.12,false,false,near_mint,en,USD,2026-07-30T04:57:35.566Z
collection,binder,Dokuchi Silencer,NEO,Kamigawa: Neon Dynasty,95,normal,uncommon,2,66770,a24d5664-e214-466d-bb53-4e8f6f75a009,0.34,false,false,near_mint,en,USD,2026-07-30T04:57:35.568Z
collection,binder,Inkrise Infiltrator,NEO,Kamigawa: Neon Dynasty,100,normal,common,7,66606,cbb6e447-5f40-4039-8a17-257b4a55382c,0.25,false,false,near_mint,en,USD,2026-07-30T04:57:35.569Z
collection,binder,Nezumi Bladeblesser,NEO,Kamigawa: Neon Dynasty,115,normal,common,5,66580,9a03d3f5-b32b-4814-b485-25f24e51609c,0.25,false,false,near_mint,en,USD,2026-07-30T04:57:35.571Z
collection,binder,Kami of Restless Shadows,NEO,Kamigawa: Neon Dynasty,104,normal,common,5,66881,62d3be4a-ab4f-46ef-837c-0f7559a701fe,0.21,false,false,near_mint,en,USD,2026-07-30T04:57:35.572Z
collection,binder,Inkrise Infiltrator,NEO,Kamigawa: Neon Dynasty,341,normal,common,2,66625,f66aaba3-4a28-4fcf-926a-34bbbf0dbeb4,0.15,false,false,near_mint,en,USD,2026-07-30T04:57:35.573Z
collection,binder,Dokuchi Shadow-Walker,NEO,Kamigawa: Neon Dynasty,94,normal,common,4,66399,81496a81-c986-4749-a28c-45341764e28f,0.2,false,false,near_mint,en,USD,2026-07-30T04:57:35.574Z
collection,binder,Chainflail Centipede,NEO,Kamigawa: Neon Dynasty,90,normal,common,6,66857,24b8efe0-2f7b-4ada-a1b9-9c5f9e6a114d,0.25,false,false,near_mint,en,USD,2026-07-30T04:57:35.575Z
collection,binder,Unforgiving One,NEO,Kamigawa: Neon Dynasty,127,normal,uncommon,4,66806,cfb20c08-a84a-4773-a90c-fb007b94644b,0.24,false,false,near_mint,en,USD,2026-07-30T04:57:35.579Z
collection,binder,Nezumi Bladeblesser,NEO,Kamigawa: Neon Dynasty,318,normal,common,2,66517,317bdf0d-df7d-4ca2-8131-060ba7cf2602,0.13,false,false,near_mint,en,USD,2026-07-30T04:57:35.581Z
collection,binder,Gravelighter,NEO,Kamigawa: Neon Dynasty,98,normal,uncommon,2,66703,532c5b14-75cf-4e4c-9b80-2d56a86e2844,0.34,false,false,near_mint,en,USD,2026-07-30T04:57:35.583Z
collection,binder,Mukotai Ambusher,NEO,Kamigawa: Neon Dynasty,112,normal,common,8,66639,0adf3293-c1e0-447c-8231-26fa9476a262,0.19,false,false,near_mint,en,USD,2026-07-30T04:57:35.594Z
collection,binder,Dockside Chef,NEO,Kamigawa: Neon Dynasty,93,normal,uncommon,3,66814,d80100c3-c81e-4084-8dfe-f8610637fd91,0.31,false,false,near_mint,en,USD,2026-07-30T04:57:35.596Z
collection,binder,Ambush Gigapede,OTJ,Outlaws of Thunder Junction,77,normal,common,4,93268,93b17d09-974a-4e33-b14d-5fe4230ab241,0.11,false,false,near_mint,en,USD,2026-07-30T04:57:35.617Z
collection,binder,Mordor Trebuchet,LTR,The Lord of the Rings: Tales of Middle-earth,97,normal,common,5,83140,648bc8ae-1798-4c2f-a372-0487a90ba4d3,0.13,false,false,near_mint,en,USD,2026-07-30T04:57:35.640Z
collection,binder,Easterling Vanguard,LTR,The Lord of the Rings: Tales of Middle-earth,83,normal,common,5,83607,e860dd40-07c5-47c3-92a8-1ee95a953c2f,0.15,false,false,near_mint,en,USD,2026-07-30T04:57:35.641Z
collection,binder,Voracious Fell Beast,LTR,The Lord of the Rings: Tales of Middle-earth,113,normal,uncommon,5,83554,d9b7d7f8-503d-4660-9a18-6a8e2fcaa25f,0.23,false,false,near_mint,en,USD,2026-07-30T04:57:35.647Z
collection,binder,Haunt of the Dead Marshes,LTR,The Lord of the Rings: Tales of Middle-earth,90,normal,common,4,83151,673c6c12-2513-4d1b-acf0-6a1f741d49dd,0.25,false,false,near_mint,en,USD,2026-07-30T04:57:35.652Z
collection,binder,Vault Plunderer,OTJ,Outlaws of Thunder Junction,114,normal,common,3,93104,2e6bf35c-8763-47cc-ab2d-5dbabeb28072,0.16,false,false,near_mint,en,USD,2026-07-30T04:57:35.654Z
collection,binder,Sengir Vampire,3ED,Revised Edition,129,normal,uncommon,3,41296,fa35113b-5242-41f4-a989-42f2cd8002b6,1.07,false,false,near_mint,en,USD,2026-07-30T05:08:16.214Z
collection,binder,Will-o'-the-Wisp,4ED,Fourth Edition,171,normal,rare,2,40016,583ef317-8105-4917-ba3c-93de3eebd944,1.24,false,false,near_mint,en,USD,2026-07-30T05:08:16.215Z
collection,binder,Rot Farm Mortipede,MKM,Murders at Karlov Manor,102,normal,common,1,90617,023b0142-663a-47e7-a9f1-0b565a172b60,0.1,false,false,near_mint,en,USD,2026-07-30T05:08:16.216Z
collection,binder,Yuan-Ti Fang-Blade,AFR,Adventures in the Forgotten Realms,128,foil,common,1,60366,a7e0e09c-ed43-4a37-85f2-c60bdfdb2624,0.19,false,false,near_mint,en,USD,2026-07-30T05:08:16.217Z
collection,binder,Baleful Beholder,AFR,Adventures in the Forgotten Realms,89,foil,common,1,60477,e52d6ef6-d8a3-4288-8917-4c0a179ed4e0,0.18,false,false,near_mint,en,USD,2026-07-30T05:08:16.218Z
collection,binder,Changeling Outcast,OTC,Outlaws of Thunder Junction Commander,128,normal,common,1,93798,ab499df5-ed76-43ad-81b3-70afd0487ccd,2.51,false,false,near_mint,en,USD,2026-07-30T05:08:16.219Z
collection,binder,Dungeon Crawler,AFR,Adventures in the Forgotten Realms,99,foil,uncommon,1,60217,4138b66d-cf18-42a5-8522-241bd3969624,0.19,false,false,near_mint,en,USD,2026-07-30T05:08:16.220Z
collection,binder,Chain Devil,CLB,Commander Legends: Battle for Baldur's Gate,120,foil,common,1,68971,3b434c1d-792e-4ca7-aea0-938e85fe167c,0.32,false,false,near_mint,en,USD,2026-07-30T05:08:16.221Z
collection,binder,Ogre Slumlord,OTC,Outlaws of Thunder Junction Commander,145,normal,rare,1,93702,76995067-81a3-41c5-bc95-bfa5a953700d,0.35,false,false,near_mint,en,USD,2026-07-30T05:08:16.223Z
collection,binder,Witch of the Moors,SOC,Secrets of Strixhaven Commander,230,normal,rare,1,112146,d9367aa0-2da2-4ed5-b52a-c52e40a00adf,0.41,false,false,near_mint,en,USD,2026-07-30T05:08:16.224Z
collection,binder,Charred Graverobber,OTC,Outlaws of Thunder Junction Commander,19,normal,rare,1,93707,7bbebce1-88d1-4002-8c28-746b0976d662,0.33,false,false,near_mint,en,USD,2026-07-30T05:08:16.225Z
collection,binder,Dead Reveler,RTR,Return to Ravnica,62,normal,common,1,17360,909a0a38-2c22-4b49-8938-1a8162c077e6,0.08,false,false,near_mint,en,USD,2026-07-30T05:08:16.227Z
collection,binder,Accursed Spirit,M15,Magic 2015,85,normal,common,1,13767,2513fe72-4e20-49e6-9970-839f1c635792,0.08,false,false,near_mint,en,USD,2026-07-30T05:08:16.228Z
collection,binder,Nightmare,M15,Magic 2015,276,normal,rare,1,13576,c04970ef-7aa5-42ca-9bed-5c89d55b7e4d,0.15,false,false,near_mint,en,USD,2026-07-30T05:08:16.229Z
collection,binder,Sky Scourer,OGW,Oath of the Gatewatch,78,normal,common,1,9304,eb00fa72-bcda-4081-9048-e13752da8d46,0.07,false,false,near_mint,en,USD,2026-07-30T05:08:16.230Z
collection,binder,Dominator Drone,BFZ,Battle for Zendikar,92,normal,common,1,10259,12e7e2b5-3141-4a19-aa49-91ab7e5c211c,0.06,false,false,near_mint,en,USD,2026-07-30T05:08:16.231Z
collection,binder,Shrike Harpy,BNG,Born of the Gods,83,normal,uncommon,1,14877,1c2b1eeb-6cc9-48a7-a068-afa1011c45f2,0.16,false,false,near_mint,en,USD,2026-07-30T05:08:16.232Z
collection,binder,Maalfeld Twins,CMR,Commander Legends,132,normal,common,1,56249,fa715fde-8339-447b-8ac8-3126830bece8,0.2,false,false,near_mint,en,USD,2026-07-30T05:08:16.233Z
collection,binder,Ruthless Radrat,PIP,Fallout,48,normal,uncommon,1,92551,a4542e34-2905-41ce-9182-a432c8f2c451,0.35,false,false,near_mint,en,USD,2026-07-30T05:08:16.234Z
collection,binder,Returned Reveler,JOU,Journey into Nyx,79,normal,common,1,14570,9ea61098-2c6a-48d2-b99f-f3065c67d8e3,0.15,false,false,near_mint,en,USD,2026-07-30T05:08:16.235Z
collection,binder,Ghoulsteed,SOI,Shadows over Innistrad,113,normal,uncommon,1,8883,ed5ba8dd-d2cd-4ee6-bdb4-390968f1ff54,0.07,false,false,near_mint,en,USD,2026-07-30T05:08:16.236Z
collection,binder,Unhallowed Phalanx,VOW,Innistrad: Crimson Vow,135,normal,common,4,64426,d5ec541b-1799-4c0e-a3fb-c008cf2eb911,0.24,false,false,near_mint,en,USD,2026-07-30T05:08:16.238Z
collection,binder,Farbog Revenant,SOI,Shadows over Innistrad,110,normal,common,1,8886,0f6de332-debb-49f3-8b29-1719060ab00c,0.08,false,false,near_mint,en,USD,2026-07-30T05:08:16.239Z
collection,binder,Pharika's Chosen,JOU,Journey into Nyx,78,normal,common,1,14571,8119ce0c-d709-463c-9abc-f7025673ea72,0.13,false,false,near_mint,en,USD,2026-07-30T05:08:16.240Z
collection,binder,Callous Sell-Sword // Burn Together,WOE,Wilds of Eldraine,221,normal,uncommon,1,85498,770ee3da-d33e-466f-9a2e-ad2d08ef5012,0.26,false,false,near_mint,en,USD,2026-07-30T05:08:16.241Z
collection,binder,Dissatisfied Customer,UNF,Unfinity,72,normal,common,5,73332,ef5df2dd-0a16-4f3c-9352-91bd87b955b4,0.05,false,false,near_mint,en,USD,2026-07-30T05:08:16.242Z
collection,binder,Scampire,UNF,Unfinity,89,normal,uncommon,3,72689,31950e19-83ca-45d4-8ca1-e109b875fd67,0.06,false,false,near_mint,en,USD,2026-07-30T05:08:16.243Z
collection,binder,Deadbeat Attendant,UNF,Unfinity,69,normal,common,3,73288,d850c354-6737-4b72-a5bf-fd99f866259a,0.13,false,false,near_mint,en,USD,2026-07-30T05:08:16.244Z
collection,binder,High Fae Negotiator,WOE,Wilds of Eldraine,94,normal,uncommon,1,85823,f0fc77e7-154d-4433-93b3-1a1dee34791b,0.15,false,false,near_mint,en,USD,2026-07-30T05:08:16.246Z
collection,binder,Stirge,CLB,Commander Legends: Battle for Baldur's Gate,150,normal,common,1,69002,4b1d59fb-c3ff-4995-a695-51f2a4dae404,0.21,false,false,near_mint,en,USD,2026-07-30T05:08:16.248Z
collection,binder,Hezrou // Demonic Stench,CLB,Commander Legends: Battle for Baldur's Gate,131,normal,common,1,68841,0c2f40e7-82b0-4847-994d-9326a88c4965,0.09,false,false,near_mint,en,USD,2026-07-30T05:08:16.249Z
collection,binder,Black Cat,M15,Magic 2015,86,normal,common,1,13766,32efcfad-818c-4485-9022-cf94403f370b,0.14,false,false,near_mint,en,USD,2026-07-30T05:08:16.250Z
collection,binder,Gurmag Swiftwing,KTK,Khans of Tarkir,74,normal,uncommon,1,13324,a7492918-b3c6-468f-9484-d73f0a27b37b,0.22,false,false,near_mint,en,USD,2026-07-30T05:08:16.252Z
collection,binder,Dunland Crebain,LTR,The Lord of the Rings: Tales of Middle-earth,411,normal,common,3,83634,f1b90963-2a4c-4e0a-9d00-5d3df258c880,0.17,false,false,near_mint,en,USD,2026-07-30T05:08:16.254Z
collection,binder,Raven of Fell Omens,OTJ,Outlaws of Thunder Junction,101,normal,common,1,93386,e2df3cb4-1658-450a-912a-df336706acdc,0.16,false,false,near_mint,en,USD,2026-07-30T05:08:16.256Z
collection,binder,Blacksnag Buzzard,OTJ,Outlaws of Thunder Junction,79,normal,common,1,93414,ef10b2ad-9b9b-4c5d-a2c7-3ce742224b50,0.06,false,false,near_mint,en,USD,2026-07-30T05:08:16.258Z
collection,binder,Faerie Dreamthief,WOE,Wilds of Eldraine,89,normal,uncommon,1,85406,57ca2ec5-442d-4909-be28-93c50fbc5f7a,0.27,false,false,near_mint,en,USD,2026-07-30T05:08:16.260Z
collection,binder,Dunland Crebain,LTR,The Lord of the Rings: Tales of Middle-earth,82,foil,common,2,83160,695c05ab-e46e-46c7-bd2e-ef0b2307e449,0.26,false,false,near_mint,en,USD,2026-07-30T05:08:16.261Z
collection,binder,Raven of Fell Omens,OTJ,Outlaws of Thunder Junction,101,foil,common,1,93386,e2df3cb4-1658-450a-912a-df336706acdc,0.28,false,false,near_mint,en,USD,2026-07-30T05:08:16.262Z
collection,binder,Crow of Dark Tidings,CMR,Commander Legends,115,normal,common,1,55917,d8e0654c-8c84-47a7-ba0b-de5b1268c27b,0.27,false,false,near_mint,en,USD,2026-07-30T05:08:16.263Z
collection,binder,Underdark Explorer,CLB,Commander Legends: Battle for Baldur's Gate,154,normal,common,1,69192,a2bf9736-b5f5-4fd4-8406-9f57fefd86e7,0.23,false,false,near_mint,en,USD,2026-07-30T05:08:16.265Z
collection,binder,Myrkul's Invoker,CLB,Commander Legends: Battle for Baldur's Gate,136,normal,common,1,69293,ca67faa9-2c23-4cc5-b77f-ff75cf0349f3,0.09,false,false,near_mint,en,USD,2026-07-30T05:08:16.266Z
collection,binder,Warehouse Tabby,WOE,Wilds of Eldraine,117,normal,common,1,85743,d500ad81-9659-4a00-8f99-8be7c23587e8,0.18,false,false,near_mint,en,USD,2026-07-30T05:08:16.267Z
collection,binder,Nefarious Imp,CLB,Commander Legends: Battle for Baldur's Gate,137,normal,common,1,68849,0dc61b93-b87a-47f4-b5b5-eedb1db48288,0.16,false,false,near_mint,en,USD,2026-07-30T05:08:16.268Z
collection,binder,Circling Vultures,WTH,Weatherlight,64,normal,uncommon,1,37233,8dae8e49-c2b6-4965-9249-49f93449d271,0.29,false,false,near_mint,en,USD,2026-07-30T05:08:16.276Z
collection,binder,Guildsworn Prowler,CLB,Commander Legends: Battle for Baldur's Gate,130,normal,common,1,69321,d7efb10f-c760-431c-8ac6-904965d850dc,0.23,false,false,near_mint,en,USD,2026-07-30T05:08:16.277Z
collection,binder,Deathgreeter,PLST,The List,DDD-33,normal,common,1,97608,448ad2d9-43c1-4889-9dc5-028fcd23fcb5,0.54,false,false,near_mint,en,USD,2026-07-30T05:08:16.278Z
collection,binder,Dauthi Trapper,PLST,The List,STH-56,normal,uncommon,1,98077,9a693413-2263-4444-abb4-e3dbfbd2de6b,0.21,false,false,near_mint,en,USD,2026-07-30T05:08:16.279Z
collection,binder,Archetype of Finality,PLST,The List,BNG-58,normal,uncommon,2,97510,31da330a-85b5-4e27-a586-da9fb98bf5e2,0.86,false,false,near_mint,en,USD,2026-07-30T05:08:16.280Z
collection,binder,Graveshifter,PLST,The List,MOC-251,normal,uncommon,2,98405,da597e4f-8375-47e7-87b8-6f8fd4f7e534,0.13,false,false,near_mint,en,USD,2026-07-30T05:08:16.281Z
collection,binder,Dockside Chef,PLST,The List,NEO-93,normal,uncommon,2,98293,c44d221c-eb9d-4f3b-96fb-2b7188b9c7d4,0.26,false,false,near_mint,en,USD,2026-07-30T05:08:16.282Z
collection,binder,Merciless Executioner,PLST,The List,FRF-76,normal,uncommon,1,98524,f22c2a3a-f67f-47a8-80de-9539231df983,0.38,false,false,near_mint,en,USD,2026-07-30T05:08:16.283Z
collection,binder,Corpse Connoisseur,PLST,The List,ALA-68,normal,uncommon,1,97915,7d0c2e83-e4d0-46ec-9ef2-1154aa31a9aa,0.26,false,false,near_mint,en,USD,2026-07-30T05:08:16.284Z
collection,binder,Zulaport Cutthroat,PLST,The List,GNT-36,normal,uncommon,1,97513,324116a4-db54-4de6-84a6-b03459e2aef2,1.0,false,false,near_mint,en,USD,2026-07-30T05:08:16.285Z
collection,binder,Thornplate Intimidator,BLB,Bloomburrow,117,normal,common,2,96019,42f66c4a-feaa-4ba6-aa56-955b43329a9e,0.19,false,false,near_mint,en,USD,2026-07-30T05:08:16.286Z
collection,binder,Persistent Marshstalker,BLB,Bloomburrow,104,normal,uncommon,1,95947,8b900c71-713b-4b7e-b4be-ad9f4aa0c139,0.29,false,false,near_mint,en,USD,2026-07-30T05:08:16.287Z
collection,binder,Royal Assassin,ACR,Assassin's Creed,93,normal,rare,2,95288,0b18205d-cce3-4aef-90bd-06cfb4d8387f,0.4,false,false,near_mint,en,USD,2026-07-30T05:08:16.289Z
collection,binder,Fear of the Dark,DSK,Duskmourn: House of Horror,98,foil,common,1,98866,8700eb8d-1cc0-45ff-b769-c875ee6500ea,0.24,false,false,near_mint,en,USD,2026-07-30T05:08:16.293Z
collection,binder,Starlit Soothsayer,BLB,Bloomburrow,115,foil,common,1,95895,184c1eca-2991-438f-b5d2-cd2529b9c9b4,0.22,false,false,near_mint,en,USD,2026-07-30T05:08:16.294Z
collection,binder,Fear of the Dark,DSK,Duskmourn: House of Horror,98,normal,common,1,98866,8700eb8d-1cc0-45ff-b769-c875ee6500ea,0.14,false,false,near_mint,en,USD,2026-07-30T05:08:16.295Z
collection,binder,Bonebind Orator,BLB,Bloomburrow,84,normal,common,1,96535,faf226fa-ca09-4468-8804-87b2a7de2c66,0.19,false,false,near_mint,en,USD,2026-07-30T05:08:16.296Z
collection,binder,Gixian Infiltrator,BRO,The Brothers' War,98,normal,common,1,75776,c94a3317-7d1f-4f29-8353-180f1ab48d18,0.23,false,false,near_mint,en,USD,2026-07-30T05:08:16.297Z
collection,binder,Battlefield Butcher,BRO,The Brothers' War,86,normal,uncommon,2,75626,90c47e31-d4f6-46f3-94b7-1726c4a4a8eb,0.08,false,false,near_mint,en,USD,2026-07-30T05:08:16.298Z
collection,binder,Carrion Locust,BRO,The Brothers' War,87,foil,common,1,75516,6759acb8-82c0-479f-86f3-f22ca7a2006c,0.17,false,false,near_mint,en,USD,2026-07-30T05:08:16.299Z
collection,binder,Abomination,4ED,Fourth Edition,117,normal,uncommon,3,40070,a363bc91-8278-448e-9d5c-564e4b51eb62,0.18,false,false,near_mint,en,USD,2026-07-30T05:08:16.301Z
collection,binder,Sengir Vampire,4ED,Fourth Edition,160,normal,uncommon,1,40027,2e29882a-c194-48b8-ba18-439b0bda395e,0.5,false,false,near_mint,en,USD,2026-07-30T05:08:16.305Z
collection,binder,Royal Assassin,4ED,Fourth Edition,157,normal,rare,1,40030,b2d51bdf-f118-4a1e-9060-bdf3c78697f2,4.97,false,false,near_mint,en,USD,2026-07-30T05:08:16.307Z
collection,binder,Sorceress Queen,5ED,Fifth Edition,194,normal,rare,4,37812,657979b3-6e4f-41a8-a518-4bd329307770,1.3,false,false,near_mint,en,USD,2026-07-30T05:08:16.212Z
collection,binder,Nightmare,3ED,Revised Edition,120,normal,rare,2,41305,659c0edb-3afa-4f87-8a94-9fe10578ea1a,7.74,false,false,near_mint,en,USD,2026-07-30T05:08:16.213Z
collection,binder,Crooked Custodian,SNC,Streets of New Capenna,71,normal,common,3,67826,723d6f60-3e8a-4c58-8b3c-9ba59a01c867,0.02,false,false,near_mint,en,USD,2026-07-30T05:08:16.222Z
collection,binder,Discourtesy Clerk,UNF,Unfinity,70,normal,uncommon,4,72678,2658ceab-8d96-44d2-b443-ef671deca928,0.14,false,false,near_mint,en,USD,2026-07-30T05:08:16.245Z
collection,binder,Nettling Imp,3ED,Revised Edition,119,normal,uncommon,4,41306,94c40a45-6439-4405-8562-11a9000a1061,0.38,false,false,near_mint,en,USD,2026-07-30T05:08:16.251Z
collection,binder,Barrow Naughty,WOE,Wilds of Eldraine,81,normal,common,2,85464,67da5ad8-4de2-4bd4-8b95-f2657e1fdee5,0.16,false,false,near_mint,en,USD,2026-07-30T05:08:16.253Z
collection,binder,Dunland Crebain,LTR,The Lord of the Rings: Tales of Middle-earth,82,normal,common,3,83160,695c05ab-e46e-46c7-bd2e-ef0b2307e449,0.18,false,false,near_mint,en,USD,2026-07-30T05:08:16.255Z
collection,binder,Vampire Bats,5ED,Fifth Edition,202,normal,common,4,37804,c8b8aa03-c777-467f-9b05-812183553f7b,0.17,false,false,near_mint,en,USD,2026-07-30T05:08:16.269Z
collection,binder,Agate-Blade Assassin,BLB,Bloomburrow,82,normal,common,2,96017,39ebb84a-1c52-4b07-9bd0-b360523b3a5b,0.16,false,false,near_mint,en,USD,2026-07-30T05:08:16.288Z
collection,binder,Starlit Soothsayer,BLB,Bloomburrow,115,normal,common,2,95895,184c1eca-2991-438f-b5d2-cd2529b9c9b4,0.2,false,false,near_mint,en,USD,2026-07-30T05:08:16.290Z
collection,binder,Royal Assassin,3ED,Revised Edition,125,normal,rare,3,41300,4945ec9e-eda7-42ad-88b7-ba14f9d95e54,13.83,false,false,near_mint,en,USD,2026-07-30T05:08:16.300Z
collection,binder,Forsaken Drifters,BNG,Born of the Gods,72,normal,common,1,14888,05445d18-3590-4216-9392-9438d9f9395d,0.12,false,false,near_mint,en,USD,2026-07-30T05:14:23.440Z
collection,binder,Inverter of Truth,OGW,Oath of the Gatewatch,72,normal,mythic,1,9310,88c9d8c5-333b-4281-b923-b4a060927bbc,1.3,false,false,near_mint,en,USD,2026-07-30T05:14:23.441Z
collection,binder,Warchanter of Mogis,BNG,Born of the Gods,85,normal,common,1,14875,757948b3-8cb2-4709-9bbf-031c2bf6d4c5,0.05,false,false,near_mint,en,USD,2026-07-30T05:14:23.442Z
collection,binder,Voracious Vermin,WOE,Wilds of Eldraine,116,normal,common,1,85522,8059be65-3c73-49bb-a3b6-c346ce2f9fa4,0.28,false,false,near_mint,en,USD,2026-07-30T05:14:23.444Z
collection,binder,Disciple of Phenax,THS,Theros,84,normal,common,1,15580,81c1137c-1cbd-4918-9d1c-a9d2bd88562e,0.09,false,false,near_mint,en,USD,2026-07-30T05:14:23.447Z
collection,binder,Returned Centaur,THS,Theros,103,normal,common,1,15561,1067cf71-a270-4b1b-aa06-0ec0e732ed16,0.06,false,false,near_mint,en,USD,2026-07-30T05:14:23.448Z
collection,binder,Walking Corpse,M15,Magic 2015,278,normal,common,1,13574,ccba369f-f4d1-493d-bc5f-271b7e4d8090,0.05,false,false,near_mint,en,USD,2026-07-30T05:14:23.449Z
collection,binder,Exquisite Huntmaster,CMR,Commander Legends,122,normal,common,1,55647,444b75d9-f7c7-4a13-9318-02d7bbd80c9c,0.23,false,false,near_mint,en,USD,2026-07-30T05:14:23.450Z
collection,binder,Armor Thrull,FEM,Fallen Empires,33c,normal,common,1,40315,18a91ed4-131e-455b-a3bd-0bd42aa754e5,0.15,false,false,near_mint,en,USD,2026-07-30T05:14:23.452Z
collection,binder,Necrite,FEM,Fallen Empires,41b,normal,common,1,40295,e19a4d41-e7b0-48b3-8e2e-9ac00f119ce2,0.12,false,false,near_mint,en,USD,2026-07-30T05:14:23.454Z
collection,binder,Mindstab Thrull,FEM,Fallen Empires,40a,normal,common,2,40299,499a791f-ac4f-4a96-b59b-37043686a79a,0.15,false,false,near_mint,en,USD,2026-07-30T05:14:23.457Z
collection,binder,Abomination,LEG,Legends,87,normal,uncommon,1,41032,a69e2cf8-5ecb-485a-92a2-b4e0a7959f1f,3.91,false,false,near_mint,en,USD,2026-07-30T05:14:23.462Z
collection,binder,Mindstab Thrull,FEM,Fallen Empires,40b,normal,common,2,40298,781e4b62-3910-4ba1-9e72-e99de8523a94,0.13,false,false,near_mint,en,USD,2026-07-30T05:14:23.463Z
collection,binder,Razortooth Rats,WTH,Weatherlight,78,normal,common,1,37219,ae869780-27e8-4a6d-9ac6-cdab617725e2,0.24,false,false,near_mint,en,USD,2026-07-30T05:14:23.465Z
collection,binder,Zombie Scavengers,WTH,Weatherlight,87,normal,common,1,37210,2ec786b1-6097-4e97-99b0-571d6e3e73e7,0.19,false,false,near_mint,en,USD,2026-07-30T05:14:23.466Z
collection,binder,Crypt Rats,VIS,Visions,55,normal,common,1,38118,736455f6-c1b3-4a5a-a91f-a0cd3986ed53,0.86,false,false,near_mint,en,USD,2026-07-30T05:14:23.468Z
collection,binder,Basal Thrull,FEM,Fallen Empires,34c,normal,common,1,40311,a86d9647-3a87-4620-aa07-26f996fc6fa3,0.27,false,false,near_mint,en,USD,2026-07-30T05:14:23.470Z
collection,binder,Basal Thrull,FEM,Fallen Empires,34d,normal,common,1,40310,b6908e4c-f94d-4b0d-b9a5-64c04751f108,0.38,false,false,near_mint,en,USD,2026-07-30T05:14:23.473Z
collection,binder,Will-o'-the-Wisp,3ED,Revised Edition,137,normal,rare,2,41288,551e5fdd-ed3a-4f44-b4d1-97900ef46373,4.9,false,false,near_mint,en,USD,2026-07-30T05:14:23.474Z
collection,binder,Xenosquirrels,UNF,Unfinity,96,normal,common,3,73031,17fc45cb-0bf5-423d-adeb-112b24c4d57f,0.14,false,false,near_mint,en,USD,2026-07-30T05:14:23.476Z
collection,binder,Overzealous Muscle,OTJ,Outlaws of Thunder Junction,97,normal,common,1,93353,ce57d977-e9c5-4ed1-915f-cdc90a54f8f8,0.08,false,false,near_mint,en,USD,2026-07-30T05:14:23.479Z
collection,binder,Squelching Leeches,JOU,Journey into Nyx,84,normal,uncommon,1,14565,af3fff48-ebc9-4fca-a098-77d973e7d238,0.18,false,false,near_mint,en,USD,2026-07-30T05:14:23.481Z
collection,binder,Restless Dead,MIR,Mirage,138,normal,common,1,38452,a237cff4-af6f-4745-bda1-e3ed2267fa89,0.15,false,false,near_mint,en,USD,2026-07-30T05:14:23.482Z
collection,binder,Bloatfly Swarm,PIP,Fallout,42,normal,uncommon,1,92008,2d90b839-0808-435d-bcf3-aa7af414c44b,0.59,false,false,near_mint,en,USD,2026-07-30T05:14:23.491Z
collection,binder,Infesting Radroach,PIP,Fallout,46,normal,uncommon,1,92212,5b51b691-e226-44c9-b7cb-26f19c060597,2.69,false,false,near_mint,en,USD,2026-07-30T05:14:23.493Z
collection,binder,Tavern Swindler,SNC,Streets of New Capenna,96,normal,uncommon,1,67951,b17114ed-f98f-4b82-ba03-ef7ec5f572ba,0.26,false,false,near_mint,en,USD,2026-07-30T05:14:23.495Z
collection,binder,Hound of the Farbogs,SOI,Shadows over Innistrad,117,normal,common,1,8879,0fc37615-ef72-4176-9e94-080e56af1d8a,0.06,false,false,near_mint,en,USD,2026-07-30T05:14:23.496Z
collection,binder,Mogis's Marauder,THS,Theros,97,normal,uncommon,1,15567,9dfd36c5-a484-4973-873c-b6a433da8e7a,0.27,false,false,near_mint,en,USD,2026-07-30T05:14:23.497Z
collection,binder,Blood-Toll Harpy,THS,Theros,79,normal,common,1,15585,d334fc9b-c1f4-411e-8619-a92f1cc4e7db,0.05,false,false,near_mint,en,USD,2026-07-30T05:14:23.498Z
collection,binder,Reaper of Sheoldred,PLST,The List,NPH-72,normal,uncommon,1,78330,6a256243-baff-42b9-aa5f-7f484e3279d0,0.89,false,false,near_mint,en,USD,2026-07-30T05:14:23.499Z
collection,binder,Agent of Erebos,JOU,Journey into Nyx,59,normal,uncommon,1,14590,1e07a595-5579-4d5a-b07c-84239d690459,0.34,false,false,near_mint,en,USD,2026-07-30T05:14:23.500Z
collection,binder,Servant of Tymaret,BNG,Born of the Gods,82,normal,common,1,14878,dfb16d4f-ed42-4b19-9e45-330db88eea9b,0.1,false,false,near_mint,en,USD,2026-07-30T05:14:23.502Z
collection,binder,Dusk Mangler,SNC,Streets of New Capenna,77,normal,uncommon,1,67965,b86825b2-5b03-4311-b7d9-f8131b17249d,0.3,false,false,near_mint,en,USD,2026-07-30T05:14:23.504Z
collection,binder,Syndicate Enforcer,CLU,Ravnica: Clue Edition,123,normal,common,1,91068,9b3f10eb-d601-4de2-a8da-009312e5c854,0.21,false,false,near_mint,en,USD,2026-07-30T05:14:23.505Z
collection,binder,Morbid Opportunist,PIP,Fallout,186,normal,uncommon,1,92307,7357386d-7ede-449f-bd30-b19a08921d86,0.44,false,false,near_mint,en,USD,2026-07-30T05:14:23.506Z
collection,binder,Ringwraiths,LTR,The Lord of the Rings: Tales of Middle-earth,284,normal,rare,1,82953,2a8495c3-96cf-40ab-b68a-1b5711b7659e,1.63,false,false,near_mint,en,USD,2026-07-30T05:14:23.508Z
collection,binder,Troll of Khazad-dûm,LTR,The Lord of the Rings: Tales of Middle-earth,111,normal,common,2,83371,a6539e26-b63b-4725-9407-caaf451de084,0.8,false,false,near_mint,en,USD,2026-07-30T05:14:23.510Z
collection,binder,Mold Folk,CLB,Commander Legends: Battle for Baldur's Gate,133,foil,common,1,69152,8c5da403-d791-4ad4-a949-e8a56459cac1,0.24,false,false,near_mint,en,USD,2026-07-30T05:14:23.511Z
collection,binder,Geralf's Messenger,PLST,The List,DKA-63,normal,rare,1,64809,3ebcbc6a-b5c0-4976-89ca-6a045b389c93,7.71,false,false,near_mint,en,USD,2026-07-30T05:14:23.513Z
collection,binder,Zhentarim Bandit,CLB,Commander Legends: Battle for Baldur's Gate,158,normal,common,1,69258,bd1a27c1-ff44-47a7-991d-c294e30eea34,0.28,false,false,near_mint,en,USD,2026-07-30T05:14:23.514Z
collection,binder,Rag Man,6ED,Classic Sixth Edition,151,normal,rare,2,35226,7ef9159a-66ee-4e99-8fb6-6f45b02f9880,0.43,false,false,near_mint,en,USD,2026-07-30T05:14:23.516Z
collection,binder,Fell Horseman // Deathly Ride,WOE,Wilds of Eldraine,92,normal,common,2,85365,43bb3890-4013-48be-8cb5-54fd8fd8ec52,0.17,false,false,near_mint,en,USD,2026-07-30T05:14:23.443Z
collection,binder,Gravebane Zombie,MIR,Mirage,127,normal,common,4,38463,6e16f8bc-3200-4a0a-b298-c7e7b4e8376c,0.12,false,false,near_mint,en,USD,2026-07-30T05:14:23.451Z
collection,binder,Basal Thrull,FEM,Fallen Empires,34a,normal,common,2,40313,0c1d5d13-0160-48cb-8fac-dd86102569b4,0.34,false,false,near_mint,en,USD,2026-07-30T05:14:23.456Z
collection,binder,Thrull Champion,FEM,Fallen Empires,44,normal,rare,4,40289,4d3cafdd-a03b-4b08-b9c1-c776f8450d3a,1.44,false,false,near_mint,en,USD,2026-07-30T05:14:23.458Z
collection,binder,Necrite,FEM,Fallen Empires,41c,normal,common,2,40294,660ae99f-4e61-45fd-9436-855a38289c8b,0.1,false,false,near_mint,en,USD,2026-07-30T05:14:23.460Z
collection,binder,Armor Thrull,FEM,Fallen Empires,33d,normal,common,3,40314,3d653ca4-c21f-4594-b900-2526a912001b,0.15,false,false,near_mint,en,USD,2026-07-30T05:14:23.464Z
collection,binder,Abyssal Gatekeeper,WTH,Weatherlight,59,normal,common,7,37238,1734df5a-7d3a-46c7-a0ad-adbbd1be958f,0.27,false,false,near_mint,en,USD,2026-07-30T05:14:23.467Z
collection,binder,Bonecaller Cleric,CLB,Commander Legends: Battle for Baldur's Gate,117,normal,uncommon,2,69142,87f411d0-c796-443f-b957-c632aa23deb0,0.22,false,false,near_mint,en,USD,2026-07-30T05:14:23.475Z
collection,binder,Stromgald Spy,ALL,Alliances,62,normal,uncommon,3,38766,0cf8cecc-449f-4cc6-ac4d-440722df0ab9,0.15,false,false,near_mint,en,USD,2026-07-30T05:14:23.483Z
collection,binder,Cemetery Gate,HML,Homelands,44b,normal,common,2,39246,4a7b2cc1-cb0b-4cb8-963f-453a1d5b0e3c,0.19,false,false,near_mint,en,USD,2026-07-30T05:14:23.485Z
collection,binder,Cemetery Gate,HML,Homelands,44a,normal,common,2,39247,0c6f0614-06dc-4bd2-b8b9-d951ae27db21,0.15,false,false,near_mint,en,USD,2026-07-30T05:14:23.486Z
collection,binder,Gray Merchant of Asphodel,THS,Theros,89,normal,common,2,15575,b06078ce-f534-4e16-9a70-d51620a33eb2,0.87,false,false,near_mint,en,USD,2026-07-30T05:14:23.501Z
collection,binder,Midnight Scavengers,INR,Innistrad Remastered,123,foil,common,1,101886,bc079c81-85e8-4a0d-83fe-533c4feaa343,0.27,false,false,near_mint,en,USD,2026-07-30T05:26:40.659Z
collection,binder,Captivating Vampire,INR,Innistrad Remastered,100,normal,rare,1,102420,0f87aadf-7638-4691-b5a5-86f928e98462,3.28,false,false,near_mint,en,USD,2026-07-30T05:26:40.660Z
collection,binder,Midnight Scavengers,INR,Innistrad Remastered,123,normal,common,3,101886,bc079c81-85e8-4a0d-83fe-533c4feaa343,0.26,false,false,near_mint,en,USD,2026-07-30T05:26:40.661Z
collection,binder,Arbiter of Woe,FDN,Foundations,55,normal,uncommon,1,101008,b2496c4a-df03-4583-bd76-f98ed5cb61ee,0.26,false,false,near_mint,en,USD,2026-07-30T05:26:40.665Z
collection,binder,Marauding Blight-Priest,FDN,Foundations,178,normal,common,1,101528,5f70dafc-c638-4ec0-ab5b-62998f752720,0.29,false,false,near_mint,en,USD,2026-07-30T05:26:40.668Z
collection,binder,Stromkirk Bloodthief,FDN,Foundations,185,normal,uncommon,1,97176,485d6a5a-2054-47d5-91b8-71ce308ed4dc,0.16,false,false,near_mint,en,USD,2026-07-30T05:26:40.669Z
collection,binder,Vampire Nighthawk,FDN,Foundations,186,normal,uncommon,1,101474,0a1934ab-3171-4fc6-8033-ad998899ba73,0.23,false,false,near_mint,en,USD,2026-07-30T05:26:40.670Z
collection,binder,Vampire Soulcaller,FDN,Foundations,75,foil,common,1,101495,2d076293-3b45-4878-8f67-978927cc1f68,0.18,false,false,near_mint,en,USD,2026-07-30T05:26:40.671Z
collection,binder,Reassembling Skeleton,FDN,Foundations,182,normal,uncommon,1,100291,28e84b1b-1c05-4e1b-93b8-9cc2ca73509d,0.32,false,false,near_mint,en,USD,2026-07-30T05:26:40.672Z
collection,binder,Hungry Ghoul,FDN,Foundations,62,normal,common,1,100701,790f9433-7565-4f7f-88e8-8af762ea0296,0.18,false,false,near_mint,en,USD,2026-07-30T05:26:40.674Z
collection,binder,Tragic Banshee,FDN,Foundations,73,normal,uncommon,1,100324,30df3e33-2f17-4067-99f1-5db6b0f41fd4,0.18,false,false,near_mint,en,USD,2026-07-30T05:26:40.675Z
collection,binder,Bloodcrazed Socialite,VOW,Innistrad: Crimson Vow,96,normal,common,2,64305,8b12c378-1103-4a50-88fa-cf5a2deef463,0.27,false,false,near_mint,en,USD,2026-07-30T05:26:40.676Z
collection,binder,Graf Reaver,VOW,Innistrad: Crimson Vow,115,normal,rare,2,64082,0bb2103b-3462-4439-a1e1-243a15c5f318,0.2,false,false,near_mint,en,USD,2026-07-30T05:26:40.677Z
collection,binder,Desperate Farmer // Depraved Harvester,VOW,Innistrad: Crimson Vow,104,normal,common,5,64183,467c566e-7f6a-40c9-8fd7-da6ae96df56c,0.2,false,false,near_mint,en,USD,2026-07-30T05:26:40.678Z
collection,binder,Doom Weaver,VOC,Crimson Vow Commander,34,normal,rare,1,64075,08c79a77-810d-4ee2-8afc-18ddfba41ad1,2.75,false,false,near_mint,en,USD,2026-07-30T05:26:40.680Z
collection,binder,Fear of Lost Teeth,DSK,Duskmourn: House of Horror,97,normal,common,3,98613,259045fe-f349-4be1-bf29-465d084ed35e,0.19,false,false,near_mint,en,USD,2026-07-30T05:26:40.682Z
collection,binder,Wakedancer,J25,Foundations Jumpstart,512,normal,common,1,100899,9e20cdcc-1580-4495-9627-2f799b05e359,0.07,false,false,near_mint,en,USD,2026-07-30T05:26:40.683Z
collection,binder,Cackling Slasher,DSK,Duskmourn: House of Horror,85,normal,common,2,99296,b1269ccf-febf-42b0-8c20-21ccb731a3ec,0.16,false,false,near_mint,en,USD,2026-07-30T05:26:40.684Z
collection,binder,Morbid Opportunist,J25,Foundations Jumpstart,464,normal,uncommon,1,100233,1f6ed601-3f89-4e8f-b806-f02b903fd8c7,0.3,false,false,near_mint,en,USD,2026-07-30T05:26:40.685Z
collection,binder,Falkenrath Noble,J25,Foundations Jumpstart,441,normal,uncommon,1,100309,2d97757e-f1fb-4ce6-9e14-3deedda7a03a,0.29,false,false,near_mint,en,USD,2026-07-30T05:26:40.686Z
collection,binder,Doomed Dissenter,J25,Foundations Jumpstart,425,normal,common,1,101365,f6a99641-1796-4263-bbbb-b4bac0b07dd4,0.3,false,false,near_mint,en,USD,2026-07-30T05:26:40.687Z
collection,binder,Shambling Ghast,J25,Foundations Jumpstart,124,normal,common,1,100775,856e95de-792d-478a-91cf-fe0df549abdb,0.38,false,false,near_mint,en,USD,2026-07-30T05:26:40.688Z
collection,binder,Cirith Ungol Patrol,LTR,The Lord of the Rings: Tales of Middle-earth,80,normal,common,3,83215,7cd03837-37cc-4f6c-8e22-e3b0ff635462,0.17,false,false,near_mint,en,USD,2026-07-30T05:26:40.691Z
collection,binder,Haunt of the Dead Marshes,LTR,The Lord of the Rings: Tales of Middle-earth,90,foil,common,1,83151,673c6c12-2513-4d1b-acf0-6a1f741d49dd,0.29,false,false,near_mint,en,USD,2026-07-30T05:26:40.692Z
collection,binder,Rag Man,5ED,Fifth Edition,190,normal,rare,1,37816,cc54f1d6-8a2c-434e-bcae-942b3ccc44b5,0.63,false,false,near_mint,en,USD,2026-07-30T05:26:40.699Z
collection,binder,Nether Shadow,3ED,Revised Edition,118,normal,rare,1,41307,cd07c415-4f39-4011-b94a-4aab56dca7d7,1.71,false,false,near_mint,en,USD,2026-07-30T05:26:40.703Z
collection,binder,Urborg Panther,MIR,Mirage,150,normal,common,1,38440,edc9ff0f-adec-4d39-b281-98c5862f506b,0.2,false,false,near_mint,en,USD,2026-07-30T05:26:40.722Z
collection,binder,Ravenous Vampire,MIR,Mirage,136,normal,uncommon,1,38454,5ee67033-7f0f-49b4-8472-3bc4fbb8ffe1,0.17,false,false,near_mint,en,USD,2026-07-30T05:26:40.723Z
collection,binder,Necrite,FEM,Fallen Empires,41a,normal,common,1,40296,311d752a-ce8a-44cb-8aeb-1ed66705eb09,0.13,false,false,near_mint,en,USD,2026-07-30T05:26:40.725Z
collection,binder,Dungeon Shade,PLST,The List,STH-58,normal,common,1,60732,60c68824-e549-428e-887b-e8101f346b1f,0.11,false,false,near_mint,en,USD,2026-07-30T05:26:40.727Z
collection,binder,Skulking Ghost,MIR,Mirage,143,normal,common,1,38447,f8ca7e96-0545-4f36-85c0-944d5c0b760a,0.13,false,false,near_mint,en,USD,2026-07-30T05:26:40.728Z
collection,binder,Mischievous Poltergeist,WTH,Weatherlight,74,normal,uncommon,1,37223,054254ee-29cf-48d7-afbf-cb6de83e513e,0.37,false,false,near_mint,en,USD,2026-07-30T05:26:40.733Z
collection,binder,Barrow Ghoul,WTH,Weatherlight,61,normal,common,1,37236,f7055007-83dd-40fe-b2a1-4b3132f636db,0.21,false,false,near_mint,en,USD,2026-07-30T05:26:40.735Z
collection,binder,Scared Stiff,UNF,Unfinity,90,foil,common,1,73297,dc479ea0-7c38-49ae-9dc6-1c85183fe6c8,0.07,false,false,near_mint,en,USD,2026-07-30T05:26:40.750Z
collection,binder,Scared Stiff,UNF,Unfinity,90,normal,common,3,73297,dc479ea0-7c38-49ae-9dc6-1c85183fe6c8,0.05,false,false,near_mint,en,USD,2026-07-30T05:26:40.651Z
collection,binder,Nightmare,5ED,Fifth Edition,184,normal,rare,2,37822,60304328-7a02-4f4c-a884-fc6ce7816060,1.31,false,false,near_mint,en,USD,2026-07-30T05:26:40.655Z
collection,binder,Black Knight,4ED,Fourth Edition,121,normal,uncommon,4,40066,47716cf4-f35c-4613-9686-4e00b5063408,0.76,false,false,near_mint,en,USD,2026-07-30T05:26:40.656Z
collection,binder,Nether Shadow,4ED,Fourth Edition,149,normal,rare,2,40038,1b6d9e96-0c7f-45c5-b6d0-6444ef84bab1,0.62,false,false,near_mint,en,USD,2026-07-30T05:26:40.657Z
collection,binder,Vengeful Bloodwitch,FDN,Foundations,76,normal,uncommon,3,97189,bd0c12dd-f138-45c0-9614-d83a1d8e8399,0.31,false,false,near_mint,en,USD,2026-07-30T05:26:40.662Z
collection,binder,Infestation Sage,FDN,Foundations,64,normal,common,3,101601,d40c73de-7a5f-46f2-a70b-449bc8ecfe24,0.25,false,false,near_mint,en,USD,2026-07-30T05:26:40.663Z
collection,binder,Ragged Recluse // Odious Witch,VOW,Innistrad: Crimson Vow,127,normal,common,5,64285,7fb728de-0d6e-4b32-b0c4-edd7382d1391,0.17,false,false,near_mint,en,USD,2026-07-30T05:26:40.679Z
collection,binder,Demonic Hordes,3ED,Revised Edition,104,normal,rare,3,41321,b4cfeebf-d893-4fdf-b3fc-f1f9528f4d04,6.43,false,false,near_mint,en,USD,2026-07-30T05:26:40.708Z
collection,binder,Fallen Angel,CHR,Chronicles,32,normal,uncommon,4,39394,47e79d10-5561-41f7-b6d7-ab7560a9ff23,0.28,false,false,near_mint,en,USD,2026-07-30T05:26:40.709Z
collection,binder,Lord of the Pit,5ED,Fifth Edition,174,normal,rare,4,37832,3b4c083f-d619-4913-aa7b-d345e3bdb1c4,1.21,false,false,near_mint,en,USD,2026-07-30T05:26:40.714Z
collection,binder,Shadow Guildmage,MIR,Mirage,140,normal,common,2,38450,ba3fc11e-db36-430c-920b-31195913c16a,0.1,false,false,near_mint,en,USD,2026-07-30T05:26:40.717Z
collection,binder,Quick Fixer,UNF,Unfinity,85,normal,uncommon,3,72882,a78c8da1-7220-4fbf-b672-547af59d2490,0.12,false,false,near_mint,en,USD,2026-07-30T05:26:40.740Z
collection,binder,Soul Swindler,UNF,Unfinity,93,normal,common,4,73188,89d07a8e-2880-40bd-a80b-c8d938a3761b,0.13,false,false,near_mint,en,USD,2026-07-30T05:26:40.741Z
collection,binder,Innocent Traveler // Malicious Invader,VOW,Innistrad: Crimson Vow,294,normal,uncommon,1,64188,49691eb6-a6a4-4171-ae34-d43b44eb2ac6,0.16,false,false,near_mint,en,USD,2026-07-30T19:13:46.381Z
collection,binder,Rooftop Assassin,OTJ,Outlaws of Thunder Junction,103,normal,common,1,93391,e4e4311a-8583-4cf0-8126-508dbfbcddb6,0.16,false,false,near_mint,en,USD,2026-07-30T19:13:46.383Z
collection,binder,Bloodsworn Squire // Bloodsworn Knight,VOW,Innistrad: Crimson Vow,289,normal,uncommon,2,64203,50ea34d6-e690-4087-baf0-0b7a88739760,0.18,false,false,near_mint,en,USD,2026-07-30T19:13:46.385Z
collection,binder,Falkenrath Forebear,VOW,Innistrad: Crimson Vow,111,normal,rare,1,64177,451559d0-b62d-4757-8eb5-f6b0e240899c,0.28,false,false,near_mint,en,USD,2026-07-30T19:13:46.387Z
collection,binder,Wedding Security,VOW,Innistrad: Crimson Vow,138,normal,uncommon,1,64117,1ddfdd10-2a99-4376-abee-f868b0d5e7c1,0.17,false,false,near_mint,en,USD,2026-07-30T19:13:46.389Z
collection,binder,Wedding Security,VOW,Innistrad: Crimson Vow,299,normal,uncommon,2,64122,20b1a617-96bf-4960-bffe-dddf3a3c1868,0.12,false,false,near_mint,en,USD,2026-07-30T19:13:46.391Z
collection,binder,Gluttonous Guest,VOW,Innistrad: Crimson Vow,292,normal,common,3,64260,6d6abfce-ffe0-4506-89f9-41c2820b188f,0.25,false,false,near_mint,en,USD,2026-07-30T19:13:46.392Z
collection,binder,Fanatic of the Harrowing,DSK,Duskmourn: House of Horror,96,normal,common,1,98699,2a0acb05-91e0-4f7c-b48b-99e1068fad16,0.15,false,false,near_mint,en,USD,2026-07-30T19:13:46.394Z
collection,binder,Spectral Snatcher,DSK,Duskmourn: House of Horror,116,normal,common,1,98982,68f90f57-94a0-4ee1-9383-093e8fca52ea,0.15,false,false,near_mint,en,USD,2026-07-30T19:13:46.395Z
collection,binder,Nadier's Nightblade,CMM,Commander Masters,641,normal,common,1,84385,56b0a988-5aee-4f4c-8efe-4c2a392702b1,0.41,false,false,near_mint,en,USD,2026-07-30T19:13:46.396Z
collection,binder,Phyrexian Gargantua,CMM,Commander Masters,178,foil,common,1,84017,08648c0a-e075-45ac-ad8c-80c425d3487e,0.25,false,false,near_mint,en,USD,2026-07-30T19:13:46.397Z
collection,binder,Fleshless Gladiator,ONE,Phyrexia: All Will Be One,94,normal,common,1,78389,0b2a32c9-f0ae-4ae4-a5c5-72bea05018fb,0.08,false,false,near_mint,en,USD,2026-07-30T19:13:46.398Z
collection,binder,Skirge Familiar,PLST,The List,USG-157,normal,uncommon,1,97585,3ffbfaa3-0aaa-4277-af3f-e64a5dd6c1e6,0.35,false,false,near_mint,en,USD,2026-07-30T19:13:46.399Z
collection,binder,Wall of Blood,PLST,The List,MRD-82,normal,uncommon,2,64887,82919b9d-b54b-4874-89f0-a7b12af6d420,2.08,false,false,near_mint,en,USD,2026-07-30T19:13:46.400Z
collection,binder,Keeper of the Dead,PLST,The List,EXO-65,normal,uncommon,1,98007,8d4f2470-ee7b-4db7-bef8-0546bae54b77,0.22,false,false,near_mint,en,USD,2026-07-30T19:13:46.401Z
collection,binder,Nezumi Prowler,PLST,The List,NEO-116,normal,uncommon,1,97693,54fa5e72-ca3a-4f4e-b352-66d9f881479a,0.25,false,false,near_mint,en,USD,2026-07-30T19:13:46.402Z
collection,binder,Witch of the Moors,PLST,The List,JMP-18,normal,rare,1,63946,e291d500-7d6a-45ca-96c2-700b0f229622,1.12,false,false,near_mint,en,USD,2026-07-30T19:13:46.403Z
collection,binder,Chittering Rats,PLST,The List,J22-387,normal,common,1,97643,4cf0c632-b73c-4497-aa41-4f623667237e,0.2,false,false,near_mint,en,USD,2026-07-30T19:13:46.404Z
collection,binder,Morbid Opportunist,PLST,The List,MID-113,normal,uncommon,2,97629,49966f0c-7edb-4543-be5b-2b26d8351852,0.23,false,false,near_mint,en,USD,2026-07-30T19:13:46.405Z
collection,binder,Accursed Marauder,MH3,Modern Horizons 3,80,normal,common,1,94858,5da14d86-0780-4821-a799-96f64b377df4,0.31,false,false,near_mint,en,USD,2026-07-30T19:13:46.406Z
collection,binder,Fell Specter,PLST,The List,M19-96,normal,uncommon,1,98190,ad9b6633-b383-4f40-80d2-9a4cc8773f0f,0.4,false,false,near_mint,en,USD,2026-07-30T19:13:46.407Z
collection,binder,Audacious Thief,PLST,The List,M20-84,normal,common,1,97533,367edbdb-cce8-4372-8e63-7a3e142f1078,0.1,false,false,near_mint,en,USD,2026-07-30T19:13:46.408Z
collection,binder,Underworld Hermit,PLST,The List,MH2-105,normal,uncommon,2,98146,a66dbfed-34e7-4872-87d7-5ddae5d98b5b,0.13,false,false,near_mint,en,USD,2026-07-30T19:13:46.409Z
collection,binder,Murderous Rider // Swift End,PLST,The List,ELD-97,normal,rare,2,97664,4fcad716-cb4e-497d-b25b-61598224f3c8,0.2,false,false,near_mint,en,USD,2026-07-30T19:13:46.410Z
collection,binder,Paragon of Open Graves,PLST,The List,M15-111,normal,uncommon,2,97740,5d015630-2c63-4372-a718-eed88e264d16,0.15,false,false,near_mint,en,USD,2026-07-30T19:13:46.411Z
collection,binder,Dauthi Voidwalker,PLST,The List,MH2-81,normal,rare,1,98592,ffc49988-f7ec-4fea-8585-d2a59a3b5891,4.8,false,false,near_mint,en,USD,2026-07-30T19:13:46.412Z
collection,binder,Eye Collector,ELD,Throne of Eldraine,86,normal,common,1,46252,2b9bb2f3-a7c7-4e8f-ba39-44e6acd9240b,0.11,false,false,near_mint,en,USD,2026-07-30T19:13:46.413Z
collection,binder,Myrkul's Invoker,CLB,Commander Legends: Battle for Baldur's Gate,136,foil,common,1,69293,ca67faa9-2c23-4cc5-b77f-ff75cf0349f3,0.16,false,false,near_mint,en,USD,2026-07-30T19:13:46.414Z
collection,binder,Liliana's Specter,PLST,The List,M11-104,normal,common,2,97887,77e5065d-faf4-4439-b02b-94b133adb6e7,0.16,false,false,near_mint,en,USD,2026-07-30T19:13:46.415Z
collection,binder,Vrock,CLB,Commander Legends: Battle for Baldur's Gate,157,normal,uncommon,1,69014,5111905c-3d19-4a06-b8c6-a253260b5d24,0.2,false,false,near_mint,en,USD,2026-07-30T19:13:46.416Z
collection,binder,Courier Bat,VOW,Innistrad: Crimson Vow,102,normal,common,5,64202,4d9a8dc7-1ee9-4731-bd72-3d02f4e7c6c4,0.22,false,false,near_mint,en,USD,2026-07-30T19:13:46.417Z
collection,binder,Glidedive Duo,BLB,Bloomburrow,96,normal,common,1,96026,4831e7ae-54e3-4bd9-b5af-52dc29f81715,0.13,false,false,near_mint,en,USD,2026-07-30T19:13:46.418Z
collection,binder,Mischievous Poltergeist,PLST,The List,WTH-74,normal,uncommon,1,97828,6d3ef297-5c5b-4fa0-95d1-b5fdbc46e087,0.2,false,false,near_mint,en,USD,2026-07-30T19:13:46.419Z
collection,binder,Order of Yawgmoth,PLST,The List,USG-144,normal,uncommon,2,97939,8137513d-75ca-4d64-a07a-b1fbbf0bf924,0.12,false,false,near_mint,en,USD,2026-07-30T19:13:46.420Z
collection,binder,Mesmeric Fiend,PLST,The List,TOR-69,normal,common,1,98286,c2debda1-542e-4f28-b984-da79de35eab3,0.79,false,false,near_mint,en,USD,2026-07-30T19:13:46.421Z
collection,binder,Devouring Sugarmaw // Have for Dinner,WOE,Wilds of Eldraine,288,normal,rare,1,85830,f2848594-1718-43f2-8ccf-34a18a55e4b2,0.19,false,false,near_mint,en,USD,2026-07-30T19:13:46.422Z
collection,binder,Basilica Screecher,CLU,Ravnica: Clue Edition,105,normal,common,1,90900,5b28ac31-7ac0-458d-937c-75ff8ecd92cb,0.28,false,false,near_mint,en,USD,2026-07-30T19:13:46.423Z
collection,binder,Topaz Dragon // Entropic Cloud,CLB,Commander Legends: Battle for Baldur's Gate,153,normal,uncommon,1,69112,783adffd-449f-44a6-8faf-3e38a201b05b,0.2,false,false,near_mint,en,USD,2026-07-30T19:13:46.424Z
collection,binder,Nightmare Shepherd,DSC,Duskmourn: House of Horror Commander,149,normal,rare,1,99333,c03c1ad6-3122-4267-80d6-94ecf1ff3884,0.34,false,false,near_mint,en,USD,2026-07-30T19:13:46.425Z
collection,binder,Grim Hireling,CLB,Commander Legends: Battle for Baldur's Gate,755,normal,rare,1,69472,38326f48-548c-4b18-9ad2-0b7c23385deb,10.35,false,false,near_mint,en,USD,2026-07-30T19:13:46.426Z
collection,binder,Metamorphosis Fanatic,DSC,Duskmourn: House of Horror Commander,21,normal,rare,1,98954,16448d95-ee21-4def-b880-26f6f159c213,5.67,false,false,near_mint,en,USD,2026-07-30T19:13:46.427Z
collection,binder,Ancient Cellarspawn,DSC,Duskmourn: House of Horror Commander,16,normal,rare,1,98961,27e2477d-4f04-408d-8c39-8a886ac81f44,7.65,false,false,near_mint,en,USD,2026-07-30T19:13:46.428Z
collection,binder,Doomwake Giant,SOC,Secrets of Strixhaven Commander,212,normal,rare,1,111838,0be3f848-ba01-4890-a3a1-ed0dfb564632,0.28,false,false,near_mint,en,USD,2026-07-30T19:13:46.429Z
collection,binder,Demon of Fate's Design,DSC,Duskmourn: House of Horror Commander,137,normal,rare,1,99049,0d3668fe-78d9-4c2c-8c83-5cace9d39e03,0.38,false,false,near_mint,en,USD,2026-07-30T19:13:46.430Z
collection,binder,Child of Night,M15,Magic 2015,90,normal,common,1,13762,bff5d53c-5698-4d09-b557-89d10ce4fbbf,0.16,false,false,near_mint,en,USD,2026-07-30T19:13:46.432Z
collection,binder,Sengir Vampire,M15,Magic 2015,277,normal,uncommon,1,13575,b3da28be-091d-47f9-b41e-8926cd182a63,0.16,false,false,near_mint,en,USD,2026-07-30T19:13:46.434Z
collection,binder,Blood Hustler,OTJ,Outlaws of Thunder Junction,80,normal,uncommon,1,93047,1016a750-2a18-4443-a600-957eb4026d3a,0.21,false,false,near_mint,en,USD,2026-07-30T19:13:46.435Z
collection,binder,Desperate Bloodseeker,OTJ,Outlaws of Thunder Junction,86,foil,common,1,93295,a59da027-b5dd-4920-b3a1-9da05fcb1977,0.31,false,false,near_mint,en,USD,2026-07-30T19:13:46.436Z
collection,binder,Raffine's Silencer,SNC,Streets of New Capenna,90,normal,uncommon,1,67737,4ba72399-c827-43f3-b072-08597dbafb2d,0.26,false,false,near_mint,en,USD,2026-07-30T19:13:46.437Z
collection,binder,Unscrupulous Contractor,OTJ,Outlaws of Thunder Junction,112,normal,uncommon,1,93283,9e56a8df-db04-4a88-a5ab-6954d3449976,0.13,false,false,near_mint,en,USD,2026-07-30T19:13:46.454Z
collection,binder,Archghoul of Thraben,VOW,Innistrad: Crimson Vow,93,normal,uncommon,2,64087,0cf81c9d-ddb2-470e-8a4a-590049713e95,0.21,false,false,near_mint,en,USD,2026-07-30T19:13:46.455Z
collection,binder,Cynical Loner,DSK,Duskmourn: House of Horror,89,normal,uncommon,1,98918,cc93bcb8-778d-491e-877b-e6ad432764cb,0.22,false,false,near_mint,en,USD,2026-07-30T19:13:46.456Z
collection,binder,Appendage Amalgam,DSK,Duskmourn: House of Horror,83,normal,common,1,98919,d16b3cf3-7b85-4153-b25a-e6b5fce725cf,0.14,false,false,near_mint,en,USD,2026-07-30T19:13:46.457Z
collection,binder,Bloodsworn Squire // Bloodsworn Knight,VOW,Innistrad: Crimson Vow,97,normal,uncommon,2,64358,a7cbdd54-7685-4921-ab60-dc36e647a4c5,0.15,false,false,near_mint,en,USD,2026-07-30T19:13:46.458Z
collection,binder,Restless Bloodseeker // Bloodsoaked Reveler,INR,Innistrad Remastered,128,normal,uncommon,3,102585,68f71dcf-b0eb-43c7-9ea5-5ff7a7f991be,0.22,false,false,near_mint,en,USD,2026-07-30T19:13:46.459Z
collection,binder,Cemetery Desecrator,VOW,Innistrad: Crimson Vow,100,normal,mythic,1,64187,48da33b1-d59c-43f1-8e55-480096b674e5,0.35,false,false,near_mint,en,USD,2026-07-30T19:13:46.464Z
collection,binder,Mirkwood Bats,LTR,The Lord of the Rings: Tales of Middle-earth,95,normal,common,1,82881,15f035df-784a-4dc8-b7f5-77139a4e6e99,1.54,false,false,near_mint,en,USD,2026-07-30T19:13:46.467Z
collection,binder,Skulking Killer,VOW,Innistrad: Crimson Vow,130,normal,uncommon,1,64189,497b94b9-c5d7-4e94-87c2-ca1342588d79,0.13,false,false,near_mint,en,USD,2026-07-30T19:13:46.478Z
collection,binder,Midnight Assassin,SNC,Streets of New Capenna,87,foil,common,1,67587,02a4a5b3-0477-4709-8bce-3e01f54001b6,0.2,false,false,near_mint,en,USD,2026-07-30T19:13:46.479Z
collection,binder,Nightblade Brigade,TDM,Tarkir: Dragonstorm,85,normal,common,1,105134,648debd9-d4cf-4788-8882-f1601a3d87f5,0.23,false,false,near_mint,en,USD,2026-07-30T19:13:46.481Z
collection,binder,Unburied Earthcarver,TDM,Tarkir: Dragonstorm,95,normal,common,1,105126,3ab5e71e-dc8d-4ed8-bcef-6497177c4a9d,0.07,false,false,near_mint,en,USD,2026-07-30T19:13:46.482Z
collection,binder,Adorned Crocodile,TDM,Tarkir: Dragonstorm,69,normal,common,1,105159,bb13a34b-6ac8-47cb-9e91-47106a585fc1,0.15,false,false,near_mint,en,USD,2026-07-30T19:13:46.484Z
collection,binder,Qarsi Revenant,TDM,Tarkir: Dragonstorm,86,normal,rare,1,104323,8c93a0f6-5e50-4dda-9ff6-da741fb839ff,2.4,false,false,near_mint,en,USD,2026-07-30T19:13:46.488Z
collection,binder,Delta Bloodflies,TDM,Tarkir: Dragonstorm,77,normal,common,2,104457,119bb72d-aed9-47dc-9285-7bc836cc3776,0.18,false,false,near_mint,en,USD,2026-07-30T19:13:46.490Z
collection,binder,Retrofitted Transmogrant,MH3,Modern Horizons 3,106,normal,common,1,94839,12c1b83d-710b-4680-855a-02ba1f72abf0,0.21,false,false,near_mint,en,USD,2026-07-30T19:13:46.492Z
collection,binder,Etherium Pteramander,MH3,Modern Horizons 3,92,normal,uncommon,1,94410,3abd093b-c1d6-400e-bc26-1aa045fe47b8,0.17,false,false,near_mint,en,USD,2026-07-30T19:13:46.493Z
collection,binder,Basilica Stalker,MKM,Murders at Karlov Manor,78,foil,common,1,91336,fdafea8f-283d-4f19-a74a-669bfbdfed98,0.09,false,false,near_mint,en,USD,2026-07-30T19:13:46.494Z
collection,binder,Refurbished Familiar,MH3,Modern Horizons 3,105,normal,common,1,94881,b338e078-629c-4cac-bd1d-e1f0a132728d,0.28,false,false,near_mint,en,USD,2026-07-30T19:13:46.495Z
collection,binder,Basilica Stalker,MKM,Murders at Karlov Manor,78,normal,common,1,91336,fdafea8f-283d-4f19-a74a-669bfbdfed98,0.12,false,false,near_mint,en,USD,2026-07-30T19:13:46.497Z
collection,binder,Desperate Bloodseeker,OTJ,Outlaws of Thunder Junction,86,normal,common,1,93295,a59da027-b5dd-4920-b3a1-9da05fcb1977,0.19,false,false,near_mint,en,USD,2026-07-30T19:13:46.498Z
collection,binder,Alley Assailant,MKM,Murders at Karlov Manor,76,normal,common,1,91293,edf238c9-61de-4f3a-b82f-05af46e5e81b,0.07,false,false,near_mint,en,USD,2026-07-30T19:13:46.500Z
collection,binder,Null Caller,CMR,Commander Legends,140,normal,uncommon,1,55865,bde7ecbc-b277-437c-ac94-4c3e89f1bda6,0.1,false,false,near_mint,en,USD,2026-07-30T19:13:46.501Z
collection,binder,Bloodcrazed Socialite,VOW,Innistrad: Crimson Vow,288,normal,common,5,64338,9df22639-7e98-43a1-801e-cbf882558c53,0.15,false,false,near_mint,en,USD,2026-07-30T19:13:46.382Z
collection,binder,Bloodvial Purveyor,VOW,Innistrad: Crimson Vow,98,normal,rare,2,64184,4889c58b-8b84-42af-a56c-e886655aa997,0.28,false,false,near_mint,en,USD,2026-07-30T19:13:46.384Z
collection,binder,Restless Bloodseeker // Bloodsoaked Reveler,VOW,Innistrad: Crimson Vow,295,normal,uncommon,2,64394,c05a85ef-5ac0-4bd1-8ef1-de2ff84e448d,0.25,false,false,near_mint,en,USD,2026-07-30T19:13:46.386Z
collection,binder,Cutthroat Contender,SNC,Streets of New Capenna,73,normal,common,2,67810,6b23b3e4-58cf-4b5d-bdcb-410a403b4987,0.2,false,false,near_mint,en,USD,2026-07-30T19:13:46.431Z
collection,binder,Leering Onlooker,MKM,Murders at Karlov Manor,91,normal,uncommon,2,91244,dc687588-9c57-411d-b666-b9699949d48f,0.16,false,false,near_mint,en,USD,2026-07-30T19:13:46.433Z
collection,binder,Poison-Blade Mentor,ACR,Assassin's Creed,288,normal,uncommon,2,95518,e3efb96a-a722-493a-be0e-a64583f8c3df,0.29,false,false,near_mint,en,USD,2026-07-30T19:13:46.438Z
collection,binder,Brotherhood Patriarch,ACR,Assassin's Creed,286,normal,common,2,95380,5b79ee23-d917-48f3-b014-d513f1c5ff54,0.14,false,false,near_mint,en,USD,2026-07-30T19:13:46.439Z
collection,binder,Merciless Harlequin,ACR,Assassin's Creed,287,normal,common,3,95305,1bb19a35-7224-4fe2-a0c0-17b93d2837ad,0.14,false,false,near_mint,en,USD,2026-07-30T19:13:46.440Z
collection,binder,Assassin Initiate,ACR,Assassin's Creed,22,normal,uncommon,2,95341,3ce4e330-d878-48f3-b9fe-3158d69f2da2,0.25,false,false,near_mint,en,USD,2026-07-30T19:13:46.441Z
collection,binder,Hired Blade,ACR,Assassin's Creed,299,normal,common,3,95460,ac703b47-398c-42cd-8d30-99c398cf734e,0.1,false,false,near_mint,en,USD,2026-07-30T19:13:46.445Z
collection,binder,Brotherhood Ambushers,ACR,Assassin's Creed,285,normal,uncommon,3,95429,91ef922e-81b4-47e6-bd37-8ec0cb29700a,0.11,false,false,near_mint,en,USD,2026-07-30T19:13:46.446Z
collection,binder,Gluttonous Guest,VOW,Innistrad: Crimson Vow,114,normal,common,5,64110,18c07288-1c71-4e71-bdf5-910eb583a1d8,0.16,false,false,near_mint,en,USD,2026-07-30T19:13:46.461Z
collection,binder,Alchemist's Assistant,TDM,Tarkir: Dragonstorm,71,normal,uncommon,2,105131,4d305609-64f8-4f3f-bf67-cd5257f0d01e,0.2,false,false,near_mint,en,USD,2026-07-30T19:13:46.483Z
collection,binder,Kin-Tree Nurturer,TDM,Tarkir: Dragonstorm,83,normal,common,2,105124,2177ef64-28bf-4acf-b1f1-c1408f03c411,0.08,false,false,near_mint,en,USD,2026-07-30T19:13:46.486Z
collection,binder,Sandskitter Outrider,TDM,Tarkir: Dragonstorm,89,normal,common,2,105122,1c4bfebe-f10f-44bd-9368-33e273ba5a55,0.12,false,false,near_mint,en,USD,2026-07-30T19:13:46.487Z
collection,binder,Helm of the Host,PDOM,Dominaria Promos,217p,normal,rare,1,45006,1a0fd50b-ccde-4098-bd37-feb6038c53a7,12.07,false,false,near_mint,en,USD,2026-07-30T19:25:00.019Z
collection,binder,Smothering Tithe,WOT,Wilds of Eldraine: Enchanting Tales,67,normal,mythic,1,85407,58178dd4-c61e-4017-b2e6-2d8308ded4fd,207.82,false,false,near_mint,en,USD,2026-07-30T19:25:00.020Z
collection,binder,Persistent Specimen,VOW,Innistrad: Crimson Vow,125,foil,common,1,64478,f7baf973-3202-4fea-8861-a4a5ec228640,0.36,false,false,near_mint,en,USD,2026-07-30T19:30:37.975Z
collection,binder,Skulking Killer,VOW,Innistrad: Crimson Vow,296,normal,uncommon,2,64405,c491af90-b224-4795-adb4-d7ea4c8464ce,0.11,false,false,near_mint,en,USD,2026-07-30T19:30:37.976Z
collection,binder,Merciless Executioner,LTC,Tales of Middle-earth Commander,204,normal,uncommon,1,83345,a034d73b-a511-4c02-946f-ea520f93a2a4,0.43,false,false,near_mint,en,USD,2026-07-30T19:30:37.985Z
collection,binder,Thieving Amalgam,OTC,Outlaws of Thunder Junction Commander,150,normal,rare,1,93840,c6225b97-396f-4969-954c-f2885da70c1b,0.89,false,false,near_mint,en,USD,2026-07-30T19:30:37.988Z
collection,binder,Tenured Inkcaster,OTC,Outlaws of Thunder Junction Commander,149,normal,uncommon,1,93905,e315f7ab-14c3-4ad6-8d8d-ac83cee39272,0.33,false,false,near_mint,en,USD,2026-07-30T19:30:37.989Z
collection,binder,Elder Brain,CLB,Commander Legends: Battle for Baldur's Gate,125,normal,rare,1,67524,b82a13bf-da32-4c12-a9dd-271d8ca45c21,0.81,false,false,near_mint,en,USD,2026-07-30T19:30:37.991Z
collection,binder,Shakedown Heavy,SNC,Streets of New Capenna,95,normal,rare,1,68016,ce418184-a672-46bc-a17d-c559614defb5,0.33,false,false,near_mint,en,USD,2026-07-30T19:30:37.992Z
collection,binder,Snarling Warg,LTR,The Lord of the Rings: Tales of Middle-earth,109,foil,common,1,83351,a1ad561c-ccb4-480a-88a4-0555d0ef245e,0.25,false,false,near_mint,en,USD,2026-07-30T19:30:37.993Z
collection,binder,Mordor Trebuchet,LTR,The Lord of the Rings: Tales of Middle-earth,97,foil,common,1,83140,648bc8ae-1798-4c2f-a372-0487a90ba4d3,0.2,false,false,near_mint,en,USD,2026-07-30T19:30:37.996Z
collection,binder,Reaper from the Abyss,C14,Commander 2014,159,normal,mythic,1,12697,0831a574-33c5-4ab2-b7f6-17db2829df51,1.01,false,false,near_mint,en,USD,2026-07-30T19:30:37.997Z
collection,binder,Screeching Scorchbeast,PIP,Fallout,49,normal,rare,1,92485,967dbb24-3073-4c33-bfdf-b3eb9e8fe443,2.08,false,false,near_mint,en,USD,2026-07-30T19:30:37.998Z
collection,binder,Blade of the Oni,NEO,Kamigawa: Neon Dynasty,89,normal,mythic,1,66788,b6bc3f71-b4ce-4c05-be3c-7a0faad476c3,1.41,false,false,near_mint,en,USD,2026-07-30T19:30:37.999Z
collection,binder,Nullpriest of Oblivion,FDN,Foundations,611,normal,rare,1,101010,b2c7613c-38fc-49c3-93ee-1df93136455a,0.22,false,false,near_mint,en,USD,2026-07-30T19:30:38.000Z
collection,binder,Pulse Tracker,FDN,Foundations,612,normal,common,1,101402,fdcbbe4d-5c93-4b14-8123-cd835452870f,0.16,false,false,near_mint,en,USD,2026-07-30T19:30:38.001Z
collection,binder,Driver of the Dead,FDN,Foundations,605,normal,common,1,100431,4443696a-0b9a-4081-91aa-800b5c4065d2,0.08,false,false,near_mint,en,USD,2026-07-30T19:30:38.002Z
collection,binder,Suspicious Shambler,FDN,Foundations,527,normal,common,1,100393,3d2c5345-eb55-4bca-9183-b4e1404405f8,0.06,false,false,near_mint,en,USD,2026-07-30T19:30:38.004Z
collection,binder,Vile Entomber,FDN,Foundations,616,normal,uncommon,1,100755,833b5a32-5d77-4e46-a524-25bada29ef59,0.18,false,false,near_mint,en,USD,2026-07-30T19:30:38.005Z
collection,binder,Knight of Malice,FDN,Foundations,608,normal,uncommon,1,101061,bb678e10-e5a4-4143-8e49-7b523118674e,0.12,false,false,near_mint,en,USD,2026-07-30T19:30:38.006Z
collection,binder,Vengeful Bloodwitch,FDN,Foundations,325,normal,uncommon,1,101593,c944c5dc-9cb6-4dfd-aa90-5e180ffaa0fe,0.28,false,false,near_mint,en,USD,2026-07-30T19:30:38.007Z
collection,binder,Kalastria Highborn,FDN,Foundations,607,normal,rare,1,100208,1a52f6ef-7759-4be3-8b80-a57e9d6ae386,0.15,false,false,near_mint,en,USD,2026-07-30T19:30:38.008Z
collection,binder,Midnight Reaper,FDN,Foundations,609,normal,rare,1,101336,f229b0e6-1ffd-410e-b04b-a0afc179c58c,0.17,false,false,near_mint,en,USD,2026-07-30T19:30:38.009Z
collection,binder,Desecration Demon,FDN,Foundations,603,normal,rare,1,100509,52bf6460-0df6-4dd3-8af8-df728683bcaa,0.16,false,false,near_mint,en,USD,2026-07-30T19:30:38.010Z
collection,binder,Gatekeeper of Malakir,FDN,Foundations,713,foil,uncommon,1,100306,2cd61c12-f5e2-4698-9080-097679754f16,0.12,false,false,near_mint,en,USD,2026-07-30T19:30:38.011Z
collection,binder,Haunted Dead,INR,Innistrad Remastered,382,normal,uncommon,1,102802,db15f7e6-a4fa-4dd5-b072-37fc213c99d0,0.22,false,false,near_mint,en,USD,2026-07-30T19:30:38.014Z
collection,binder,Asylum Visitor,INR,Innistrad Remastered,96,foil,uncommon,1,102400,02046824-6c48-40bb-9f0b-4fd280c6ed85,0.37,false,false,near_mint,en,USD,2026-07-30T19:30:38.015Z
collection,binder,Butcher Ghoul,INR,Innistrad Remastered,373,normal,common,1,102744,b674cbb2-6a45-4dcf-9e2e-db2b5222929e,0.32,false,false,near_mint,en,USD,2026-07-30T19:30:38.021Z
collection,binder,Butcher Ghoul,INR,Innistrad Remastered,99,normal,common,3,102766,c4ef03c8-2047-4170-9ac4-f26cc14ebf96,0.24,false,false,near_mint,en,USD,2026-07-30T19:30:38.023Z
collection,binder,Blood Artist,SOC,Secrets of Strixhaven Commander,209,normal,uncommon,1,112083,b5275d76-2947-4219-be21-614c7421614a,2.2,false,false,near_mint,en,USD,2026-07-30T19:30:38.024Z
collection,binder,Demonic Taskmaster,INR,Innistrad Remastered,377,normal,uncommon,1,102475,2ebe50a3-0c79-4484-81fb-361a8a0041b9,0.2,false,false,near_mint,en,USD,2026-07-30T19:30:38.025Z
collection,binder,Graf Rats,INR,Innistrad Remastered,113,foil,uncommon,1,101894,f830ede6-ddbf-49b9-80cd-e3dbeccbf208,0.2,false,false,near_mint,en,USD,2026-07-30T19:30:38.026Z
collection,binder,Blood Artist,INR,Innistrad Remastered,97,normal,uncommon,1,101843,036f387a-8dee-482e-b3e3-cf79b54c61e1,2.84,false,false,near_mint,en,USD,2026-07-30T19:30:38.030Z
collection,binder,Gravecrawler,INR,Innistrad Remastered,114,normal,rare,1,102574,662e18ab-d3cf-4f91-8ecb-c559c5218061,1.99,false,false,near_mint,en,USD,2026-07-30T19:30:38.031Z
collection,binder,Ecstatic Awakener // Awoken Demon,INR,Innistrad Remastered,462,normal,common,1,102840,f0495b2a-90cf-483c-97e7-b82845aaad63,0.15,false,false,near_mint,en,USD,2026-07-30T19:30:38.032Z
collection,binder,Graf Rats,INR,Innistrad Remastered,113,normal,uncommon,1,101894,f830ede6-ddbf-49b9-80cd-e3dbeccbf208,0.17,false,false,near_mint,en,USD,2026-07-30T19:30:38.035Z
collection,binder,Indulgent Aristocrat,INR,Innistrad Remastered,118,normal,uncommon,1,102407,07015524-874f-4856-a5c1-3148bd126886,0.35,false,false,near_mint,en,USD,2026-07-30T19:30:38.039Z
collection,binder,Falkenrath Torturer,INR,Innistrad Remastered,109,normal,common,2,102811,e0e896a7-fd51-4c24-b374-c4eace9ed1a2,0.08,false,false,near_mint,en,USD,2026-07-30T19:30:38.012Z
collection,binder,Gluttonous Guest,INR,Innistrad Remastered,112,normal,common,2,102464,25e98125-6c36-4571-afc5-2d018750eb57,0.1,false,false,near_mint,en,USD,2026-07-30T19:30:38.013Z
collection,binder,Sanitarium Skeleton,INR,Innistrad Remastered,129,normal,common,3,102424,119020b3-9d26-4153-b7b9-28375f7fa915,0.14,false,false,near_mint,en,USD,2026-07-30T19:30:38.017Z
collection,binder,Olivia's Dragoon,INR,Innistrad Remastered,127,normal,common,3,102550,571a9e92-6f34-4bf4-b7f4-15d12560efb6,0.17,false,false,near_mint,en,USD,2026-07-30T19:30:38.019Z
collection,binder,Ecstatic Awakener // Awoken Demon,INR,Innistrad Remastered,107,normal,common,2,102716,abd587d8-2f71-4b3c-960a-d362133e967b,0.15,false,false,near_mint,en,USD,2026-07-30T19:30:38.020Z
collection,binder,Demonic Taskmaster,INR,Innistrad Remastered,104,normal,uncommon,2,102726,af33e187-b535-49ac-90fa-17a5ed72d920,0.29,false,false,near_mint,en,USD,2026-07-30T19:30:38.027Z
collection,binder,Siege Zombie,INR,Innistrad Remastered,131,normal,common,3,102678,950e6466-dfd2-4ed6-83ba-be02fe612093,0.1,false,false,near_mint,en,USD,2026-07-30T19:30:38.028Z
collection,binder,Tree of Perdition,INR,Innistrad Remastered,135,normal,rare,1,102487,35c80cd1-72ce-4ed0-b63a-b889a9e0619e,5.64,false,false,near_mint,en,USD,2026-07-30T19:35:51.304Z
collection,binder,Olivia's Dragoon,INR,Innistrad Remastered,127,foil,common,1,102550,571a9e92-6f34-4bf4-b7f4-15d12560efb6,0.23,false,false,near_mint,en,USD,2026-07-30T19:35:51.306Z
collection,binder,Massacre Wurm,FDN,Foundations,714,foil,mythic,1,100372,39be2675-986c-4812-9448-99737e797671,2.21,false,false,near_mint,en,USD,2026-07-30T19:35:51.315Z
collection,binder,Fear of Lost Teeth,DSK,Duskmourn: House of Horror,97,foil,common,1,98613,259045fe-f349-4be1-bf29-465d084ed35e,0.31,false,false,near_mint,en,USD,2026-07-30T19:35:51.316Z
collection,binder,Concealing Curtains // Revealing Eye,VOW,Innistrad: Crimson Vow,101,normal,rare,1,64237,612b2e6e-fe8d-49ad-b845-6fa7fa59ffd1,0.37,false,false,near_mint,en,USD,2026-07-30T19:35:51.335Z
collection,binder,Catapult Fodder // Catapult Captain,VOW,Innistrad: Crimson Vow,99,normal,uncommon,1,64447,e61b3afa-66e0-4f7b-84bc-7ae2cc6d28d4,0.24,false,false,near_mint,en,USD,2026-07-30T19:35:51.345Z
collection,binder,Desperate Farmer // Depraved Harvester,VOW,Innistrad: Crimson Vow,104,foil,common,1,64183,467c566e-7f6a-40c9-8fd7-da6ae96df56c,0.15,false,false,near_mint,en,USD,2026-07-30T19:35:51.349Z
collection,binder,Fell Stinger,VOW,Innistrad: Crimson Vow,112,normal,uncommon,1,64137,27347849-6c07-42c0-bee4-74f93d7ad511,0.29,false,false,near_mint,en,USD,2026-07-30T19:35:51.370Z
collection,binder,Desperate Farmer // Depraved Harvester,INR,Innistrad Remastered,105,normal,common,3,102418,0ec488de-fded-4df9-97ed-ba46cbacfdbf,0.07,false,false,near_mint,en,USD,2026-07-30T19:35:51.300Z
collection,binder,Morkrut Banshee,INR,Innistrad Remastered,125,normal,uncommon,2,102433,14ab7063-1704-4c56-a58d-4f4287299bd7,0.11,false,false,near_mint,en,USD,2026-07-30T19:35:51.301Z
collection,binder,Haunted Dead,INR,Innistrad Remastered,116,normal,uncommon,2,102527,49fae417-c4f4-478c-86c4-83094306b8d4,0.16,false,false,near_mint,en,USD,2026-07-30T19:35:51.310Z
collection,binder,Blightbelly Rat,ONE,Phyrexia: All Will Be One,289,normal,common,2,78444,20364e49-0948-411a-b58f-b0d12fedce43,0.22,false,false,near_mint,en,USD,2026-07-30T19:35:51.321Z
collection,binder,Mindleech Ghoul,VOW,Innistrad: Crimson Vow,122,normal,common,4,64474,f5c4e00d-128a-4ddb-9e1b-3ee93121b262,0.22,false,false,near_mint,en,USD,2026-07-30T19:35:51.330Z
collection,binder,Doomed Dissenter,VOW,Innistrad: Crimson Vow,106,normal,common,5,64479,f7c0cf16-81ea-45e3-99cc-4424d59bb44b,0.25,false,false,near_mint,en,USD,2026-07-30T19:35:51.331Z
collection,binder,Diregraf Scavenger,VOW,Innistrad: Crimson Vow,105,normal,common,4,64476,f72eb127-3f4c-42ed-8ba6-b6d83ea18545,0.19,false,false,near_mint,en,USD,2026-07-30T19:35:51.332Z
collection,binder,Persistent Specimen,VOW,Innistrad: Crimson Vow,125,normal,common,4,64478,f7baf973-3202-4fea-8861-a4a5ec228640,0.24,false,false,near_mint,en,USD,2026-07-30T19:35:51.336Z
collection,binder,Innocent Traveler // Malicious Invader,VOW,Innistrad: Crimson Vow,121,normal,uncommon,2,64100,13a5e5fd-a67a-4c0e-97ae-923bdbc1be20,0.1,false,false,near_mint,en,USD,2026-07-30T19:35:51.337Z
collection,binder,Rot-Tide Gargantua,VOW,Innistrad: Crimson Vow,129,normal,common,4,64119,1eafefd0-3a9e-400e-8c75-0825aeb2ded1,0.18,false,false,near_mint,en,USD,2026-07-30T19:35:51.339Z
collection,binder,Burning Vengeance,INR,Innistrad Remastered,397,normal,uncommon,1,102521,43905646-bec5-4bff-b9b2-150817c5930b,0.29,false,false,near_mint,en,USD,2026-07-30T19:59:20.852Z
collection,binder,Blood Mist,INR,Innistrad Remastered,143,foil,uncommon,1,102473,2c01ef93-f41a-406f-91fc-f015b6014575,0.4,false,false,near_mint,en,USD,2026-07-30T19:59:20.853Z
collection,binder,Blood Mist,INR,Innistrad Remastered,143,normal,uncommon,1,102473,2c01ef93-f41a-406f-91fc-f015b6014575,0.31,false,false,near_mint,en,USD,2026-07-30T19:59:20.855Z
collection,binder,Fall of Cair Andros,LTR,The Lord of the Rings: Tales of Middle-earth,124,normal,rare,2,82985,354b4623-50a0-41f1-ad1e-7dd6ac3852df,0.37,false,false,near_mint,en,USD,2026-07-30T19:59:20.857Z
collection,binder,Book of Mazarbul,LTR,The Lord of the Rings: Tales of Middle-earth,116,foil,uncommon,1,82829,04dcef75-6f98-4233-ae32-6fe41724c8e0,0.23,false,false,near_mint,en,USD,2026-07-30T19:59:20.860Z
collection,binder,Shiny Impetus,LTC,Tales of Middle-earth Commander,227,normal,uncommon,1,83344,a02cac8f-6d0f-439d-bd0e-e76514c1a685,0.31,false,false,near_mint,en,USD,2026-07-30T19:59:20.861Z
collection,binder,Pyromancer Ascension,SS3,Signature Spellbook: Chandra,6,normal,rare,1,51103,aeffd6f6-0fee-4afc-9256-04099d9d41aa,0.37,false,false,near_mint,en,USD,2026-07-30T19:59:20.863Z
collection,binder,Court of Ire,CMR,Commander Legends,170,normal,rare,1,56103,73ca0dcc-7a87-49da-8011-8c11a8835df2,0.39,false,false,near_mint,en,USD,2026-07-30T19:59:20.864Z
collection,binder,Shared Animosity,WOT,Wilds of Eldraine: Enchanting Tales,49,normal,rare,1,85314,299a807e-21cb-4b49-ad2b-c9ce7eef393a,2.95,false,false,near_mint,en,USD,2026-07-30T19:59:20.865Z
collection,binder,Leyline of Lightning,WOT,Wilds of Eldraine: Enchanting Tales,45,normal,rare,1,85739,d1670149-b64b-44a8-8858-59637679065c,0.31,false,false,near_mint,en,USD,2026-07-30T19:59:20.866Z
collection,binder,Gratuitous Violence,FDN,Foundations,715,foil,rare,1,101287,e89024c5-eef5-468c-92b4-e53dd212909c,0.32,false,false,near_mint,en,USD,2026-07-30T19:59:20.867Z
collection,binder,Impact Tremors,FDN,Foundations,717,foil,common,1,101159,d0b7cecf-b51b-4d30-b7e9-cd7976271e07,2.12,false,false,near_mint,en,USD,2026-07-30T19:59:20.868Z
collection,binder,Glassworks // Shattered Yard,DSK,Duskmourn: House of Horror,137,normal,common,1,98950,fe32f667-8d9f-4414-913e-256cbc2fbc45,0.2,false,false,near_mint,en,USD,2026-07-30T19:59:20.870Z
collection,binder,Painter's Studio // Defaced Gallery,DSK,Duskmourn: House of Horror,147,normal,uncommon,1,99393,e96901eb-5b57-43f4-a7b1-ae3b809bc36e,0.17,false,false,near_mint,en,USD,2026-07-30T19:59:20.872Z
collection,binder,Ticket Booth // Tunnel of Hate,DSK,Duskmourn: House of Horror,158,normal,common,1,99039,058ffe36-ed2d-4b67-83cd-162db8383a32,0.15,false,false,near_mint,en,USD,2026-07-30T19:59:20.874Z
collection,binder,Descendants' Fury,ECC,Lorwyn Eclipsed Commander,93,normal,rare,1,110502,55af97c0-3377-4a77-8a8a-5bc894d7d678,0.32,false,false,near_mint,en,USD,2026-07-30T19:59:20.876Z
collection,binder,Mana Flare,WOT,Wilds of Eldraine: Enchanting Tales,46,foil,rare,1,85360,3f0b8b24-7272-4d1a-af4a-c3a1b89a7e04,1.61,false,false,near_mint,en,USD,2026-07-30T19:59:20.877Z
collection,binder,Breaching Dragonstorm,TDM,Tarkir: Dragonstorm,101,normal,uncommon,1,105013,e2c2a069-7553-4879-abfb-b2aa3349e4b8,0.3,false,false,near_mint,en,USD,2026-07-30T19:59:20.878Z
collection,binder,Reverberating Summons,TDM,Tarkir: Dragonstorm,117,normal,uncommon,1,104475,1af19ce8-bc0c-420c-9e3b-9059b4df32cb,0.09,false,false,near_mint,en,USD,2026-07-30T19:59:20.881Z
collection,binder,Origin of the Hidden Ones,ACR,Assassin's Creed,36,foil,uncommon,1,95296,14da80cd-d0b8-4094-bfe7-28811d655f8b,0.28,false,false,near_mint,en,USD,2026-07-30T19:59:20.885Z
collection,binder,Guild Artisan,CLB,Commander Legends: Battle for Baldur's Gate,179,normal,uncommon,1,69214,abe5cc84-db39-4f64-b877-599880a8729a,0.13,false,false,near_mint,en,USD,2026-07-30T19:59:20.913Z
collection,binder,Ferocification,OTJ,Outlaws of Thunder Junction,123,normal,uncommon,1,93227,78db4260-6fc8-4500-afd7-2c845ac0d53b,0.17,false,false,near_mint,en,USD,2026-07-30T19:59:20.918Z
collection,binder,Shiny Impetus,OTC,Outlaws of Thunder Junction Commander,180,normal,uncommon,1,93777,a2e44a73-7cc0-4654-9c6f-d58513c7cabd,0.27,false,false,near_mint,en,USD,2026-07-30T19:59:20.919Z
collection,binder,Guild Artisan,CLB,Commander Legends: Battle for Baldur's Gate,505,etched,uncommon,1,69043,5a331542-11e4-49dc-be2f-ee56f07ccee0,1.17,false,false,near_mint,en,USD,2026-07-30T19:59:20.920Z
collection,binder,Furnace Celebration,CMR,Commander Legends,181,normal,uncommon,1,55963,f48f7f79-fc49-4d1e-a84f-c630ba238e83,0.13,false,false,near_mint,en,USD,2026-07-30T19:59:20.922Z
collection,binder,Makeshift Munitions,CMR,Commander Legends,191,normal,common,1,55576,19d1ad9f-e217-49fb-8b27-025ca133b6c9,0.25,false,false,near_mint,en,USD,2026-07-30T19:59:20.923Z
collection,binder,Shiny Impetus,TDC,Tarkir: Dragonstorm Commander,231,normal,common,1,104956,cc36705f-9b1a-42fe-bebd-f23c7af8a368,0.27,false,false,near_mint,en,USD,2026-07-30T19:59:20.925Z
collection,binder,Fires of Mount Doom,LTR,The Lord of the Rings: Tales of Middle-earth,294,normal,rare,2,83439,b9db8702-fc72-453b-afc8-62266f7cd1c2,2.2,false,false,near_mint,en,USD,2026-07-30T19:59:20.926Z
collection,binder,Wild Wasteland,PIP,Fallout,71,normal,rare,1,92693,ca1024d6-c5f1-48f5-9081-fb90d0c46fdb,1.53,false,false,near_mint,en,USD,2026-07-30T19:59:20.927Z
collection,binder,Dragon Cultist,CLB,Commander Legends: Battle for Baldur's Gate,503,etched,uncommon,1,68995,465cb37e-627d-44ec-9d2d-6a630b14c25f,0.36,false,false,near_mint,en,USD,2026-07-30T19:59:20.928Z
collection,binder,Acquired Mutation,PIP,Fallout,53,normal,uncommon,1,91917,19586946-a6a6-4154-a544-15a052483f96,0.44,false,false,near_mint,en,USD,2026-07-30T19:59:20.929Z
collection,binder,Rain of Riches,BLC,Bloomburrow Commander,200,normal,rare,1,96220,299f81b5-20eb-465b-bd36-2acd80a4f37c,3.72,false,false,near_mint,en,USD,2026-07-30T19:59:20.931Z
collection,binder,Vault 21: House Gambit,PIP,Fallout,69,normal,rare,1,92095,40972644-a284-4c7c-a451-d70eff7488ab,0.37,false,false,near_mint,en,USD,2026-07-30T19:59:20.933Z
collection,binder,Guild Artisan,CLB,Commander Legends: Battle for Baldur's Gate,179,foil,uncommon,1,69214,abe5cc84-db39-4f64-b877-599880a8729a,1.42,false,false,near_mint,en,USD,2026-07-30T19:59:20.934Z
collection,binder,Stolen Strategy,PIP,Fallout,192,normal,rare,1,92097,40f0adad-207a-4504-9636-75f7ccb5b60c,0.36,false,false,near_mint,en,USD,2026-07-30T19:59:20.935Z
collection,binder,Fearsome Temper,BNG,Born of the Gods,95,normal,common,1,14865,c6e7884c-2d66-42d1-87d1-1341a6fa52d8,0.16,false,false,near_mint,en,USD,2026-07-30T19:59:20.936Z
collection,binder,Dragon Mantle,CMR,Commander Legends,174,normal,common,1,55891,ca32fd66-f7f1-4e50-817f-bb259f690f00,0.25,false,false,near_mint,en,USD,2026-07-30T19:59:20.937Z
collection,binder,Case of the Crimson Pulse,MKM,Murders at Karlov Manor,114,normal,rare,1,91157,bb18b1de-bc08-4522-b891-6117a8271534,0.33,false,false,near_mint,en,USD,2026-07-30T19:59:20.941Z
collection,binder,Blood Moon,CHR,Chronicles,46,normal,rare,1,39380,49673567-c358-4de8-99eb-1a61b7198d46,8.06,false,false,near_mint,en,USD,2026-07-30T19:59:20.943Z
collection,binder,Tavern Brawler,CLB,Commander Legends: Battle for Baldur's Gate,511,etched,common,1,68981,3f74187e-64ac-4685-ad21-0746cb2b61f4,0.29,false,false,near_mint,en,USD,2026-07-30T19:59:20.944Z
collection,binder,Land's Edge,CHR,Chronicles,52,normal,rare,1,39374,41798dd9-8ce8-4642-89c2-7356ea129d4e,0.81,false,false,near_mint,en,USD,2026-07-30T19:59:20.945Z
collection,binder,Fire Whip,WTH,Weatherlight,100,normal,common,1,37197,3ee194b4-f18f-4ebd-b42f-c7dfef42f22e,0.19,false,false,near_mint,en,USD,2026-07-30T19:59:20.960Z
collection,binder,Brand of Ill Omen,ICE,Ice Age,177,normal,rare,1,39632,ceeb7bbc-2d41-4709-95be-1ceb952ed1fb,1.45,false,false,near_mint,en,USD,2026-07-30T19:59:20.962Z
collection,binder,Goblin Warrens,FEM,Fallen Empires,59,normal,rare,4,40262,bbec4aa5-3319-43dc-8347-5633edbd7018,1.72,false,false,near_mint,en,USD,2026-07-30T19:59:20.964Z
collection,binder,Burning Vengeance,INR,Innistrad Remastered,147,normal,uncommon,2,102493,389c7393-a10d-48c0-8b64-73faa8f7d3d4,0.31,false,false,near_mint,en,USD,2026-07-30T19:59:20.854Z
collection,binder,Book of Mazarbul,LTR,The Lord of the Rings: Tales of Middle-earth,116,normal,uncommon,3,82829,04dcef75-6f98-4233-ae32-6fe41724c8e0,0.26,false,false,near_mint,en,USD,2026-07-30T19:59:20.858Z
collection,binder,Fiery Inscription,LTR,The Lord of the Rings: Tales of Middle-earth,126,normal,uncommon,4,83276,8c321159-43e5-40fc-9f0c-4ecc4f6cfd20,0.46,false,false,near_mint,en,USD,2026-07-30T19:59:20.859Z
collection,binder,Stensia Uprising,VOW,Innistrad: Crimson Vow,178,normal,rare,3,64441,df71a8c1-25af-4e6a-9197-11b96b959b46,0.26,false,false,near_mint,en,USD,2026-07-30T19:59:20.869Z
collection,binder,Etali's Favor,LCI,The Lost Caverns of Ixalan,149,normal,common,2,88579,6d4075a8-c15d-4078-bf4b-0f85c03fecec,0.27,false,false,near_mint,en,USD,2026-07-30T19:59:20.875Z
collection,binder,Fire-Rim Form,TDM,Tarkir: Dragonstorm,107,normal,common,2,104537,32dc1bf4-a135-449f-848f-361a5360fae1,0.12,false,false,near_mint,en,USD,2026-07-30T19:59:20.879Z
collection,binder,War Effort,TDM,Tarkir: Dragonstorm,131,normal,uncommon,2,105007,dd7f0413-c009-4c08-b877-9c1b776cbf26,0.23,false,false,near_mint,en,USD,2026-07-30T19:59:20.880Z
collection,binder,Crackling Emergence,NEO,Kamigawa: Neon Dynasty,136,normal,common,5,66886,6f77f987-ebb7-4105-a67c-0987f50fc676,0.14,false,false,near_mint,en,USD,2026-07-30T19:59:20.886Z
collection,binder,Gift of Wrath,NEO,Kamigawa: Neon Dynasty,143,normal,common,4,66868,3c33f6d9-be29-4698-96f9-d393a2c8ad68,0.17,false,false,near_mint,en,USD,2026-07-30T19:59:20.887Z
collection,binder,Akki War Paint,NEO,Kamigawa: Neon Dynasty,132,normal,common,4,66478,f110698e-a343-4eff-ba23-ed7ac5a3f87b,0.26,false,false,near_mint,en,USD,2026-07-30T19:59:20.888Z
collection,binder,Tempered in Solitude,NEO,Kamigawa: Neon Dynasty,165,normal,uncommon,2,66340,2cfd0693-6dba-4c0d-8c42-859d7bf38c40,0.27,false,false,near_mint,en,USD,2026-07-30T19:59:20.889Z
collection,binder,The Shattered States Era // Nameless Conqueror,NEO,Kamigawa: Neon Dynasty,162,normal,common,4,66365,517392f6-d3fd-4c59-8317-2a3595ab7562,0.2,false,false,near_mint,en,USD,2026-07-30T19:59:20.890Z
collection,binder,Kumano Faces Kakkazan // Etching of Kumano,NEO,Kamigawa: Neon Dynasty,152,normal,uncommon,3,66663,28d92cad-45b0-479d-97fc-c175f3a3f259,0.25,false,false,near_mint,en,USD,2026-07-30T19:59:20.891Z
collection,binder,_____ Balls of Fire,UNF,Unfinity,100,normal,uncommon,3,72992,fb567441-1880-4b34-9c48-6d2c45062eb0,0.07,false,false,near_mint,en,USD,2026-07-30T19:59:20.910Z
collection,binder,Street Urchin,CLB,Commander Legends: Battle for Baldur's Gate,197,normal,uncommon,4,69381,f6d5249c-52b6-4349-adcd-dafdc21f572b,0.24,false,false,near_mint,en,USD,2026-07-30T19:59:20.911Z
collection,binder,Brimstone Roundup,OTJ,Outlaws of Thunder Junction,115,normal,uncommon,2,93325,bd13011e-a4fc-4107-988f-60cfc851ecd3,0.16,false,false,near_mint,en,USD,2026-07-30T19:59:20.915Z
collection,binder,Popular Entertainer,CLB,Commander Legends: Battle for Baldur's Gate,192,normal,rare,2,69165,91844266-8b2f-421f-a944-544c51734e64,0.32,false,false,near_mint,en,USD,2026-07-30T19:59:20.916Z
collection,binder,Tavern Brawler,CLB,Commander Legends: Battle for Baldur's Gate,200,normal,common,4,69227,b07f8fc3-83a5-4e0a-b87f-ce415292c790,0.31,false,false,near_mint,en,USD,2026-07-30T19:59:20.930Z
collection,binder,Firebreathing,3ED,Revised Edition,151,normal,common,2,41274,16682a6e-8d86-4ad6-a6b1-3171000cc708,0.14,false,false,near_mint,en,USD,2026-07-30T19:59:20.946Z
collection,binder,Mana Flare,5ED,Fifth Edition,249,normal,rare,2,37757,90d9af72-1633-4433-83ce-7de806611448,1.87,false,false,near_mint,en,USD,2026-07-30T19:59:20.947Z
collection,binder,Firebreathing,5ED,Fifth Edition,228,normal,common,2,37778,cb793e74-cfed-4b1a-aaba-d67d2ab6f149,0.14,false,false,near_mint,en,USD,2026-07-30T19:59:20.948Z
collection,binder,Mana Flare,3ED,Revised Edition,164,normal,rare,2,41261,b59d2329-5a0c-407b-aed2-2e19feaf70ed,3.53,false,false,near_mint,en,USD,2026-07-30T19:59:20.949Z
collection,binder,Betrothed of Fire,WTH,Weatherlight,89,normal,common,3,37208,5e517aa4-d8ba-4a49-bf9f-172bf029fa52,0.19,false,false,near_mint,en,USD,2026-07-30T19:59:20.954Z
collection,binder,Bestial Fury,ALL,Alliances,67b,normal,common,2,38757,7271e0d7-0c55-4020-97de-b8a27ba51d4b,0.17,false,false,near_mint,en,USD,2026-07-30T19:59:20.955Z
collection,binder,Firebreathing,MIR,Mirage,174,normal,common,2,38416,8d39dc35-87c9-4984-8a11-443da414e629,0.1,false,false,near_mint,en,USD,2026-07-30T19:59:20.956Z
collection,binder,Goblin War Drums,FEM,Fallen Empires,58a,normal,common,2,40266,2a2c4e4b-e9a7-4180-927b-589514c21876,0.22,false,false,near_mint,en,USD,2026-07-30T19:59:20.963Z
collection,binder,City on Fire,SLD,Secret Lair Drop,1803,foil,rare,1,97234,5a54c29a-cc7a-4d0e-a427-2d8be0cb1dcd,16.66,false,false,near_mint,en,USD,2026-07-30T20:03:47.552Z
collection,binder,Honeymoon Hearse,INR,Innistrad Remastered,159,normal,uncommon,1,102516,41867811-cc23-4841-bb85-2c0146e509fc,0.16,false,false,near_mint,en,USD,2026-07-30T23:06:08.925Z
collection,binder,Dragonspark Reactor,NEO,Kamigawa: Neon Dynasty,137,normal,uncommon,1,66715,5cf531dd-0a93-43e3-880b-f705fa5f533d,0.25,false,false,near_mint,en,USD,2026-07-30T23:06:08.930Z
collection,binder,Glittering Stockpile,OTC,Outlaws of Thunder Junction Commander,167,normal,uncommon,1,93695,74713a58-e343-4504-9900-cf9d76951242,0.38,false,false,near_mint,en,USD,2026-07-30T23:06:08.932Z
collection,binder,Javelin of Lightning,CLB,Commander Legends: Battle for Baldur's Gate,185,normal,common,1,68865,13d2f660-97f9-404b-82bb-37e396602580,0.18,false,false,near_mint,en,USD,2026-07-30T23:06:08.936Z
collection,binder,Junk Jet,PIP,Fallout,60,normal,rare,1,91963,2397c9b8-3974-48b8-94bd-f05f2e20750c,0.3,false,false,near_mint,en,USD,2026-07-30T23:06:08.938Z
collection,binder,Boots of Speed,AFR,Adventures in the Forgotten Realms,133,normal,common,1,60463,db6d9913-3d4f-4f47-ba3a-6586a50ddbd7,0.24,false,false,near_mint,en,USD,2026-07-30T23:06:08.940Z
collection,binder,Wand of Wonder,CLB,Commander Legends: Battle for Baldur's Gate,204,normal,rare,1,67530,df67ec01-9d4c-4ae1-9c8a-f94d649c81bc,2.44,false,false,near_mint,en,USD,2026-07-30T23:06:08.941Z
collection,binder,Sanguine Statuette,VOW,Innistrad: Crimson Vow,177,normal,uncommon,2,64262,706fafd4-443f-4e16-972e-86c16f22670a,0.25,false,false,near_mint,en,USD,2026-07-30T23:06:08.943Z
collection,binder,Cursed Recording,DSK,Duskmourn: House of Horror,315,normal,rare,1,98599,5aacedd1-de6b-4485-891e-0283ef33f3d4,0.37,false,false,near_mint,en,USD,2026-07-30T23:06:08.945Z
collection,binder,Cursed Recording,DSK,Duskmourn: House of Horror,131,normal,rare,1,95614,d13a247c-c941-488a-b13b-bffb1f1f368a,0.31,false,false,near_mint,en,USD,2026-07-30T23:06:08.947Z
collection,binder,Meteoric Mace,MH3,Modern Horizons 3,283,normal,uncommon,1,94848,3fb34a09-d911-49ac-ac39-fad7ee1b41ef,0.22,false,false,near_mint,en,USD,2026-07-30T23:06:08.948Z
collection,binder,Inventor's Axe,MH3,Modern Horizons 3,126,normal,common,1,94847,3b2f918c-bd02-4a63-b4c2-ca204c77b208,0.19,false,false,near_mint,en,USD,2026-07-30T23:06:08.949Z
collection,binder,Plasma Caster,PIP,Fallout,64,normal,rare,1,92659,c1654256-25ea-4467-812d-25f32fe65cdd,0.32,false,false,near_mint,en,USD,2026-07-30T23:06:08.950Z
collection,binder,Headsplitter,ACR,Assassin's Creed,289,normal,common,2,95379,59fcbf2a-46d5-4371-b4eb-a8dbebe18dcc,0.12,false,false,near_mint,en,USD,2026-07-30T23:06:08.926Z
collection,binder,Experimental Synthesizer,NEO,Kamigawa: Neon Dynasty,138,normal,common,6,66909,c47931c9-685d-4b83-8299-bc347224b4e8,0.95,false,false,near_mint,en,USD,2026-07-30T23:06:08.927Z
collection,binder,Bespoke Battlegarb,WOE,Wilds of Eldraine,122,normal,common,2,85615,a28ecd59-9166-473c-bafc-cb3c54c21388,0.11,false,false,near_mint,en,USD,2026-07-30T23:06:08.934Z
collection,binder,Honeymoon Hearse,VOW,Innistrad: Crimson Vow,160,normal,uncommon,3,64066,04e491a1-b195-45bb-bf06-345eaee30b81,0.13,false,false,near_mint,en,USD,2026-07-30T23:06:08.942Z
collection,binder,Guerrilla Tactics,ALL,Alliances,74b,normal,common,4,38746,3c005ca3-0508-4ac2-afec-3d4a27334c31,0.12,false,false,near_mint,en,USD,2026-07-30T23:14:51.159Z
collection,binder,Incinerate,ICE,Ice Age,194,normal,common,1,39615,9c3f00af-010d-4485-b8b7-47400d99c496,0.34,false,false,near_mint,en,USD,2026-07-30T23:14:51.160Z
collection,binder,Abrade,INR,Innistrad Remastered,139,normal,common,2,102860,fee393c7-1868-4d11-93c3-3d143e0c8dd9,0.24,false,false,near_mint,en,USD,2026-07-30T23:14:51.161Z
collection,binder,Lightning Axe,INR,Innistrad Remastered,162,normal,uncommon,2,102669,90911c79-24c3-4566-b72c-02ccde083f1b,0.25,false,false,near_mint,en,USD,2026-07-30T23:14:51.162Z
collection,binder,Thrill of Possibility,LTC,Tales of Middle-earth Commander,229,normal,common,1,83229,7f81cdab-2a4e-4518-bfc3-7ccda8f2e806,0.26,false,false,near_mint,en,USD,2026-07-30T23:14:51.164Z
collection,binder,Chaos Warp,DRC,Aetherdrift Commander,48,normal,rare,1,102933,18081e2b-6a63-45d0-b321-1ca7c90ef408,0.37,false,false,near_mint,en,USD,2026-07-30T23:14:51.165Z
collection,binder,Flick a Coin,WOE,Wilds of Eldraine,128,normal,common,1,85461,673a67b2-fbb0-4be4-9edd-93946a583f23,0.33,false,false,near_mint,en,USD,2026-07-30T23:14:51.167Z
collection,binder,Bolt Bend,FDN,Foundations,619,normal,uncommon,1,101152,cf01af2c-68e5-4bb5-81de-f3a1b860fb2e,2.57,false,false,near_mint,en,USD,2026-07-30T23:14:51.168Z
collection,binder,Abrade,FDN,Foundations,327,normal,uncommon,1,100963,aa74ab7c-b9de-47ab-83ea-2b98738838c7,0.33,false,false,near_mint,en,USD,2026-07-30T23:14:51.169Z
collection,binder,Hidetsugu's Second Rite,FDN,Foundations,202,normal,uncommon,1,100577,609421da-8d89-4365-b18b-778832d91482,0.14,false,false,near_mint,en,USD,2026-07-30T23:14:51.171Z
collection,binder,Goblin Surprise,FDN,Foundations,200,normal,common,1,101512,527dd5d4-5f72-40bb-8a9d-1f5ac3f81e2e,0.27,false,false,near_mint,en,USD,2026-07-30T23:14:51.172Z
collection,binder,Abrade,FDN,Foundations,188,normal,uncommon,1,100522,548947dc-a5ca-43b5-9531-bcef20fa4ae5,0.24,false,false,near_mint,en,USD,2026-07-30T23:14:51.174Z
collection,binder,Abrade,VOW,Innistrad: Crimson Vow,139,foil,common,1,64344,a0e47d11-cb21-402b-a39e-588a94cc57b4,0.36,false,false,near_mint,en,USD,2026-07-30T23:14:51.180Z
collection,binder,Impossible Inferno,DSK,Duskmourn: House of Horror,140,normal,common,1,98885,a35248f9-9a4e-4758-a4c1-0e0c83e3fd75,0.09,false,false,near_mint,en,USD,2026-07-30T23:14:51.194Z
collection,binder,Untimely Malfunction,DSK,Duskmourn: House of Horror,161,normal,uncommon,1,98864,857bfb0e-17dc-4dda-bc37-3df927a9eae6,7.68,false,false,near_mint,en,USD,2026-07-30T23:14:51.195Z
collection,binder,Turn Inside Out,DSK,Duskmourn: House of Horror,160,normal,common,1,98707,57e2a92c-06d3-4cb5-883d-cba428a7e98e,0.22,false,false,near_mint,en,USD,2026-07-30T23:14:51.196Z
collection,binder,Violent Urge,DSK,Duskmourn: House of Horror,164,foil,uncommon,1,99281,a47c968b-1edd-45ac-a67c-311647e7e2fc,0.37,false,false,near_mint,en,USD,2026-07-30T23:14:51.197Z
collection,binder,Betrayer's Bargain,DSK,Duskmourn: House of Horror,126,normal,uncommon,1,98850,7956ae00-8f0c-48f0-8110-19ff53863876,0.15,false,false,near_mint,en,USD,2026-07-30T23:14:51.198Z
collection,binder,Mercadia's Downfall,PLST,The List,MMQ-205,normal,uncommon,1,81741,70cc9f80-b52c-4b81-a03b-8f5c8849d07f,0.36,false,false,near_mint,en,USD,2026-07-30T23:14:51.200Z
collection,binder,Sure Strike,PLST,The List,GRN-118,normal,common,1,98470,e87945f4-3459-404d-978e-ad11b739d78f,0.09,false,false,near_mint,en,USD,2026-07-30T23:14:51.201Z
collection,binder,Rites of Initiation,PLST,The List,ODY-217,normal,common,2,98530,f396a4f1-482e-47b6-8770-d416f25a6475,0.12,false,false,near_mint,en,USD,2026-07-30T23:14:51.202Z
collection,binder,Ravaging Blaze,CMM,Commander Masters,250,foil,uncommon,1,84746,ae28c04c-d208-4949-a3ec-7d549f5740c3,0.3,false,false,near_mint,en,USD,2026-07-30T23:14:51.203Z
collection,binder,Goblin Wizardry,PLST,The List,M21-148,normal,common,2,97345,10fbc33c-7553-45e0-9b92-4f1666396486,0.13,false,false,near_mint,en,USD,2026-07-30T23:14:51.204Z
collection,binder,Flaring Pain,PLST,The List,JUD-89,normal,common,1,98140,a57f932c-5560-417a-8ed4-3ba2c582fb28,0.91,false,false,near_mint,en,USD,2026-07-30T23:14:51.205Z
collection,binder,Fireblast,PLST,The List,VIS-79,normal,common,2,98588,ff45073c-5ac1-4295-833e-58b253319c9b,0.59,false,false,near_mint,en,USD,2026-07-30T23:14:51.206Z
collection,binder,Torch Breath,PLST,The List,SNC-127,normal,uncommon,2,98189,ad5680f3-52fc-4f3a-93f2-afd2799d02b9,0.07,false,false,near_mint,en,USD,2026-07-30T23:14:51.207Z
collection,binder,Twinferno,PLST,The List,DMU-149,normal,uncommon,1,97386,19dc2124-dfa7-4116-8063-c5773408c67c,0.26,false,false,near_mint,en,USD,2026-07-30T23:14:51.208Z
collection,binder,Abrade,PLST,The List,2XM-114,normal,common,1,97824,6c762283-0a35-42d7-8c28-3b349e56789a,0.17,false,false,near_mint,en,USD,2026-07-30T23:14:51.209Z
collection,binder,Conduct Electricity,BLB,Bloomburrow,130,normal,common,1,95906,2f373dd6-2412-453c-85ba-10230dfe473a,0.1,false,false,near_mint,en,USD,2026-07-30T23:14:51.210Z
collection,binder,Stonesplitter Bolt,WOE,Wilds of Eldraine,151,foil,uncommon,1,85854,fb22f79c-3075-439d-a072-ceaabe35d76f,0.17,false,false,near_mint,en,USD,2026-07-30T23:14:51.211Z
collection,binder,Unholy Heat,MB2,Mystery Booster 2,63,normal,common,1,96860,7bb5a3ef-4ef9-455b-b797-783f845275af,0.32,false,false,near_mint,en,USD,2026-07-30T23:14:51.212Z
collection,binder,Narset's Rebuke,TDM,Tarkir: Dragonstorm,114,normal,common,1,104640,5098bd73-d51c-4db4-bf06-fd4854089d37,0.14,false,false,near_mint,en,USD,2026-07-30T23:14:51.215Z
collection,binder,Seize Opportunity,TDM,Tarkir: Dragonstorm,119,normal,common,1,104391,f7818d28-b9a5-4341-9adc-666070b8878d,0.2,false,false,near_mint,en,USD,2026-07-30T23:14:51.216Z
collection,binder,Might of the Meek,BLB,Bloomburrow,144,normal,common,1,95627,509bf254-8a2b-4dfa-9ae5-386321b35e8b,0.22,false,false,near_mint,en,USD,2026-07-30T23:14:51.220Z
collection,binder,Cast into the Fire,LTR,The Lord of the Rings: Tales of Middle-earth,118,normal,common,2,82962,2ef878cb-27b6-47d8-ad11-bd20529b0e7e,0.9,false,false,near_mint,en,USD,2026-07-30T23:14:51.241Z
collection,binder,Rush the Room,LTR,The Lord of the Rings: Tales of Middle-earth,147,normal,common,3,83646,f525b727-acde-427b-9c33-20964e8cf613,0.11,false,false,near_mint,en,USD,2026-07-30T23:14:51.163Z
collection,binder,Thrill of Possibility,FDN,Foundations,210,normal,common,3,101561,882b348c-076b-41d8-b505-063480636669,0.32,false,false,near_mint,en,USD,2026-07-30T23:14:51.170Z
collection,binder,Burst Lightning,FDN,Foundations,192,normal,common,4,100994,aec5d380-d354-4750-931a-6c91853e2edc,0.22,false,false,near_mint,en,USD,2026-07-30T23:14:51.173Z
collection,binder,Vampires' Vengeance,VOW,Innistrad: Crimson Vow,180,normal,uncommon,4,64123,20d2d886-13a2-44f1-966a-ec674622fd01,0.29,false,false,near_mint,en,USD,2026-07-30T23:14:51.178Z
collection,binder,Flame-Blessed Bolt,VOW,Innistrad: Crimson Vow,158,normal,common,4,64373,b1771a8f-7bea-4bb0-9949-566ee6613b93,0.15,false,false,near_mint,en,USD,2026-07-30T23:14:51.181Z
collection,binder,Sure Strike,VOW,Innistrad: Crimson Vow,179,normal,common,4,64116,1d872736-fafb-44e8-a809-48c5436c665a,0.14,false,false,near_mint,en,USD,2026-07-30T23:14:51.183Z
collection,binder,Abrade,VOW,Innistrad: Crimson Vow,139,normal,common,4,64344,a0e47d11-cb21-402b-a39e-588a94cc57b4,0.28,false,false,near_mint,en,USD,2026-07-30T23:14:51.184Z
collection,binder,Rending Flame,VOW,Innistrad: Crimson Vow,175,normal,uncommon,2,64205,51332c31-41df-4379-aa63-6a734a4df618,0.17,false,false,near_mint,en,USD,2026-07-30T23:14:51.186Z
collection,binder,Mishra's Onslaught,BRO,The Brothers' War,143,normal,common,2,75876,eda82e38-c1d4-4019-8f79-f91602d941b0,0.15,false,false,near_mint,en,USD,2026-07-30T23:14:51.199Z
collection,binder,Siege Smash,MH3,Modern Horizons 3,136,normal,common,2,94894,f33e3b25-76f5-4263-a309-9ea97f2d8248,0.25,false,false,near_mint,en,USD,2026-07-30T23:14:51.217Z
collection,binder,Misthios's Fury,ACR,Assassin's Creed,291,normal,common,2,95517,e34a45ab-793e-4198-8327-e13287e0b74c,0.14,false,false,near_mint,en,USD,2026-07-30T23:14:51.218Z
collection,binder,Kindled Fury,NEO,Kamigawa: Neon Dynasty,151,normal,common,4,66876,58c8bdce-73a3-4266-b3d6-61dbf4534ea3,0.08,false,false,near_mint,en,USD,2026-07-30T23:14:51.223Z
collection,binder,Voltage Surge,NEO,Kamigawa: Neon Dynasty,171,normal,common,3,66879,5a9b7141-45b9-4629-a4e4-b50f93929717,0.12,false,false,near_mint,en,USD,2026-07-30T23:14:51.224Z
collection,binder,Kami's Flare,NEO,Kamigawa: Neon Dynasty,150,normal,common,3,66907,bef5d58e-b490-4682-9a44-12cd61a94c0f,0.16,false,false,near_mint,en,USD,2026-07-30T23:14:51.225Z
collection,binder,Flame Discharge,NEO,Kamigawa: Neon Dynasty,142,normal,uncommon,2,66640,0b44534f-d10c-4754-8585-5fe9db5fd4ea,0.1,false,false,near_mint,en,USD,2026-07-30T23:14:51.226Z
collection,binder,Ambitious Assault,NEO,Kamigawa: Neon Dynasty,133,normal,common,5,66913,d00d618d-abad-475b-b938-e111282ea1c3,0.24,false,false,near_mint,en,USD,2026-07-30T23:14:51.227Z
collection,binder,Seismic Wave,NEO,Kamigawa: Neon Dynasty,161,normal,uncommon,2,66827,e55b8ffb-c2e4-4676-9051-ff6c686cad0b,0.23,false,false,near_mint,en,USD,2026-07-30T23:14:51.230Z
collection,binder,Fiery Temper,INR,Innistrad Remastered,154,normal,uncommon,1,102450,1d3a3a1d-c393-4a57-8a0e-5907d1722331,0.4,false,false,near_mint,en,USD,2026-07-31T01:03:21.272Z
collection,binder,Abrade,INR,Innistrad Remastered,311,normal,common,1,102463,25a6e1bb-c751-447c-be69-e03692568678,0.71,false,false,near_mint,en,USD,2026-07-31T01:03:21.274Z
collection,binder,Fiery Temper,INR,Innistrad Remastered,154,foil,uncommon,1,102450,1d3a3a1d-c393-4a57-8a0e-5907d1722331,0.48,false,false,near_mint,en,USD,2026-07-31T01:03:21.276Z
collection,binder,Savage Alliance,INR,Innistrad Remastered,169,normal,uncommon,1,102546,54bebcf4-7697-4b2d-9160-243cd447c1d4,0.18,false,false,near_mint,en,USD,2026-07-31T01:03:21.279Z
collection,binder,Kami's Flare,NEO,Kamigawa: Neon Dynasty,150,foil,common,1,66907,bef5d58e-b490-4682-9a44-12cd61a94c0f,0.15,false,false,near_mint,en,USD,2026-07-31T01:03:21.284Z
collection,binder,Lightning Bolt,CLB,Commander Legends: Battle for Baldur's Gate,401,normal,common,1,67526,c69f668b-cf28-495a-bbe1-24e9d0089fa1,0.83,false,false,near_mint,en,USD,2026-07-31T01:03:21.294Z
collection,binder,Pack Attack,CLB,Commander Legends: Battle for Baldur's Gate,190,normal,common,1,69343,e2ef30c5-a6a6-4cd9-805f-dc6f66f28997,0.12,false,false,near_mint,en,USD,2026-07-31T01:03:21.297Z
collection,binder,Lightning Bolt,CLB,Commander Legends: Battle for Baldur's Gate,187,normal,common,1,67522,ae5f9fb1-5a55-4db3-98a1-2628e3598c18,1.64,false,false,near_mint,en,USD,2026-07-31T01:03:21.298Z
collection,binder,Chaos Warp,PIP,Fallout,189,normal,rare,1,92501,9a4d0e40-d771-458e-b705-1d2bef8c200e,0.4,false,false,near_mint,en,USD,2026-07-31T01:03:21.299Z
collection,binder,Outlaws' Fury,OTJ,Outlaws of Thunder Junction,136,foil,common,1,93428,f7502b9c-b759-499a-8e94-22f87f5eb142,0.13,false,false,near_mint,en,USD,2026-07-31T01:03:21.300Z
collection,binder,Earth Tremor,CLB,Commander Legends: Battle for Baldur's Gate,171,foil,common,1,69243,b5f700c6-7591-481d-b223-21f5b820e831,0.12,false,false,near_mint,en,USD,2026-07-31T01:03:21.301Z
collection,binder,Outlaws' Fury,OTJ,Outlaws of Thunder Junction,136,normal,common,1,93428,f7502b9c-b759-499a-8e94-22f87f5eb142,0.16,false,false,near_mint,en,USD,2026-07-31T01:03:21.302Z
collection,binder,Torch Breath,SNC,Streets of New Capenna,127,normal,uncommon,1,68032,d9fbd4a8-c44c-42fc-b946-bdc7e20e1668,0.17,false,false,near_mint,en,USD,2026-07-31T01:03:21.303Z
collection,binder,Daring Escape,SNC,Streets of New Capenna,104,normal,common,1,67709,3d09dbcd-188b-4b52-943e-947cbf2c0002,0.21,false,false,near_mint,en,USD,2026-07-31T01:03:21.304Z
collection,binder,Stonefury,CMR,Commander Legends,203,normal,common,1,56140,9c111bf0-dedb-48eb-982c-f877120f12c3,0.15,false,false,near_mint,en,USD,2026-07-31T01:03:21.305Z
collection,binder,Shatter,M10,Magic 2010,155,normal,common,1,23198,5847aac2-edb9-4c83-b36c-3a57f037c074,0.14,false,false,near_mint,en,USD,2026-07-31T01:03:21.307Z
collection,binder,Lightning Strike,M19,Core Set 2019,152,normal,uncommon,1,1160,084b7337-c06f-4cbf-8fc0-0b20c221f1dc,0.29,false,false,near_mint,en,USD,2026-07-31T01:03:21.308Z
collection,binder,Return the Favor,OTJ,Outlaws of Thunder Junction,142,normal,uncommon,1,93298,a9cc02d1-799d-42aa-9bc2-4c05452b63b4,0.45,false,false,near_mint,en,USD,2026-07-31T01:03:21.309Z
collection,binder,Thunder Salvo,OTJ,Outlaws of Thunder Junction,150,normal,common,1,93289,a0bf0ea9-0929-4d33-815a-6df29c399e7e,0.13,false,false,near_mint,en,USD,2026-07-31T01:03:21.312Z
collection,binder,Shrapnel Blast,M15,Magic 2015,161,normal,uncommon,1,13691,e0798cec-aaa3-4a52-99f8-d000ca7d59db,0.24,false,false,near_mint,en,USD,2026-07-31T01:03:21.313Z
collection,binder,Reality Hemorrhage,OGW,Oath of the Gatewatch,100,normal,common,1,9282,c044168d-cb08-493d-98c1-b66b6149fe5a,0.13,false,false,near_mint,en,USD,2026-07-31T01:03:21.315Z
collection,binder,Fall of the Hammer,CM2,Commander Anthology Volume II,97,normal,common,1,1640,6b40108a-c9b6-4364-9d5a-c87a9cc4e94b,0.37,false,false,near_mint,en,USD,2026-07-31T01:03:21.316Z
collection,binder,Display of Power,LTR,The Lord of the Rings: Tales of Middle-earth,119,normal,rare,1,82950,295b8595-5b4e-4fc8-8249-486d36e15f67,0.38,false,false,near_mint,en,USD,2026-07-31T01:03:21.317Z
collection,binder,Smite the Deathless,LTR,The Lord of the Rings: Tales of Middle-earth,148,normal,common,1,83271,8b716fcc-c4cc-4987-be82-2897a9888d23,0.21,false,false,near_mint,en,USD,2026-07-31T01:03:21.318Z
collection,binder,Kindled Fury,M13,Magic 2013,137,normal,common,1,17686,35494897-b72b-46c4-8b36-b3b8865559bd,0.03,false,false,near_mint,en,USD,2026-07-31T01:03:21.319Z
collection,binder,Monstrous Rage,WOE,Wilds of Eldraine,142,normal,uncommon,1,85819,eef5a0ae-5907-42c9-a097-3f973737e392,0.32,false,false,near_mint,en,USD,2026-07-31T01:03:21.321Z
collection,binder,Starfall,JOU,Journey into Nyx,114,normal,common,1,14535,13921f0d-f163-4275-b025-045c1ccd99e5,0.04,false,false,near_mint,en,USD,2026-07-31T01:03:21.322Z
collection,binder,Lightning Strike,M15,Magic 2015,155,normal,common,1,13697,a5603e1f-593c-45f0-9e13-fe3492464443,0.13,false,false,near_mint,en,USD,2026-07-31T01:03:21.323Z
collection,binder,Magma Spray,JOU,Journey into Nyx,103,normal,common,1,14546,9710889c-0fc6-43a9-83df-484ab0659030,0.11,false,false,near_mint,en,USD,2026-07-31T01:03:21.324Z
collection,binder,Searing Barrage,ELD,Throne of Eldraine,140,normal,common,1,46198,d2f11135-e9ce-4e4c-bea7-72a46d326e40,0.08,false,false,near_mint,en,USD,2026-07-31T01:03:21.325Z
collection,binder,Lightning Strike,THS,Theros,127,normal,common,1,15537,bbb03f2e-2b92-4aa1-afae-301ed5d151d3,0.15,false,false,near_mint,en,USD,2026-07-31T01:03:21.327Z
collection,binder,Demand Answers,MKM,Murders at Karlov Manor,122,normal,common,1,91286,eca092fc-7c67-4a73-989e-5297bbaaea76,0.4,false,false,near_mint,en,USD,2026-07-31T01:03:21.328Z
collection,binder,Felonious Rage,MKM,Murders at Karlov Manor,125,normal,common,1,90830,4538d6a8-a24a-40e3-b894-45a30882c92a,0.22,false,false,near_mint,en,USD,2026-07-31T01:03:21.329Z
collection,binder,Wild Magic Surge,CLB,Commander Legends: Battle for Baldur's Gate,206,normal,uncommon,1,69281,c4c89d88-9d40-46b6-bee0-6bc2e2ca8ba1,2.3,false,false,near_mint,en,USD,2026-07-31T01:03:21.331Z
collection,binder,Caught in the Crossfire,OTJ,Outlaws of Thunder Junction,117,normal,uncommon,1,93127,3a2fd0c4-509e-49c2-ad57-f772efcbc207,0.21,false,false,near_mint,en,USD,2026-07-31T01:03:21.332Z
collection,binder,Lightning Bolt,PLST,The List,A25-141,normal,uncommon,1,59954,df77bf7d-546a-416b-a2fe-8038a4125af5,1.18,false,false,near_mint,en,USD,2026-07-31T01:03:21.334Z
collection,binder,Searing Blood,BNG,Born of the Gods,111,normal,uncommon,1,14849,bb43fd07-d281-447d-88bf-c53498c2cf20,0.15,false,false,near_mint,en,USD,2026-07-31T01:03:21.335Z
collection,binder,Seismic Strike,M15,Magic 2015,280,normal,common,1,13572,972d0b03-8602-4ada-86b9-4262941bae67,0.1,false,false,near_mint,en,USD,2026-07-31T01:03:21.336Z
collection,binder,Boiling Blood,WTH,Weatherlight,92,normal,common,1,37205,3fcb85b6-ab5a-40db-aaae-555315f32877,0.12,false,false,near_mint,en,USD,2026-07-31T01:03:21.343Z
collection,binder,Flare,MIR,Mirage,176,normal,common,1,38414,1bd7755f-7ca5-4948-8baf-976823906891,0.1,false,false,near_mint,en,USD,2026-07-31T01:03:21.345Z
collection,binder,Guerrilla Tactics,ALL,Alliances,74a,normal,common,1,38747,51811f2a-7002-4ba7-98d8-5b09d887975c,0.21,false,false,near_mint,en,USD,2026-07-31T01:03:21.347Z
collection,binder,Chaos Charm,MIR,Mirage,163,normal,common,1,38427,ebf8ccb8-57fb-491c-b07d-93348b33a765,0.17,false,false,near_mint,en,USD,2026-07-31T01:03:21.354Z
collection,binder,Aleatory,MIR,Mirage,155,normal,uncommon,1,38435,7380af0a-8a8f-44fd-9456-14a68a2830d3,0.42,false,false,near_mint,en,USD,2026-07-31T01:03:21.357Z
collection,binder,Neonate's Rush,INR,Innistrad Remastered,166,normal,common,3,102451,1d623e71-05bd-46d6-b831-2c8dcff7ab45,0.1,false,false,near_mint,en,USD,2026-07-31T01:03:21.271Z
collection,binder,Uncaged Fury,INR,Innistrad Remastered,177,normal,uncommon,2,102807,de8f4d5b-ea3c-4d01-b163-2fcfb1bcca8e,0.16,false,false,near_mint,en,USD,2026-07-31T01:03:21.273Z
collection,binder,Borrowed Hostility,INR,Innistrad Remastered,146,normal,common,2,101870,64185203-9d47-4d67-b433-1c4b09816a35,0.21,false,false,near_mint,en,USD,2026-07-31T01:03:21.275Z
collection,binder,Improvised Club,LTR,The Lord of the Rings: Tales of Middle-earth,137,normal,common,3,83432,b8397d13-eeaf-4b4e-b3cd-9a9ac231873a,0.14,false,false,near_mint,en,USD,2026-07-31T01:03:21.286Z
collection,binder,Eelectrocute,UNF,Unfinity,106,normal,common,4,73237,b19d1e98-f667-4a3b-9e78-a416118aec52,0.04,false,false,near_mint,en,USD,2026-07-31T01:03:21.287Z
collection,binder,Quick Draw,OTJ,Outlaws of Thunder Junction,138,normal,common,2,93168,56399cd0-1214-42b6-be38-f2cbd770915f,0.15,false,false,near_mint,en,USD,2026-07-31T01:03:21.290Z
collection,binder,Explosive Derailment,OTJ,Outlaws of Thunder Junction,122,normal,common,3,93417,f0e3df9c-0a86-4e6f-a3c7-84a883328a3d,0.22,false,false,near_mint,en,USD,2026-07-31T01:03:21.291Z
collection,binder,Trick Shot,OTJ,Outlaws of Thunder Junction,151,normal,common,2,93351,cd3c2d02-67ca-4858-9b7a-3cfe8a08356c,0.12,false,false,near_mint,en,USD,2026-07-31T01:03:21.292Z
collection,binder,Breath Weapon,CLB,Commander Legends: Battle for Baldur's Gate,165,normal,common,2,68819,0174e40a-0ef5-4439-91e6-3fc39f482520,6.27,false,false,near_mint,en,USD,2026-07-31T01:03:21.293Z
collection,binder,Gnawing Crescendo,WOE,Wilds of Eldraine,131,normal,common,3,85301,254fc64a-9734-44a6-8869-ab03512f1a99,0.2,false,false,near_mint,en,USD,2026-07-31T01:03:21.306Z
collection,binder,Inferno,4ED,Fourth Edition,205,normal,rare,2,39982,3db90782-fa89-4470-bec5-27614e88a0a9,0.62,false,false,near_mint,en,USD,2026-07-31T01:03:21.338Z
collection,binder,Red Elemental Blast,4ED,Fourth Edition,218,normal,common,2,39969,a54246c9-5e5c-484e-a546-ae1f9fd020f3,3.43,false,false,near_mint,en,USD,2026-07-31T01:03:21.339Z
collection,binder,Pyrokinesis,ALL,Alliances,78,normal,uncommon,2,38742,db2a5e85-6cbc-43c1-9362-4056ad017ef0,5.59,false,false,near_mint,en,USD,2026-07-31T01:03:21.344Z
collection,binder,Blood Lust,5ED,Fifth Edition,212,normal,common,3,37794,37a63f96-e2d4-4786-80ea-79b206263cef,0.17,false,false,near_mint,en,USD,2026-07-31T01:03:21.346Z
collection,binder,Incinerate,CST,Coldsnap Theme Decks,194,normal,common,5,27050,92b4fc51-752d-4e98-b26d-47881bb37744,0.32,false,false,near_mint,en,USD,2026-07-31T01:03:21.348Z
collection,binder,Lightning Bolt,ATH,Anthologies,43,normal,common,2,35575,52f85017-c88b-4302-96f2-e27b23fd702f,2.82,false,false,near_mint,en,USD,2026-07-31T01:03:21.349Z
collection,binder,Swarming of Moria,LTR,The Lord of the Rings: Tales of Middle-earth,150,normal,common,2,82842,0a1bd073-4351-4c56-9b07-4430d0d83084,0.24,false,false,near_mint,en,USD,2026-07-31T01:08:19.411Z
collection,binder,Foray of Orcs,LTR,The Lord of the Rings: Tales of Middle-earth,417,normal,uncommon,3,83626,ef083f43-4748-42e6-bc22-fc2570db5ca3,0.18,false,false,near_mint,en,USD,2026-07-31T01:08:19.412Z
collection,binder,Faithless Looting,INR,Innistrad Remastered,151,normal,common,3,102544,52e47757-0aa9-48b0-8b43-e2483d7eed67,0.45,false,false,near_mint,en,USD,2026-07-31T01:08:19.414Z
collection,binder,Breaking of the Fellowship,LTR,The Lord of the Rings: Tales of Middle-earth,117,normal,common,6,82865,130f60d0-4fac-4e4e-a938-58f3b96e5335,0.16,false,false,near_mint,en,USD,2026-07-31T01:08:19.413Z
collection,binder,"Liesa, Shroud of Dusk",SLD,Secret Lair Drop,1961,foil,rare,1,105778,ba0cef5d-cc4f-40c4-aaad-d832659b4e19,7.33,false,false,near_mint,en,USD,2026-07-31T01:20:21.450Z
collection,binder,"Marwyn, the Nurturer",SLD,Secret Lair Drop,1960,foil,rare,1,105777,9b1718d4-c5cd-43ae-af09-d28ff1c9803e,18.37,false,false,near_mint,en,USD,2026-07-31T01:20:21.451Z
collection,binder,"Oloro, Ageless Ascetic",SLD,Secret Lair Drop,1962,foil,mythic,1,105772,081abf82-f674-4c65-a273-957d133295fa,17.43,false,false,near_mint,en,USD,2026-07-31T01:20:21.452Z
collection,binder,"Sythis, Harvest's Hand",SLD,Secret Lair Drop,1963,foil,rare,1,105774,2832a541-bd8d-4793-abb4-3d76f0df257c,11.79,false,false,near_mint,en,USD,2026-07-31T01:20:21.453Z
collection,binder,"Omnath, Locus of Creation",SLD,Secret Lair Drop,1686,foil,mythic,1,96612,f20ad6aa-61c2-440c-a911-2c1bd7a63bc1,5.26,false,false,near_mint,en,USD,2026-07-31T01:20:21.454Z
collection,binder,"Lavinia, Azorius Renegade",SLD,Secret Lair Drop,1685,foil,rare,1,96610,b96ef600-a96c-4563-bc4e-157ea62d14d4,1.7,false,false,near_mint,en,USD,2026-07-31T01:20:21.455Z
collection,binder,"Orvar, the All-Form",SLD,Secret Lair Drop,1683,foil,mythic,1,96607,0bfdc564-51cc-4523-9d84-9d07907f41fe,5.82,false,false,near_mint,en,USD,2026-07-31T01:20:21.456Z
collection,binder,Reya Dawnbringer,SLD,Secret Lair Drop,1682,foil,rare,1,96609,b899c29e-d1b5-4fba-8a48-073d5c303c27,5.52,false,false,near_mint,en,USD,2026-07-31T01:20:21.457Z
collection,binder,Druid of Purification,SLD,Secret Lair Drop,877,foil,rare,1,98687,5a1aa886-dc3b-44f7-880c-52370242e81f,5.01,false,false,near_mint,en,USD,2026-07-31T01:20:21.458Z
collection,binder,Swords to Plowshares,SLP,Secret Lair Promo,20,normal,rare,1,92972,f74afebc-452d-42bf-8cf4-9a7a8e91e315,8.48,false,false,near_mint,en,USD,2026-07-31T01:20:21.459Z
collection,binder,Plains,SLP,Secret Lair Promo,31,normal,rare,1,96613,afc24e1d-2fb0-46eb-926b-7345741d443e,3.64,false,false,near_mint,en,USD,2026-07-31T01:20:21.460Z
collection,binder,Llanowar Visionary,SLD,Secret Lair Drop,771,foil,rare,1,92974,168b0af2-aa4f-421d-bb0a-54f5ac3f72fc,0.77,false,false,near_mint,en,USD,2026-07-31T01:20:21.461Z
collection,binder,Nullmage Shepherd,SLD,Secret Lair Drop,774,foil,rare,1,96589,9277591c-cf20-4f82-b308-84e69c51113a,1.24,false,false,near_mint,en,USD,2026-07-31T01:20:21.462Z
collection,binder,Fecundity,SLD,Secret Lair Drop,1714,normal,rare,1,95561,6c402380-2de7-4a47-993e-c365dc104dad,7.18,false,false,near_mint,en,USD,2026-07-31T01:20:21.463Z
collection,binder,Mayhem Devil,SLD,Secret Lair Drop,1715,normal,rare,1,95568,92e5c8cb-ef19-499e-b428-00dfb5e75b4f,13.91,false,false,near_mint,en,USD,2026-07-31T01:20:21.464Z
collection,binder,Moldervine Reclamation,SLD,Secret Lair Drop,1716,normal,rare,1,95574,c68dd98c-8b89-4b5d-88fb-498c13d6a191,10.8,false,false,near_mint,en,USD,2026-07-31T01:20:21.465Z
collection,binder,"Prossh, Skyraider of Kher",SLD,Secret Lair Drop,1717,normal,mythic,1,95554,0ebd0ab9-ac1b-48bd-8304-2c15bdbd7bf5,9.17,false,false,near_mint,en,USD,2026-07-31T01:20:21.466Z
collection,binder,Ponder,SLP,Secret Lair Promo,19,normal,rare,1,89144,cd165fe9-7de3-4883-a258-e397472db606,5.25,false,false,near_mint,en,USD,2026-07-31T01:20:21.467Z
collection,binder,Evolution Sage,SLD,Secret Lair Drop,765,foil,rare,1,95267,bd4232b0-43e4-4352-948b-10cdc9660ac2,40.57,false,false,near_mint,en,USD,2026-07-31T01:20:21.468Z
collection,binder,T-45 Power Armor,SLD,Secret Lair Drop,2452,normal,rare,1,110881,5065ae25-c96e-489b-aea9-d077c2df513d,0.82,false,false,near_mint,en,USD,2026-07-31T01:20:21.469Z
collection,binder,Spirit Mantle,SLD,Secret Lair Drop,2451,normal,rare,1,110899,ee9fa595-d7ee-47ab-a116-f4d75bb3b1bb,0.93,false,false,near_mint,en,USD,2026-07-31T01:20:21.470Z
collection,binder,Ripples of Potential,SLD,Secret Lair Drop,2453,normal,rare,1,110887,a28f7323-f2a2-4c19-b3c0-a7479ea4de19,6.62,false,false,near_mint,en,USD,2026-07-31T01:20:21.471Z
collection,binder,Mutational Advantage,SLD,Secret Lair Drop,2454,normal,rare,1,110880,4a778448-bcdd-4294-a947-fcadbffaac56,7.7,false,false,near_mint,en,USD,2026-07-31T01:20:21.472Z
collection,binder,Ruin Crab,SLD,Secret Lair Drop,7095,normal,rare,1,111638,f754499b-8b56-4be7-aecd-fdebde81fb41,3.76,false,false,near_mint,en,USD,2026-07-31T01:20:21.473Z
collection,binder,"Yoshimaru, Ever Faithful",SLD,Secret Lair Drop,2463,normal,mythic,1,110886,99afff01-6e2b-4f7e-9b9f-38b0b5f40d82,8.81,false,false,near_mint,en,USD,2026-07-31T01:20:21.474Z
collection,binder,The Wise Mothman,SLD,Secret Lair Drop,2455,normal,mythic,1,110893,cfb80c75-4b1b-4f25-923a-933855e7345c,9.72,false,false,near_mint,en,USD,2026-07-31T01:20:21.475Z
collection,binder,Mindcrank,SLD,Secret Lair Drop,2456,normal,rare,1,110882,7507c553-b297-47c0-b873-a37cac0273e9,13.12,false,false,near_mint,en,USD,2026-07-31T01:20:21.476Z
collection,binder,Mesmeric Orb,SLD,Secret Lair Drop,2457,normal,rare,1,110894,d4ae803e-5888-48c3-9484-3ea8d634851e,16.01,false,false,near_mint,en,USD,2026-07-31T01:20:21.477Z
collection,binder,"Maximus, Knight Apparent",SLD,Secret Lair Drop,2449,normal,mythic,1,110889,b2caf8e8-f98f-484f-b233-54ccf71ff9b9,1.18,false,false,near_mint,en,USD,2026-07-31T01:20:21.478Z
collection,binder,"The Ghoul, Gunslinger",SLD,Secret Lair Drop,2448,normal,mythic,1,110898,e7ed7d2c-c49b-4786-86eb-125863e874a2,10.96,false,false,near_mint,en,USD,2026-07-31T01:20:21.479Z
collection,binder,"Lucy MacLean, Positively Armed",SLD,Secret Lair Drop,2447,normal,mythic,1,110878,2a5150ee-d177-48f5-9c93-edfaa95922ab,5.07,false,false,near_mint,en,USD,2026-07-31T01:20:21.480Z
collection,binder,Pre-War Formalwear,SLD,Secret Lair Drop,2450,normal,rare,1,110896,db08975d-ae6e-43b2-8170-79f12149ad83,2.67,false,false,near_mint,en,USD,2026-07-31T01:20:21.481Z
collection,binder,Harmonize,SLD,Secret Lair Drop,1596★,foil,rare,1,94292,f02ef5ff-353f-4874-ab0d-ee3a8a5f9bf1,27.97,false,false,near_mint,en,USD,2026-07-31T01:20:21.482Z
collection,binder,"Azusa, Lost but Seeking",SLD,Secret Lair Drop,1597★,foil,rare,1,94283,844f3807-9258-452c-80cc-ad8ef6b6863f,47.64,false,false,near_mint,en,USD,2026-07-31T01:20:21.483Z
collection,binder,Elvish Mystic,SLD,Secret Lair Drop,805,foil,rare,1,95253,acbe8763-1373-49f8-b4a6-dd5984b1d25f,53.61,false,false,near_mint,en,USD,2026-07-31T01:20:21.484Z
collection,binder,"Giada, Font of Hope",SLD,Secret Lair Drop,1586,foil,rare,1,103745,89e2d714-2070-434a-9a81-276e72594e06,33.74,false,false,near_mint,en,USD,2026-07-31T01:20:21.485Z
collection,binder,Youthful Valkyrie,SLD,Secret Lair Drop,1588,foil,rare,1,103741,5aa62069-cb37-423a-a0d9-44f4bdebca45,6.61,false,false,near_mint,en,USD,2026-07-31T01:20:21.486Z
collection,binder,Shelter,SLD,Secret Lair Drop,1587★,foil,rare,1,94276,10c7161a-6168-436a-93de-3010841d5a27,12.44,false,false,near_mint,en,USD,2026-07-31T01:20:21.487Z
collection,binder,Song of Creation,SLD,Secret Lair Drop,1603,foil,rare,1,95562,76dd4d0c-1aef-4b76-92e7-ceb7ab9bc5e7,9.55,false,false,near_mint,en,USD,2026-07-31T01:20:21.488Z
collection,binder,Beloved Princess,SLD,Secret Lair Drop,804,foil,rare,1,103734,a905ed56-16cd-455f-8bba-8daef06a07da,3.85,false,false,near_mint,en,USD,2026-07-31T01:20:21.489Z
collection,binder,Child of Alara,SLD,Secret Lair Drop,1599,foil,mythic,1,95566,906482a9-4b9d-4fc3-a3e5-ac135ed076d3,52.63,false,false,near_mint,en,USD,2026-07-31T01:20:21.490Z
collection,binder,Counterspell,SLD,Secret Lair Drop,1589,foil,rare,1,103742,62504a3f-df9f-4fab-a5fc-50fc39288052,11.19,false,false,near_mint,en,USD,2026-07-31T01:20:21.491Z
collection,binder,Swan Song,SLD,Secret Lair Drop,1591,foil,rare,1,103749,b2d1219f-fadb-4427-8627-e5aef3589600,67.19,false,false,near_mint,en,USD,2026-07-31T01:20:21.492Z
collection,binder,"Jace, Unraveler of Secrets",SLD,Secret Lair Drop,1590,foil,mythic,1,99765,37d595f6-7b51-4a4a-acb5-08e12bac6ea7,1.98,false,false,near_mint,en,USD,2026-07-31T01:20:21.493Z
collection,binder,Liliana of the Dark Realms,SLD,Secret Lair Drop,1593,foil,mythic,1,99789,fb89c6b9-991a-453f-a787-7fb4c1642737,16.68,false,false,near_mint,en,USD,2026-07-31T01:20:21.494Z
collection,binder,The Royal Scions,SLD,Secret Lair Drop,1600,foil,mythic,1,99784,d4ecf1fd-f963-4bc0-8c01-ef781c14e463,2.03,false,false,near_mint,en,USD,2026-07-31T01:20:21.495Z
collection,binder,Elspeth Tirel,SLD,Secret Lair Drop,1585,foil,mythic,1,99778,95d3a061-03b4-4004-8a6c-4374513de17a,81.57,false,false,near_mint,en,USD,2026-07-31T01:20:21.496Z
collection,binder,"Freyalise, Llanowar's Fury",SLD,Secret Lair Drop,1598,foil,mythic,1,99779,99a4035e-e8ec-4be0-8009-666bc7a5dd69,16.46,false,false,near_mint,en,USD,2026-07-31T01:20:21.497Z
collection,binder,"Chandra, Flamecaller",SLD,Secret Lair Drop,807,foil,mythic,1,99759,a77b4416-61da-4cd5-b3f1-79238a8e2503,1.59,false,false,near_mint,en,USD,2026-07-31T01:20:21.498Z
collection,binder,Chord of Calling,SLD,Secret Lair Drop,1595,foil,rare,1,95559,4f009d4a-3b50-40ae-b52e-0b9535049265,29.02,false,false,near_mint,en,USD,2026-07-31T01:20:21.499Z
collection,binder,Scrying Sheets,SLD,Secret Lair Drop,1606,foil,rare,1,103754,f9919224-b1a4-4af8-a47b-e75ab6a8c5c1,2.48,false,false,near_mint,en,USD,2026-07-31T01:20:21.500Z
collection,binder,"Brago, King Eternal",SLD,Secret Lair Drop,1601,foil,rare,1,103753,e4a2ef07-1afa-44a4-a3ed-41eeb8caccfc,15.49,false,false,near_mint,en,USD,2026-07-31T01:20:21.501Z
collection,binder,"Karlach, Fury of Avernus",SLD,Secret Lair Drop,1802,foil,mythic,1,96593,47a6c502-08ba-4c0d-aee9-98ce40058227,29.41,false,false,near_mint,en,USD,2026-07-31T01:20:21.502Z
collection,binder,"Akroma, Angel of Wrath",C20,Commander 2020,73,normal,mythic,1,50345,bf1ef8ec-d915-41f2-b087-3d6d82e3db85,6.0,false,false,near_mint,en,USD,2026-07-31T01:20:21.503Z
collection,binder,The Wandering Emperor,NEO,Kamigawa: Neon Dynasty,303,normal,mythic,1,66384,71327818-2784-4fde-8e19-ef8677694a5f,5.78,false,false,near_mint,en,USD,2026-07-31T01:20:21.504Z
collection,binder,"Witch-king, Bringer of Ruin",LTR,The Lord of the Rings: Tales of Middle-earth,293,normal,rare,2,83295,90da1d3e-dbcb-4b1e-a606-d4fc1a60a8fe,13.03,false,false,near_mint,en,USD,2026-07-31T01:20:21.505Z
collection,binder,Rite of Flame,SS3,Signature Spellbook: Chandra,7,normal,rare,1,51098,10548126-2bac-435d-b7ee-cbfea97a40ea,6.49,false,false,near_mint,en,USD,2026-07-31T01:20:21.506Z
collection,binder,Pyroblast,SS3,Signature Spellbook: Chandra,5,normal,rare,1,51102,93c460dc-cef2-4345-b9b8-a774307ba2d6,9.82,false,false,near_mint,en,USD,2026-07-31T01:20:21.507Z
collection,binder,Thrill of Possibility,SLD,Secret Lair Drop,1805,foil,rare,1,97233,5746f057-7387-4fa9-aaaa-8f292e79036a,5.73,false,false,near_mint,en,USD,2026-07-31T01:20:21.508Z
collection,binder,"Gollum, Patient Plotter",LTR,The Lord of the Rings: Tales of Middle-earth,450,foil,uncommon,1,82988,3581ef56-4649-43f4-829c-af28278833a2,0.5,false,false,near_mint,en,USD,2026-07-31T01:20:21.509Z
collection,binder,Pyroblast,SS3,Signature Spellbook: Chandra,5,foil,rare,1,51102,93c460dc-cef2-4345-b9b8-a774307ba2d6,24.07,false,false,near_mint,en,USD,2026-07-31T01:20:21.510Z
collection,binder,Delighted Halfling,LTR,The Lord of the Rings: Tales of Middle-earth,158,normal,rare,1,83185,71384418-173a-4f77-adab-56e52fa23692,29.41,false,false,near_mint,en,USD,2026-07-31T01:20:21.511Z
collection,binder,Samwise the Stouthearted,LTR,The Lord of the Rings: Tales of Middle-earth,449,foil,uncommon,1,82883,16891fb5-1388-465c-8d86-97de0ee94ef1,0.32,false,false,near_mint,en,USD,2026-07-31T01:20:21.512Z
collection,binder,"Frodo, Sauron's Bane",LTR,The Lord of the Rings: Tales of Middle-earth,448,foil,rare,1,82898,1a5a5971-2f93-40f3-b5a2-97b1f0129399,0.34,false,false,near_mint,en,USD,2026-07-31T01:20:21.513Z
collection,binder,Mount Doom,LTR,The Lord of the Rings: Tales of Middle-earth,258,normal,mythic,2,83419,b5bc71a1-2344-4bc6-aa60-658cec19d0d6,7.23,false,false,near_mint,en,USD,2026-07-31T01:20:21.514Z
collection,binder,"Rammas Echor, Ancient Shield",LTC,Tales of Middle-earth Commander,505,foil,rare,1,86492,558c1fcc-cb01-4031-ada5-4e39d65aee27,8.95,false,false,near_mint,en,USD,2026-07-31T01:20:21.515Z
collection,binder,Sorcerous Squall,LTC,Tales of Middle-earth Commander,504,foil,rare,1,86724,c06274ff-892e-418b-8ba5-4d3b3231e327,0.93,false,false,near_mint,en,USD,2026-07-31T01:20:21.516Z
collection,binder,Olórin's Searing Light,LTC,Tales of Middle-earth Commander,503,foil,rare,1,86560,7496ad0f-fc6d-4154-ac42-c2471e72ed88,6.14,false,false,near_mint,en,USD,2026-07-31T01:20:21.517Z
collection,binder,Courageous Resolve,LTC,Tales of Middle-earth Commander,506,foil,rare,1,86521,5e6ce397-e888-46a6-aa1f-0954df95179f,0.45,false,false,near_mint,en,USD,2026-07-31T01:20:21.518Z
collection,binder,Gandalf of the Secret Fire,LTC,Tales of Middle-earth Commander,507,foil,mythic,1,86715,bc40e6dd-0aa8-4c37-a2eb-4dc9662e416e,1.77,false,false,near_mint,en,USD,2026-07-31T01:20:21.519Z
collection,binder,Fell Beast's Shriek,LTC,Tales of Middle-earth Commander,508,foil,rare,1,86478,50970601-519b-485a-81ba-280458f27d6a,0.41,false,false,near_mint,en,USD,2026-07-31T01:20:21.520Z
collection,binder,Feldon's Cane,CHR,Chronicles,97,normal,common,3,39329,38ae4abb-f16e-4433-ac1a-e4be57dc652b,0.67,false,false,near_mint,en,USD,2026-07-31T01:20:21.521Z
collection,binder,"Gisela, the Broken Blade",PEMN,Eldritch Moon Promos,28s,foil,mythic,1,8399,e48b5d96-3c27-4d14-abfc-92db5cbb13ee,33.86,false,false,near_mint,en,USD,2026-07-31T01:20:21.522Z
collection,binder,Commissar Severina Raine,40K,"Warhammer 40,000 Commander",112,normal,rare,1,72457,94ba8b76-8de7-46da-b641-2503903f0f8a,19.11,false,false,near_mint,en,USD,2026-07-31T01:20:21.523Z
collection,binder,Wastes,SLD,Secret Lair Drop,795★,foil,rare,1,94198,837edd3f-5380-4c1c-8323-0e61dac385e5,3.77,false,false,near_mint,en,USD,2026-07-31T01:20:21.524Z
collection,binder,Vesuvan Doppelganger,3ED,Revised Edition,88,normal,rare,1,41337,6d528ffd-89b3-44ee-a370-e4b53d6604be,20.17,false,false,near_mint,en,USD,2026-07-31T01:20:21.525Z
collection,binder,Tezzeret the Seeker,SLD,Secret Lair Drop,1619,foil,mythic,1,94306,b4b3d65d-3485-4d82-ba2e-9e2071f284b5,27.69,false,false,near_mint,en,USD,2026-07-31T01:20:21.526Z
collection,binder,"Nicol Bolas, Planeswalker",SLD,Secret Lair Drop,1622,foil,mythic,1,94300,74ab6843-6bdd-439a-b81c-0be83b8d4c52,7.48,false,false,near_mint,en,USD,2026-07-31T01:20:21.527Z
collection,binder,"Grenzo, Havoc Raiser",SLD,Secret Lair Drop,1621,foil,rare,1,94303,9b6f7f0e-7a0a-42ae-8bc9-c20f62dd3264,10.05,false,false,near_mint,en,USD,2026-07-31T01:20:21.528Z
collection,binder,Griselbrand,SLD,Secret Lair Drop,1620,foil,mythic,1,94298,61805d7f-382c-46ff-8380-d995fc0b9d25,13.16,false,false,near_mint,en,USD,2026-07-31T01:20:21.529Z
collection,binder,Spiteful Prankster,SLD,Secret Lair Drop,801,foil,rare,1,95252,8a9f1f7e-2e6a-4af3-8272-68cee14b6156,1.66,false,false,near_mint,en,USD,2026-07-31T01:20:21.530Z
collection,binder,Massacre,SLD,Secret Lair Drop,9991,foil,rare,1,94288,c4472b2e-b47a-4bc3-992b-9f8a218594f6,2.8,false,false,near_mint,en,USD,2026-07-31T01:20:21.531Z
collection,binder,Balloon Stand,UNF,Unfinity,200d,foil,uncommon,1,72680,26bb8928-8178-439b-803e-35f5681b8ff4,1.37,false,false,near_mint,en,USD,2026-07-31T01:31:40.885Z
collection,binder,Merry-Go-Round,UNF,Unfinity,222b,normal,rare,1,72843,93d4e4af-0587-40ea-86f1-992c80240adb,0.39,false,false,near_mint,en,USD,2026-07-31T01:31:40.886Z
collection,binder,Ferris Wheel,UNF,Unfinity,210,normal,rare,1,72841,91562ab3-1153-48d9-9f8e-4c79155548f2,0.46,false,false,near_mint,en,USD,2026-07-31T01:31:40.887Z
collection,binder,Clown Extruder,UNF,Unfinity,204d,normal,common,5,72641,0accf374-76ed-4829-9fb2-87d6a411b0dc,0.2,false,false,near_mint,en,USD,2026-07-31T01:31:40.888Z
collection,binder,Storybook Ride,UNF,Unfinity,229b,normal,rare,1,72632,070cf701-53ae-463f-b6ce-47b489557e8a,0.85,false,false,near_mint,en,USD,2026-07-31T01:31:40.889Z
collection,binder,Foam Weapons Kiosk,UNF,Unfinity,211d,normal,common,3,72696,3a2c9aa0-1f1b-481b-acd2-718a1813c91a,0.18,false,false,near_mint,en,USD,2026-07-31T01:31:40.890Z
collection,binder,Roller Coaster,UNF,Unfinity,225d,normal,uncommon,2,72639,0a66ff6a-5194-4139-9323-e23b99a42742,0.2,false,false,near_mint,en,USD,2026-07-31T01:31:40.891Z
collection,binder,Kiddie Coaster,UNF,Unfinity,219c,normal,common,6,72617,008d7d1f-8635-41d5-9921-11d8043a6206,0.13,false,false,near_mint,en,USD,2026-07-31T01:31:40.892Z
collection,binder,Spinny Ride,UNF,Unfinity,227c,normal,common,3,72630,06396eac-94d2-4f25-a9b0-7c90cbc0f79d,0.13,false,false,near_mint,en,USD,2026-07-31T01:31:40.893Z
collection,binder,Swinging Ship,UNF,Unfinity,231b,normal,rare,1,73079,38a7dfaa-f2dc-4975-a4c2-25537a4874fc,0.95,false,false,near_mint,en,USD,2026-07-31T01:31:40.894Z
collection,binder,Haunted House,UNF,Unfinity,217a,normal,rare,1,72647,0f8d4551-3adc-4ce4-bcea-1a555208de8b,0.46,false,false,near_mint,en,USD,2026-07-31T01:31:40.895Z
collection,binder,Information Booth,UNF,Unfinity,218a,normal,uncommon,4,72618,015dc10f-d1cb-41ed-a32e-3382540109b0,0.3,false,false,near_mint,en,USD,2026-07-31T01:31:40.896Z
collection,binder,Pick-a-Beeble,UNF,Unfinity,223c,normal,common,5,72691,334d1755-a875-42eb-91f8-a7a90ecce367,0.19,false,false,near_mint,en,USD,2026-07-31T01:31:40.897Z
collection,binder,Drop Tower,UNF,Unfinity,209b,normal,common,5,72619,019e070e-bc22-416a-a424-2ac285704b8f,0.13,false,false,near_mint,en,USD,2026-07-31T01:31:40.898Z
collection,binder,Concession Stand,UNF,Unfinity,205b,normal,uncommon,3,72718,443739b2-22da-4ac8-907e-71a3b6c49a3f,0.17,false,false,near_mint,en,USD,2026-07-31T01:31:40.899Z
collection,binder,Trash Bin,UNF,Unfinity,232b,normal,uncommon,2,72786,6ba10e7e-f2fc-4b30-88e9-cfc850b852ab,0.17,false,false,near_mint,en,USD,2026-07-31T01:31:40.900Z
collection,binder,Tunnel of Love,UNF,Unfinity,234a,normal,rare,1,72863,9f902fef-5905-4e72-b838-22acdb01ccc8,0.48,false,false,near_mint,en,USD,2026-07-31T01:31:40.901Z
collection,binder,Fortune Teller,UNF,Unfinity,212c,normal,common,6,72728,477eece7-f94f-4988-a5ba-11cab94152d2,0.12,false,false,near_mint,en,USD,2026-07-31T01:31:40.902Z
collection,binder,Bounce Chamber,UNF,Unfinity,201c,normal,uncommon,4,73158,756164bc-6d3a-4d0f-96b6-fd0ae9a5371e,0.17,false,false,near_mint,en,USD,2026-07-31T01:31:40.903Z
collection,binder,Bumper Cars,UNF,Unfinity,202f,normal,uncommon,2,72661,1bb790c6-8195-488c-b64d-83faf8699304,0.26,false,false,near_mint,en,USD,2026-07-31T01:31:40.904Z
collection,binder,"Mr. House, President and CEO",PIP,Fallout,7,foil,mythic,1,91967,23eb3cf7-c90d-4bfa-b125-4fbcb5614468,1.83,false,false,near_mint,en,USD,2026-07-31T01:31:40.905Z
collection,binder,"Comet, Stellar Pup",UNF,Unfinity,275,normal,mythic,1,72853,9cac4ebc-fdc3-4dd4-b988-9a924ee3c781,6.72,false,false,near_mint,en,USD,2026-07-31T01:31:40.906Z
collection,binder,"Wyll, Blade of Frontiers",CLB,Commander Legends: Battle for Baldur's Gate,208,normal,rare,2,69059,5e9d4562-964d-48ce-b03f-7cb491fa040d,0.6,false,false,near_mint,en,USD,2026-07-31T01:31:40.907Z
collection,binder,"Tinybones, Trinket Thief",SLD,Secret Lair Drop,2458,normal,mythic,1,110884,8e462172-6efe-46ad-a97a-fa43ee52c831,4.38,false,false,near_mint,en,USD,2026-07-31T01:31:40.908Z
collection,binder,Steel Overseer,PIP,Fallout,241,normal,rare,1,92691,ca078f45-b4eb-4b5b-87cb-80b6c0ba5f31,0.42,false,false,near_mint,en,USD,2026-07-31T01:31:40.909Z
collection,binder,Sentinel Sarah Lyons,PIP,Fallout,118,normal,rare,1,91965,23b76965-528c-48f9-9ee6-332b09cae664,0.28,false,false,near_mint,en,USD,2026-07-31T01:31:40.911Z
collection,binder,Securitron Squadron,PIP,Fallout,23,normal,rare,1,92609,b689a206-aec3-4a31-95cf-3d4b840db04c,2.16,false,false,near_mint,en,USD,2026-07-31T01:31:40.912Z
collection,binder,Rad Rascal,UNF,Unfinity,121,normal,common,6,73033,18961324-dbfb-4491-af66-ba8ccfbc94f4,0.09,false,false,near_mint,en,USD,2026-07-31T01:31:40.914Z
collection,binder,"Monoxa, Midway Manager",UNF,Unfinity,173,normal,uncommon,2,72840,90b43168-44fb-439f-80e7-cb2539ca511f,0.17,false,false,near_mint,en,USD,2026-07-31T01:31:40.916Z
collection,binder,Mirkwood Bats,LTR,The Lord of the Rings: Tales of Middle-earth,421,normal,common,2,83265,882747f9-b4fe-42be-8fe9-f871cd0779bd,1.64,false,false,near_mint,en,USD,2026-07-31T01:31:40.917Z
collection,binder,"Jan Jansen, Chaos Crafter",CLB,Commander Legends: Battle for Baldur's Gate,277,normal,rare,1,69081,6b215a08-41db-4440-8e33-34a84a33db50,0.42,false,false,near_mint,en,USD,2026-07-31T01:31:40.919Z
collection,binder,"Isshin, Two Heavens as One",SLD,Secret Lair Drop,2459,normal,rare,1,110891,c6d813e9-560a-4d89-b576-db88dbdb8da7,8.4,false,false,near_mint,en,USD,2026-07-31T01:31:40.920Z
collection,binder,Iron Mastiff,CLB,Commander Legends: Battle for Baldur's Gate,317,normal,uncommon,1,69325,d9633151-d704-42a4-b1c6-66446bf48bee,0.3,false,false,near_mint,en,USD,2026-07-31T01:31:40.921Z
collection,binder,Draconian Gate-Bot,UNF,Unfinity,188,normal,common,2,73170,7c97bdec-d085-4929-927b-ba0d81a2987d,0.1,false,false,near_mint,en,USD,2026-07-31T01:31:40.922Z
collection,binder,Academy Manufactor,SLD,Secret Lair Drop,7094,normal,rare,1,111636,c88eb33d-efba-4ad9-878f-f051079c9bce,9.2,false,false,near_mint,en,USD,2026-07-31T01:31:40.926Z
collection,binder,"""Lifetime"" Pass Holder",UNF,Unfinity,79,normal,rare,1,72998,fede7f75-0dff-4f3e-816d-e52b43e8b33b,0.31,false,false,near_mint,en,USD,2026-07-31T01:31:40.927Z
collection,binder,Black Hole,UNF,Unfinity,67,normal,rare,1,72861,9ed3fc60-9079-486b-a05e-00f926a99b4e,0.2,false,false,near_mint,en,USD,2026-07-31T01:31:40.929Z
collection,binder,Blasphemous Act,PIP,Fallout,188,normal,rare,1,92785,de9c16b7-63c2-4071-9117-184cb1a04f14,0.83,false,false,near_mint,en,USD,2026-07-31T01:31:40.930Z
collection,binder,Circuits Act,UNF,Unfinity,103,normal,common,6,73337,f21045d6-638e-4267-b353-c2c11db8d965,0.3,false,false,near_mint,en,USD,2026-07-31T01:31:40.931Z
collection,binder,Reanimate,OTP,Breaking News,18,normal,rare,1,93184,609c34f9-9f53-4773-a02b-517209024fc2,9.27,false,false,near_mint,en,USD,2026-07-31T01:31:40.933Z
collection,binder,Slight Malfunction,UNF,Unfinity,123,normal,common,5,73116,5128cc33-05e3-4b2b-8b24-7f574d3f0d53,0.15,false,false,near_mint,en,USD,2026-07-31T01:31:40.934Z
collection,binder,Wake the Past,PIP,Fallout,221,normal,rare,1,92111,4548087a-9e65-4d57-988c-2b42c2801197,0.32,false,false,near_mint,en,USD,2026-07-31T01:31:40.936Z
collection,binder,Wyll's Reversal,CLB,Commander Legends: Battle for Baldur's Gate,209,normal,rare,1,68976,3d8df219-1da0-4311-b9bb-c74b5fa55293,3.56,false,false,near_mint,en,USD,2026-07-31T01:31:40.937Z
collection,binder,Dispatch,PIP,Fallout,159,normal,uncommon,1,92148,4cfcc2a8-ab59-47b5-88a9-0692e6091334,0.37,false,false,near_mint,en,USD,2026-07-31T01:31:40.939Z
collection,binder,Big Score,SLD,Secret Lair Drop,7096,normal,rare,1,111637,e2b14a8c-2264-4908-8151-da6c8856350e,1.69,false,false,near_mint,en,USD,2026-07-31T01:31:40.940Z
collection,binder,All That Glitters,PIP,Fallout,155,normal,common,1,91900,15d9fb74-9f2d-40f1-88b8-514a460a4f86,0.76,false,false,near_mint,en,USD,2026-07-31T01:31:40.942Z
collection,binder,Intangible Virtue,PIP,Fallout,163,normal,uncommon,1,92368,805c99f1-ab4d-4072-a8b7-7e2818adbc97,0.36,false,false,near_mint,en,USD,2026-07-31T01:31:40.944Z
collection,binder,Wand of Wonder,CLB,Commander Legends: Battle for Baldur's Gate,935,foil,rare,1,67515,7f79ec90-9fa7-4414-8eba-e2c890a91a70,2.51,false,false,near_mint,en,USD,2026-07-31T01:31:40.947Z
collection,binder,Vexing Puzzlebox,CLB,Commander Legends: Battle for Baldur's Gate,343,normal,mythic,1,69280,c477fb1a-5aac-4722-80d8-7570a8b09e44,8.15,false,false,near_mint,en,USD,2026-07-31T01:31:40.948Z
collection,binder,The Deck of Many Things,SLD,Secret Lair Drop,2460,normal,mythic,1,110888,b242ea65-becb-4983-bf30-6c85ed009fde,2.16,false,false,near_mint,en,USD,2026-07-31T01:31:40.949Z
collection,binder,Swiftfoot Boots,BRR,The Brothers' War Retro Artifacts,58,foil,uncommon,1,75648,96c69011-35bd-49f0-bae5-4a8367d32237,2.83,false,false,near_mint,en,USD,2026-07-31T01:31:40.950Z
collection,binder,Strength-Testing Hammer,UNF,Unfinity,193,normal,uncommon,3,73244,b654514f-b1a0-4d96-8d05-55e2cf386518,1.54,false,false,near_mint,en,USD,2026-07-31T01:31:40.951Z
collection,binder,Strength Bobblehead,PIP,Fallout,143,normal,uncommon,1,92890,f9af73ad-625a-4260-8917-6a837f9fdf88,4.1,false,false,near_mint,en,USD,2026-07-31T01:31:40.952Z
collection,binder,Sol Ring,SLD,Secret Lair Drop,2467,normal,rare,1,110885,8f69a74a-778c-4a1d-99ad-6ca04771fb23,9.13,false,false,near_mint,en,USD,2026-07-31T01:31:40.953Z
collection,binder,Perception Bobblehead,PIP,Fallout,139,normal,uncommon,1,92801,e2a8c89c-2cd1-4f68-9758-449177be2880,1.84,false,false,near_mint,en,USD,2026-07-31T01:31:40.954Z
collection,binder,Patchwork Banner,SLD,Secret Lair Drop,2466,normal,rare,1,110883,8c4e1fdc-9e6c-4377-8e5b-cb4c036267ce,6.62,false,false,near_mint,en,USD,2026-07-31T01:31:40.955Z
collection,binder,Nuka-Cola Vending Machine,SLD,Secret Lair Drop,2462,normal,rare,1,110890,bd5cc052-7175-4bb8-a52c-f1fb80cb731a,22.88,false,false,near_mint,en,USD,2026-07-31T01:31:40.956Z
collection,binder,Mystic Forge,PIP,Fallout,236,normal,rare,1,91881,109a6275-331e-4696-85ea-6f7a0a0f865e,3.29,false,false,near_mint,en,USD,2026-07-31T01:31:40.957Z
collection,binder,Luck Bobblehead,PIP,Fallout,135,normal,uncommon,1,91894,13281945-47ff-464d-96ef-9b26ef6783fa,6.03,false,false,near_mint,en,USD,2026-07-31T01:31:40.958Z
collection,binder,Lightning Greaves,SLD,Secret Lair Drop,2465,normal,rare,1,110892,caba0b46-4ffd-476a-839a-625aa988f67b,5.88,false,false,near_mint,en,USD,2026-07-31T01:31:40.959Z
collection,binder,Lavaspur Boots,OTJ,Outlaws of Thunder Junction,243,normal,uncommon,1,93392,e50709de-e6ef-4dbc-af1e-290fed279f34,1.44,false,false,near_mint,en,USD,2026-07-31T01:31:40.960Z
collection,binder,Intelligence Bobblehead,PIP,Fallout,134,normal,uncommon,1,92813,e6546c0d-6be2-4ced-9d7c-4269df8dea76,1.1,false,false,near_mint,en,USD,2026-07-31T01:31:40.961Z
collection,binder,Golem's Heart,PLST,The List,SOM-161,normal,uncommon,1,60868,d16dcad7-2ab8-4f45-ab36-f69b603cc630,0.36,false,false,near_mint,en,USD,2026-07-31T01:31:40.962Z
collection,binder,Endurance Bobblehead,PIP,Fallout,132,normal,uncommon,1,92405,8768789b-c414-4e35-bff3-d06a69dccff6,0.9,false,false,near_mint,en,USD,2026-07-31T01:31:40.963Z
collection,binder,Charisma Bobblehead,PIP,Fallout,130,normal,uncommon,1,92048,35f61330-869f-448c-8374-1cbac7c23454,2.07,false,false,near_mint,en,USD,2026-07-31T01:31:40.965Z
collection,binder,Caged Sun,SLD,Secret Lair Drop,2461,normal,rare,1,110895,d9e97c13-c3a3-4d7a-9598-a7f5e4e076a4,4.25,false,false,near_mint,en,USD,2026-07-31T01:31:40.966Z
collection,binder,Arcane Signet,SLD,Secret Lair Drop,2464,normal,rare,1,110897,e12857ca-54af-453a-a2ad-b5622e7c9b0c,9.37,false,false,near_mint,en,USD,2026-07-31T01:31:40.967Z
collection,binder,Agility Bobblehead,PIP,Fallout,126,normal,uncommon,1,92724,cff8b0c5-5457-432a-8c27-f193c9922aec,0.96,false,false,near_mint,en,USD,2026-07-31T01:31:40.968Z
collection,binder,Wind-Scarred Crag,NEO,Kamigawa: Neon Dynasty,282,normal,common,2,66912,cf9b1d47-11ef-4f06-94b2-94b6727de3bd,0.2,false,false,near_mint,en,USD,2026-07-31T01:31:40.969Z
collection,binder,Thriving Moor,CLU,Ravnica: Clue Edition,253,normal,common,1,90950,6efc9d25-c8a4-4190-abef-4edb048b97ad,0.11,false,false,near_mint,en,USD,2026-07-31T01:31:40.970Z
collection,binder,Thriving Heath,CLU,Ravnica: Clue Edition,251,normal,common,2,91099,a661ed62-91a0-4ce3-94f3-e6e09efd61fc,0.1,false,false,near_mint,en,USD,2026-07-31T01:31:40.971Z
collection,binder,Temple of Triumph,PIP,Fallout,312,normal,rare,2,92324,76721cda-494e-4c77-8b0f-43238a35c040,0.31,false,false,near_mint,en,USD,2026-07-31T01:31:40.972Z
collection,binder,Temple of Silence,PIP,Fallout,310,normal,rare,1,92518,9e014eb8-e325-40f7-9ac8-d53508c88925,0.37,false,false,near_mint,en,USD,2026-07-31T01:31:40.973Z
collection,binder,Temple of Malice,PIP,Fallout,307,normal,rare,1,92283,6ccf18ae-ca47-46b0-85c2-235e75d5b42b,0.37,false,false,near_mint,en,USD,2026-07-31T01:31:40.974Z
collection,binder,Shadowblood Ridge,DSC,Duskmourn: House of Horror Commander,296,normal,rare,1,99361,d7af1d6b-ff13-4886-a212-4a6e09153475,0.35,false,false,near_mint,en,USD,2026-07-31T01:31:40.975Z
collection,binder,Rugged Prairie,SOC,Secrets of Strixhaven Commander,401,normal,rare,1,111968,6bd21c9e-de16-4ee9-ae16-6e82b490109d,0.29,false,false,near_mint,en,USD,2026-07-31T01:31:40.976Z
collection,binder,Reliquary Tower,SLD,Secret Lair Drop,1536,normal,rare,1,93979,ae7bbf6e-28a9-4ead-9b82-ff6ed4ff89fb,14.82,false,false,near_mint,en,USD,2026-07-31T01:31:40.977Z
collection,binder,Reflecting Pool,SLD,Secret Lair Drop,1535,normal,rare,1,93975,26abf89e-45c9-4c1d-89c5-749eb3c4d301,24.17,false,false,near_mint,en,USD,2026-07-31T01:31:40.978Z
collection,binder,Orzhov Guildgate,CLU,Ravnica: Clue Edition,242,normal,common,2,91267,e59ddc7f-6c6e-4acc-aac7-63736a77a199,0.15,false,false,near_mint,en,USD,2026-07-31T01:31:40.980Z
collection,binder,Nomad Outpost,PIP,Fallout,277,normal,uncommon,1,92583,ad17aa04-dbd8-4d49-898c-bf0a64cdb827,0.38,false,false,near_mint,en,USD,2026-07-31T01:31:40.981Z
collection,binder,Fetid Heath,SOC,Secrets of Strixhaven Commander,372,normal,rare,1,112183,f465ded8-0d38-42ac-bafc-a12185013c5d,0.39,false,false,near_mint,en,USD,2026-07-31T01:31:40.982Z
collection,binder,Fabled Passage,SLD,Secret Lair Drop,1534,normal,rare,1,93973,19d65e45-1a3b-4f1b-a148-e498953f966d,11.74,false,false,near_mint,en,USD,2026-07-31T01:31:40.983Z
collection,binder,Command Tower,SLD,Secret Lair Drop,7097,normal,rare,1,111635,c5318275-48bb-4fa8-b751-916836970dc4,2.77,false,false,near_mint,en,USD,2026-07-31T01:31:40.986Z
collection,binder,Command Beacon,SLD,Secret Lair Drop,1533,normal,rare,1,93978,ac8d40c3-d6dd-4af8-b6f2-dc7dc609d77a,12.99,false,false,near_mint,en,USD,2026-07-31T01:31:40.987Z
collection,binder,Canyon Slough,ECC,Lorwyn Eclipsed Commander,145,normal,rare,1,110629,d2ba7cfa-36f2-410f-80c3-5a06f4b48372,0.24,false,false,near_mint,en,USD,2026-07-31T01:31:40.989Z
collection,binder,Bojuka Bog,SLD,Secret Lair Drop,1532,normal,rare,1,93977,6f730eba-fef1-4d2c-bcaf-9fe51f6bf270,19.3,false,false,near_mint,en,USD,2026-07-31T01:31:40.990Z
collection,binder,Bloodfell Caves,DSC,Duskmourn: House of Horror Commander,264,normal,common,1,99132,47746248-1a8f-4123-a0d9-6cb61f4b394f,0.3,false,false,near_mint,en,USD,2026-07-31T01:31:40.991Z
collection,binder,Black Dragon Gate,CLB,Commander Legends: Battle for Baldur's Gate,347,normal,common,1,69282,c4ceb589-c741-44ac-98c8-3d997953ee61,0.48,false,false,near_mint,en,USD,2026-07-31T01:31:40.992Z
collection,binder,"Sauron, the Dark Lord",LTR,The Lord of the Rings: Tales of Middle-earth,744,normal,mythic,1,85129,3766383d-6e3d-472c-ac7b-f3521ee214af,532.86,false,false,near_mint,en,USD,2026-07-31T01:40:05.899Z
collection,binder,"Sauron, the Dark Lord",LTR,The Lord of the Rings: Tales of Middle-earth,224,normal,mythic,1,82825,034e0929-b2c7-4b5f-94f2-8eaf4fb1a2a1,26.42,false,false,near_mint,en,USD,2026-07-31T01:40:05.900Z
collection,binder,"Grond, the Gatebreaker",LTR,The Lord of the Rings: Tales of Middle-earth,89,foil,uncommon,1,83056,4bc61b28-afdd-4de9-829b-ffe5ca7c7f19,0.26,false,false,near_mint,en,USD,2026-07-31T01:40:05.901Z
collection,binder,Dunland Crebain,LTR,The Lord of the Rings: Tales of Middle-earth,411,foil,common,1,83634,f1b90963-2a4c-4e0a-9d00-5d3df258c880,0.26,false,false,near_mint,en,USD,2026-07-31T01:40:05.902Z
collection,binder,Living Death,LTC,Tales of Middle-earth Commander,203,normal,rare,1,83402,b22235ac-5028-4b84-8ec2-0ab46768dee2,3.95,false,false,near_mint,en,USD,2026-07-31T01:40:05.903Z
collection,binder,Sunken Hollow,LTC,Tales of Middle-earth Commander,335,normal,rare,1,83320,9764a8bc-94ff-448f-aed6-2eca21fc0418,0.38,false,false,near_mint,en,USD,2026-07-31T01:40:05.904Z
collection,binder,Mithril Coat,LTR,The Lord of the Rings: Tales of Middle-earth,245,foil,rare,1,82856,0fd1fc09-a09d-45e6-8a07-3a8a83b4e6ec,33.92,false,false,near_mint,en,USD,2026-07-31T01:40:05.905Z
collection,binder,"Sauron, Lord of the Rings",LTC,Tales of Middle-earth Commander,4,foil,mythic,2,83674,fc53dec0-79fe-4f6f-9d5b-cf298588e808,0.46,false,false,near_mint,en,USD,2026-07-31T01:40:05.906Z
collection,binder,Path of Ancestry,LTC,Tales of Middle-earth Commander,322,normal,common,1,83545,d79e2780-94ae-41bb-af48-c63abc726fb5,0.31,false,false,near_mint,en,USD,2026-07-31T01:40:05.908Z
collection,binder,Saruman's Trickery,LTR,The Lord of the Rings: Tales of Middle-earth,68,normal,uncommon,1,83284,8eb6c23b-e52e-4533-9625-884eb0a4d866,0.23,false,false,near_mint,en,USD,2026-07-31T01:40:05.909Z
collection,binder,Terramorphic Expanse,LTC,Tales of Middle-earth Commander,337,normal,common,1,83251,84a12498-9c44-4178-a8fc-54d20014ba7a,0.26,false,false,near_mint,en,USD,2026-07-31T01:40:05.910Z
collection,binder,Soothing of Sméagol,LTR,The Lord of the Rings: Tales of Middle-earth,70,normal,common,1,83459,be6400e8-7f99-4005-9a92-ffbc359d3871,0.3,false,false,near_mint,en,USD,2026-07-31T01:40:05.911Z
collection,binder,Nazgûl,LTR,The Lord of the Rings: Tales of Middle-earth,334,normal,uncommon,1,83111,5e9c9901-c329-4a68-96ab-f33d7c12aefe,22.9,false,false,near_mint,en,USD,2026-07-31T01:40:05.912Z
collection,binder,Storm of Saruman,LTR,The Lord of the Rings: Tales of Middle-earth,72,normal,mythic,1,83078,52884e67-c742-4799-9afd-55bc70b2cf40,3.23,false,false,near_mint,en,USD,2026-07-31T01:40:05.913Z
collection,binder,Nazgûl,LTR,The Lord of the Rings: Tales of Middle-earth,337,normal,uncommon,1,83583,e0a5630d-325f-4f7a-9885-b249c6480023,23.92,false,false,near_mint,en,USD,2026-07-31T01:40:05.914Z
collection,binder,Breaking of the Fellowship,LTR,The Lord of the Rings: Tales of Middle-earth,117,foil,common,1,82865,130f60d0-4fac-4e4e-a938-58f3b96e5335,0.16,false,false,near_mint,en,USD,2026-07-31T01:40:05.915Z
collection,binder,"Mauhúr, Uruk-hai Captain",LTR,The Lord of the Rings: Tales of Middle-earth,214,normal,uncommon,4,83145,65e9a757-7ed4-4cc0-bb6f-a59fa69b32a5,0.24,false,false,near_mint,en,USD,2026-07-31T01:40:05.916Z
collection,binder,Crumbling Necropolis,LTC,Tales of Middle-earth Commander,302,normal,uncommon,1,83015,3e221859-c573-47ed-a811-9b3e02178bda,0.41,false,false,near_mint,en,USD,2026-07-31T01:40:05.917Z
collection,binder,Nazgûl,LTR,The Lord of the Rings: Tales of Middle-earth,100,normal,uncommon,1,83245,833936c6-9381-4c0b-a81c-4a938be95040,22.6,false,false,near_mint,en,USD,2026-07-31T01:40:05.918Z
collection,binder,The Grey Havens,LTR,The Lord of the Rings: Tales of Middle-earth,443,normal,uncommon,1,83319,9714aa30-1db2-4670-9a0b-72acfc3f703c,0.34,false,false,near_mint,en,USD,2026-07-31T01:40:05.919Z
collection,binder,Foreboding Ruins,LTC,Tales of Middle-earth Commander,310,normal,rare,1,82886,172a7547-eee6-4279-8438-afdd2f9e72f4,0.35,false,false,near_mint,en,USD,2026-07-31T01:40:05.920Z
collection,binder,Smoldering Marsh,LTC,Tales of Middle-earth Commander,332,normal,rare,1,83435,b8de7fc8-3a90-4693-9d4d-cdca5c5aa206,0.4,false,false,near_mint,en,USD,2026-07-31T01:40:05.921Z
collection,binder,"Sauron, the Lidless Eye",LTR,The Lord of the Rings: Tales of Middle-earth,288,foil,mythic,1,83547,d82a4c78-d2fc-425a-8d0e-2e64509a08f1,8.9,false,false,near_mint,en,USD,2026-07-31T01:40:05.922Z
collection,binder,"Too Greedily, Too Deep",LTC,Tales of Middle-earth Commander,72,normal,rare,1,82978,328b93f0-5078-4334-9c95-60ecdd17a388,0.33,false,false,near_mint,en,USD,2026-07-31T01:40:05.923Z
collection,binder,"Minas Morgul, Dark Fortress",LTC,Tales of Middle-earth Commander,514,foil,rare,1,86479,50f76652-15e7-4190-842e-db6db6d66e91,17.99,false,false,near_mint,en,USD,2026-07-31T01:40:05.925Z
collection,binder,Surrounded by Orcs,LTR,The Lord of the Rings: Tales of Middle-earth,73,normal,common,1,82905,1c50d4c8-2311-4394-b73f-389eb81e898b,0.17,false,false,near_mint,en,USD,2026-07-31T01:40:05.927Z
collection,binder,Command Tower,LTC,Tales of Middle-earth Commander,301,normal,common,1,83079,5306a95e-fb18-463d-81a9-3c3b8121fc94,0.34,false,false,near_mint,en,USD,2026-07-31T01:40:05.928Z
collection,binder,Reflecting Pool,LTC,Tales of Middle-earth Commander,373,foil,mythic,1,83293,90600867-9b2b-4174-8fb5-3f58469e8733,27.44,false,false,near_mint,en,USD,2026-07-31T01:40:05.930Z
collection,binder,Nazgûl,LTR,The Lord of the Rings: Tales of Middle-earth,338,normal,uncommon,1,83465,bf96c268-c86b-4d5e-bf04-200c427e5fa5,24.32,false,false,near_mint,en,USD,2026-07-31T01:40:05.931Z
collection,binder,The Black Gate,LTC,Tales of Middle-earth Commander,80,normal,rare,2,83043,46418186-c215-47c4-9d0a-d15a1d8ca613,9.38,false,false,near_mint,en,USD,2026-07-31T01:40:05.934Z
collection,binder,Sulfur Falls,LTC,Tales of Middle-earth Commander,333,normal,rare,1,83329,9ac747b1-db9a-463f-b222-cb46bb0a43f8,0.42,false,false,near_mint,en,USD,2026-07-31T01:40:05.936Z
collection,binder,Lightning Greaves,LTC,Tales of Middle-earth Commander,281,normal,uncommon,1,82967,3008696b-f89c-40e3-a437-22c95ef337fb,4.86,false,false,near_mint,en,USD,2026-07-31T01:40:05.937Z
collection,binder,Barad-dûr,LTR,The Lord of the Rings: Tales of Middle-earth,253,normal,rare,1,83616,eb5038af-06b0-401e-8dea-a1a8483788ae,1.95,false,false,near_mint,en,USD,2026-07-31T01:40:05.938Z
collection,binder,"Sauron, the Necromancer",LTR,The Lord of the Rings: Tales of Middle-earth,310,normal,rare,1,82931,24521350-ffa6-46d9-95ed-6573c681e095,0.47,false,false,near_mint,en,USD,2026-07-31T01:40:05.940Z
collection,binder,"Grishnákh, Brash Instigator",LTR,The Lord of the Rings: Tales of Middle-earth,134,normal,uncommon,5,83136,6385e769-f805-499d-9f47-494533362152,0.27,false,false,near_mint,en,USD,2026-07-31T01:40:05.941Z
collection,binder,Relic of Sauron,LTC,Tales of Middle-earth Commander,79,normal,rare,1,82887,175b3d28-5c74-4972-9b5c-5e39762c78f4,9.54,false,false,near_mint,en,USD,2026-07-31T01:40:05.942Z
collection,binder,Nazgûl,LTR,The Lord of the Rings: Tales of Middle-earth,333,normal,uncommon,1,83162,69b32f90-b32f-41a6-af0c-1c967ec49b73,24.1,false,false,near_mint,en,USD,2026-07-31T01:40:05.943Z
collection,binder,Oliphaunt,LTR,The Lord of the Rings: Tales of Middle-earth,426,foil,common,1,83667,fa65958a-f601-472e-a9b6-42650b97fa44,0.35,false,false,near_mint,en,USD,2026-07-31T01:40:05.944Z
collection,binder,Press the Enemy,LTR,The Lord of the Rings: Tales of Middle-earth,65,normal,rare,1,83580,dfa5380a-480c-4c61-ac52-5debc49c5df9,0.64,false,false,near_mint,en,USD,2026-07-31T01:40:05.945Z
collection,binder,Swarming of Moria,LTR,The Lord of the Rings: Tales of Middle-earth,150,foil,common,1,82842,0a1bd073-4351-4c56-9b07-4430d0d83084,0.23,false,false,near_mint,en,USD,2026-07-31T01:40:05.946Z
collection,binder,Inherited Envelope,LTR,The Lord of the Rings: Tales of Middle-earth,242,normal,common,2,83418,b590d028-ea6a-4550-b5e2-ba328a81bbc0,0.3,false,false,near_mint,en,USD,2026-07-31T01:40:05.948Z
collection,binder,In the Darkness Bind Them,LTC,Tales of Middle-earth Commander,58,normal,rare,2,83661,f7f7413b-0a65-4338-90eb-4b4c5462c21c,0.91,false,false,near_mint,en,USD,2026-07-31T01:40:05.949Z
collection,binder,Nazgûl,LTR,The Lord of the Rings: Tales of Middle-earth,336,normal,uncommon,1,83377,a92d5a03-a4c9-4432-b3bb-f5bb21f65db0,22.02,false,false,near_mint,en,USD,2026-07-31T01:40:05.951Z
collection,binder,Drowned Catacomb,LTC,Tales of Middle-earth Commander,305,normal,rare,1,82909,1ce5d548-379d-442d-a68d-efbd6525fb86,2.26,false,false,near_mint,en,USD,2026-07-31T01:40:05.952Z
collection,binder,The One Ring,LTR,The Lord of the Rings: Tales of Middle-earth,451,foil,mythic,1,82863,126ea71a-9a64-4d1e-a8ca-1efce3b8346f,93.78,false,false,near_mint,en,USD,2026-07-31T01:40:05.953Z
collection,binder,Lash of the Balrog,LTR,The Lord of the Rings: Tales of Middle-earth,408,foil,common,1,83360,a3bb0051-3ba3-4e22-9098-42ee0d9b645c,0.27,false,false,near_mint,en,USD,2026-07-31T01:40:05.954Z
collection,binder,Deceive the Messenger,LTR,The Lord of the Rings: Tales of Middle-earth,47,normal,common,1,83406,b2984bc6-7c12-46e4-8dd3-b23e29a7a7ec,0.15,false,false,near_mint,en,USD,2026-07-31T01:40:05.955Z
collection,binder,Nazgûl,LTR,The Lord of the Rings: Tales of Middle-earth,335,normal,uncommon,1,83019,3f16e3fe-cc9f-414e-8643-3f66c0ab2536,23.36,false,false,near_mint,en,USD,2026-07-31T01:40:05.956Z
collection,binder,Reanimate,LTC,Tales of Middle-earth Commander,206,normal,rare,1,83624,eee48ed0-3965-4bcc-8eee-bcd8f1607808,8.12,false,false,near_mint,en,USD,2026-07-31T01:40:05.957Z
collection,binder,Choked Estuary,LTC,Tales of Middle-earth Commander,299,normal,rare,1,82971,3128d8c7-2486-4b66-9c30-7a3c5e7d7fe5,0.39,false,false,near_mint,en,USD,2026-07-31T01:40:05.958Z
collection,binder,Witch-king of Angmar,LTR,The Lord of the Rings: Tales of Middle-earth,114,normal,mythic,1,83368,a55e6508-0b59-4573-bc4e-67b27279cfed,7.46,false,false,near_mint,en,USD,2026-07-31T01:40:05.960Z
collection,binder,Rogue's Passage,LTC,Tales of Middle-earth Commander,326,normal,uncommon,1,83260,86438671-fdb8-4a82-b1e8-ef51fa4078df,0.45,false,false,near_mint,en,USD,2026-07-31T01:40:05.961Z
collection,binder,Ringsight,LTR,The Lord of the Rings: Tales of Middle-earth,220,normal,uncommon,5,82992,3700a65c-6f54-4d56-9c6f-8364c45a058c,0.44,false,false,near_mint,en,USD,2026-07-31T01:40:05.963Z
collection,binder,"Saruman, the White Hand",LTC,Tales of Middle-earth Commander,8,foil,mythic,2,83139,6487ccbf-f6cd-45a6-8514-2c458b655ef2,0.48,false,false,near_mint,en,USD,2026-07-31T01:40:05.964Z
collection,binder,Dragonskull Summit,LTC,Tales of Middle-earth Commander,304,normal,rare,1,83524,d0581897-7bdb-465e-ab52-9e656b9a5607,1.01,false,false,near_mint,en,USD,2026-07-31T01:40:05.965Z
collection,binder,Treason of Isengard,LTR,The Lord of the Rings: Tales of Middle-earth,74,normal,common,1,83188,71f97505-c961-4890-acd0-32a63919ac2a,0.19,false,false,near_mint,en,USD,2026-07-31T01:40:05.966Z
collection,binder,Field of Ruin,LTC,Tales of Middle-earth Commander,308,normal,uncommon,1,83281,8d9d6a9d-18a3-4cc8-8276-29fb826ed1fa,0.3,false,false,near_mint,en,USD,2026-07-31T01:40:05.967Z
collection,binder,Underground River,LTC,Tales of Middle-earth Commander,342,normal,rare,1,83040,44832720-67b3-48ca-9460-807a6f1931a5,1.84,false,false,near_mint,en,USD,2026-07-31T01:40:05.968Z
collection,binder,The Mouth of Sauron,LTR,The Lord of the Rings: Tales of Middle-earth,216,normal,uncommon,3,83201,76a88814-aa30-4297-b338-3d851bfe7256,0.21,false,false,near_mint,en,USD,2026-07-31T01:40:05.969Z
collection,binder,Nazgûl,LTR,The Lord of the Rings: Tales of Middle-earth,332,normal,uncommon,1,83517,ce65226a-12cd-416a-bb60-12e9b35f609b,22.08,false,false,near_mint,en,USD,2026-07-31T01:40:05.970Z
collection,binder,Nazgûl,LTR,The Lord of the Rings: Tales of Middle-earth,339,normal,uncommon,1,83023,4023a6de-3ac7-488a-b1a9-b1e26681d9bc,19.55,false,false,near_mint,en,USD,2026-07-31T01:40:05.972Z
collection,binder,Arcane Signet,LTC,Tales of Middle-earth Commander,273,normal,common,1,83071,4e92354d-c203-41e1-822d-8263fadd9eb3,0.65,false,false,near_mint,en,USD,2026-07-31T01:40:05.973Z
collection,binder,Gimli's Axe,LTR,The Lord of the Rings: Tales of Middle-earth,130,normal,common,1,83550,d8999b6c-e501-48d0-ae51-a35b96f996ec,0.25,false,false,near_mint,en,USD,2026-07-31T01:40:05.975Z
collection,binder,One Ring to Rule Them All,LTR,The Lord of the Rings: Tales of Middle-earth,102,normal,rare,1,83447,bb2dc2e0-f393-4442-818b-d3b860bfffd0,2.31,false,false,near_mint,en,USD,2026-07-31T01:40:05.976Z
collection,binder,"Gothmog, Morgul Lieutenant",LTR,The Lord of the Rings: Tales of Middle-earth,429,foil,uncommon,1,83055,4b9af0ce-db08-4ccf-a9f3-b7c1eea14423,0.38,false,false,near_mint,en,USD,2026-07-31T01:40:05.977Z
collection,binder,Warg Rider,LTR,The Lord of the Rings: Tales of Middle-earth,826,normal,rare,1,86382,18cc2bc6-12bb-4795-b2b2-9d414823b773,19.02,false,false,near_mint,en,USD,2026-07-31T01:40:05.979Z
collection,binder,Saruman the White,LTR,The Lord of the Rings: Tales of Middle-earth,67,normal,uncommon,1,82903,1bfccbab-29fa-4e92-8919-6cd4815fb655,0.23,false,false,near_mint,en,USD,2026-07-31T01:40:05.980Z
collection,binder,Rising of the Day,LTR,The Lord of the Rings: Tales of Middle-earth,427,normal,uncommon,1,83208,7a06a653-eca1-4fee-add5-45d2594885c3,0.83,false,false,near_mint,en,USD,2026-07-31T01:40:05.983Z
collection,binder,Sulfurous Springs,LTC,Tales of Middle-earth Commander,334,normal,rare,1,82860,119ea61b-8575-4491-a422-2eadebe8b261,2.01,false,false,near_mint,en,USD,2026-07-31T01:40:05.984Z
collection,binder,Mines of Moria,LTR,The Lord of the Rings: Tales of Middle-earth,342,normal,rare,1,82911,1d6cbb58-8c82-49b5-ae9c-f3baaa8bcc22,2.22,false,false,near_mint,en,USD,2026-07-31T01:40:05.985Z
collection,binder,Orcish Bowmasters,LTR,The Lord of the Rings: Tales of Middle-earth,103,normal,rare,1,83214,7c024bae-5631-4e20-ac69-df392ac9e109,45.67,false,false,near_mint,en,USD,2026-07-31T01:40:05.986Z
collection,binder,Frostboil Snarl,LTC,Tales of Middle-earth Commander,312,normal,rare,1,83457,bddcc7a7-bebf-4b57-9e6c-4637bca88bd6,0.33,false,false,near_mint,en,USD,2026-07-31T01:40:05.987Z
collection,binder,Sol Ring,LTC,Tales of Middle-earth Commander,284,normal,uncommon,1,83094,5805f64c-dd88-4e94-8f0a-a01dae67e3ba,2.14,false,false,near_mint,en,USD,2026-07-31T01:40:05.988Z
collection,binder,"Gonti, Canny Acquisitor",OTC,Outlaws of Thunder Junction Commander,1,foil,mythic,1,93456,03a7e79f-625a-49ac-9cb1-e1fe5f51f5a0,1.7,false,false,near_mint,en,USD,2026-07-31T01:48:47.439Z
collection,binder,"Tasha, the Witch Queen",CLB,Commander Legends: Battle for Baldur's Gate,364,normal,mythic,1,69299,ce387e9c-2d0e-4314-ac8d-4b7c93286fb2,7.53,false,false,near_mint,en,USD,2026-07-31T01:48:47.440Z
collection,binder,"Doc Aurlock, Grizzled Genius",OTJ,Outlaws of Thunder Junction,201,normal,uncommon,2,93209,6fc27b30-8c8e-434c-a72c-e1d409efc1ae,0.34,false,false,near_mint,en,USD,2026-07-31T01:48:47.441Z
collection,binder,"Gonti, Lord of Luxury",OTC,Outlaws of Thunder Junction Commander,135,normal,rare,1,93948,fbbb3aef-af1f-4b77-b7d6-64cfd706a9d9,0.38,false,false,near_mint,en,USD,2026-07-31T01:48:47.442Z
collection,binder,"Xanathar, Guild Kingpin",AFR,Adventures in the Forgotten Realms,391,normal,mythic,1,60312,85d4caf8-06cf-4320-a744-988a551d23e5,2.65,false,false,near_mint,en,USD,2026-07-31T01:48:47.443Z
collection,binder,"Gríma, Saruman's Footman",LTC,Tales of Middle-earth Commander,57,normal,rare,2,82816,00f40514-d37d-423f-aa0c-1875300f43a8,1.31,false,false,near_mint,en,USD,2026-07-31T01:48:47.444Z
collection,binder,"Toski, Bearer of Secrets",BLC,Bloomburrow Commander,244,normal,rare,1,96155,0b261989-b34e-4bba-90f8-2adfda58c89b,8.69,false,false,near_mint,en,USD,2026-07-31T01:48:47.445Z
collection,binder,Felix Five-Boots,OTC,Outlaws of Thunder Junction Commander,6,foil,mythic,1,93672,6800e935-d327-464c-ab88-7c0193827da3,4.68,false,false,near_mint,en,USD,2026-07-31T01:48:47.446Z
collection,binder,"Edric, Spymaster of Trest",OTC,Outlaws of Thunder Junction Commander,221,normal,rare,1,93532,22d6a4c9-4bdd-4e70-8481-95260e6aa7ab,2.78,false,false,near_mint,en,USD,2026-07-31T01:48:47.447Z
collection,binder,Brainstealer Dragon,OTC,Outlaws of Thunder Junction Commander,127,normal,rare,1,93730,884d4eea-77c0-4b78-bb83-3f855cc77298,10.59,false,false,near_mint,en,USD,2026-07-31T01:48:47.449Z
collection,binder,Silent-Blade Oni,OTC,Outlaws of Thunder Junction Commander,241,normal,rare,1,93704,7ae71886-9e93-4d1c-b8f7-da7aafa83cf9,6.28,false,false,near_mint,en,USD,2026-07-31T01:48:47.450Z
collection,binder,Orochi Soul-Reaver,OTC,Outlaws of Thunder Junction Commander,22,normal,rare,1,93918,ec8f372a-d8c7-4f5d-a91d-ec7e5eb17104,11.26,false,false,near_mint,en,USD,2026-07-31T01:48:47.451Z
collection,binder,Baleful Strix,OTC,Outlaws of Thunder Junction Commander,215,normal,rare,1,93828,be8439e6-f779-49f0-806a-b04995697a6a,3.52,false,false,near_mint,en,USD,2026-07-31T01:48:47.452Z
collection,binder,Canoptek Wraith,40K,"Warhammer 40,000 Commander",153,normal,rare,1,72269,06199f88-720f-484a-953e-9189bafbe173,3.23,false,false,near_mint,en,USD,2026-07-31T01:48:47.453Z
collection,binder,Smirking Spelljacker,OTC,Outlaws of Thunder Junction Commander,16,normal,rare,1,93451,01d1e394-1b0c-4b40-ba85-f55973703d41,2.77,false,false,near_mint,en,USD,2026-07-31T01:48:47.454Z
collection,binder,Dazzling Sphinx,OTC,Outlaws of Thunder Junction Commander,93,normal,rare,1,93556,2ddac591-825b-4304-858c-9dc9b311805b,0.38,false,false,near_mint,en,USD,2026-07-31T01:48:47.455Z
collection,binder,Silhana Ledgewalker,OTC,Outlaws of Thunder Junction Commander,206,normal,common,1,93527,21a2d11e-48b7-4e9a-a574-838cc26c2b17,0.32,false,false,near_mint,en,USD,2026-07-31T01:48:47.456Z
collection,binder,Invisible Stalker,ISD,Innistrad,60,normal,uncommon,1,18838,0013620d-8e17-4246-86bf-71eafd51b806,0.62,false,false,near_mint,en,USD,2026-07-31T01:48:47.457Z
collection,binder,Triton Shorestalker,OTC,Outlaws of Thunder Junction Commander,121,normal,common,1,93626,511bff25-3213-42c4-8abd-9eda49f8dc96,0.39,false,false,near_mint,en,USD,2026-07-31T01:48:47.458Z
collection,binder,Shadowmage Infiltrator,OTC,Outlaws of Thunder Junction Commander,240,normal,rare,1,93550,2ac920d7-013f-40ad-b79f-0bb59062d42a,0.42,false,false,near_mint,en,USD,2026-07-31T01:48:47.459Z
collection,binder,Gudul Lurker,DTK,Dragons of Tarkir,56,normal,uncommon,1,11758,c84d5344-2d15-43da-b536-27e0d308606b,0.6,false,false,near_mint,en,USD,2026-07-31T01:48:47.460Z
collection,binder,Ohran Frostfang,OTC,Outlaws of Thunder Junction Commander,199,normal,rare,1,93459,0693bcd2-8a3d-4dcf-8360-5b9891044dfe,6.51,false,false,near_mint,en,USD,2026-07-31T01:48:47.461Z
collection,binder,Ghostly Pilferer,OTC,Outlaws of Thunder Junction Commander,98,normal,rare,1,93561,2f6a3605-950d-488b-8e4f-e2c339ef48dc,3.28,false,false,near_mint,en,USD,2026-07-31T01:48:47.462Z
collection,binder,Cold-Eyed Selkie,OTC,Outlaws of Thunder Junction Commander,218,normal,rare,1,93736,8c39dc54-611e-48a8-adba-9cc31afa87d0,0.38,false,false,near_mint,en,USD,2026-07-31T01:48:47.463Z
collection,binder,Thieving Varmint,OTC,Outlaws of Thunder Junction Commander,23,normal,rare,1,93741,8e66d567-9f06-47c1-aa9f-f29ba5e9906a,3.22,false,false,near_mint,en,USD,2026-07-31T01:48:47.464Z
collection,binder,Thief of Sanity,OTC,Outlaws of Thunder Junction Commander,243,normal,rare,1,93749,94946d6c-1edb-46e9-a5ae-0ca2a016a7cd,0.47,false,false,near_mint,en,USD,2026-07-31T01:48:47.465Z
collection,binder,Mist-Cloaked Herald,RIX,Rivals of Ixalan,43,normal,common,1,2975,18c1368e-114b-4618-922b-1d824ba0d1d5,0.4,false,false,near_mint,en,USD,2026-07-31T01:48:47.466Z
collection,binder,Fallen Shinobi,OTC,Outlaws of Thunder Junction Commander,226,normal,rare,1,93757,979076a7-313f-4227-a4c3-548e86997e0a,8.06,false,false,near_mint,en,USD,2026-07-31T01:48:47.467Z
collection,binder,Sakura-Tribe Elder,CLB,Commander Legends: Battle for Baldur's Gate,832,normal,common,1,69704,ec23f98d-1bfd-4957-92b6-0a1da823db0f,0.57,false,false,near_mint,en,USD,2026-07-31T01:48:47.468Z
collection,binder,Slither Blade,OTC,Outlaws of Thunder Junction Commander,114,normal,common,1,93725,859e5ca5-c184-47ee-a2ea-8075847f46d9,3.85,false,false,near_mint,en,USD,2026-07-31T01:48:47.469Z
collection,binder,Tower Winder,OTC,Outlaws of Thunder Junction Commander,34,normal,rare,1,93758,97bf6a6a-e377-4f42-84dd-baf6055c0fb1,9.46,false,false,near_mint,en,USD,2026-07-31T01:48:47.470Z
collection,binder,Hostage Taker,OTC,Outlaws of Thunder Junction Commander,231,normal,rare,1,93833,c168af49-acae-45de-8c62-0e6d1006f325,0.35,false,false,near_mint,en,USD,2026-07-31T01:48:47.471Z
collection,binder,Siren Stormtamer,CMR,Commander Legends,96,normal,uncommon,1,55900,d0e5f191-0b20-4bc4-b41e-36c53a182f85,0.47,false,false,near_mint,en,USD,2026-07-31T01:48:47.472Z
collection,binder,Tormented Soul,M12,Magic 2012,114,normal,common,1,19153,d2699c42-99bb-4b5a-82ec-9c6424c14ec1,0.26,false,false,near_mint,en,USD,2026-07-31T01:48:47.473Z
collection,binder,Trygon Predator,OTC,Outlaws of Thunder Junction Commander,246,normal,uncommon,1,93846,c89b3895-de35-48a4-acc0-e0056fa760bf,0.33,false,false,near_mint,en,USD,2026-07-31T01:48:47.474Z
collection,binder,Thieving Skydiver,OTC,Outlaws of Thunder Junction Commander,118,normal,rare,1,93460,06996ff1-7f57-4e73-940a-a58c4482cadd,0.31,false,false,near_mint,en,USD,2026-07-31T01:48:47.475Z
collection,binder,Changeling Outcast,CLB,Commander Legends: Battle for Baldur's Gate,743,normal,common,1,69419,0d2c053f-0ef8-45f2-b2af-24cbb9a7fec4,1.84,false,false,near_mint,en,USD,2026-07-31T01:48:47.476Z
collection,binder,Savvy Trader,OTC,Outlaws of Thunder Junction Commander,33,normal,rare,1,93487,118f25cf-faa6-4d60-a156-27bf7aedf7eb,4.72,false,false,near_mint,en,USD,2026-07-31T01:48:47.477Z
collection,binder,Sage of the Beyond,OTC,Outlaws of Thunder Junction Commander,111,normal,rare,1,93530,226a4c5d-bf49-40d8-a7a4-341c18029634,1.2,false,false,near_mint,en,USD,2026-07-31T01:48:47.478Z
collection,binder,Predators' Hour,OTC,Outlaws of Thunder Junction Commander,147,normal,rare,1,93634,55ddf977-de2c-4850-8ad1-b8adab1d24ee,0.37,false,false,near_mint,en,USD,2026-07-31T01:48:47.479Z
collection,binder,Heartless Conscription,OTC,Outlaws of Thunder Junction Commander,21,normal,rare,1,93629,52fc4862-b57b-42d7-be8b-d9915a0bb4fd,2.54,false,false,near_mint,en,USD,2026-07-31T01:48:47.480Z
collection,binder,Farseek,PIP,Fallout,197,normal,common,1,92600,b2dd4d32-8cb8-4699-8e96-22746cf5ea57,1.0,false,false,near_mint,en,USD,2026-07-31T01:48:47.481Z
collection,binder,Rampant Growth,OTC,Outlaws of Thunder Junction Commander,201,normal,common,1,93681,6c074663-37be-4329-a21d-9ea551edbb6b,0.81,false,false,near_mint,en,USD,2026-07-31T01:48:47.482Z
collection,binder,Kodama's Reach,OTC,Outlaws of Thunder Junction Commander,196,normal,common,1,93920,eddf5231-7c46-417b-82c3-f6a8ede5ac9c,2.22,false,false,near_mint,en,USD,2026-07-31T01:48:47.483Z
collection,binder,Villainous Wealth,OTC,Outlaws of Thunder Junction Commander,249,normal,rare,1,93783,a467072c-99d9-4013-8d28-607a06cf50fe,0.37,false,false,near_mint,en,USD,2026-07-31T01:48:47.484Z
collection,binder,Arcane Heist,OTC,Outlaws of Thunder Junction Commander,13,normal,rare,1,93580,3ceb13f4-ac9e-4ddd-9170-545f8d37b87a,3.43,false,false,near_mint,en,USD,2026-07-31T01:48:47.485Z
collection,binder,Nature's Lore,CLB,Commander Legends: Battle for Baldur's Gate,244,normal,common,1,69022,543d1e79-cac6-455c-9fda-f13c849579d6,2.86,false,false,near_mint,en,USD,2026-07-31T01:48:47.486Z
collection,binder,Culling Ritual,OTC,Outlaws of Thunder Junction Commander,219,normal,rare,1,93611,4c1f40e7-4d3c-416d-81e2-97f9b925301c,1.96,false,false,near_mint,en,USD,2026-07-31T01:48:47.487Z
collection,binder,Cultivate,PIP,Fallout,196,normal,uncommon,1,92593,b149d9f6-c337-43cd-8f9e-1f864d039d9c,1.17,false,false,near_mint,en,USD,2026-07-31T01:48:47.488Z
collection,binder,Three Visits,OTC,Outlaws of Thunder Junction Commander,209,normal,uncommon,1,93619,4ee4ea37-621f-4ef7-b220-f4da3008e399,9.9,false,false,near_mint,en,USD,2026-07-31T01:48:47.490Z
collection,binder,Baleful Mastery,OTC,Outlaws of Thunder Junction Commander,126,normal,rare,1,93640,579e20e7-1395-4a6c-a836-ae3419fc8808,3.63,false,false,near_mint,en,USD,2026-07-31T01:48:47.491Z
collection,binder,Beast Within,NCC,New Capenna Commander,282,normal,uncommon,1,68165,2df1045c-0186-45e8-aed2-807528fc1aba,0.78,false,false,near_mint,en,USD,2026-07-31T01:48:47.492Z
collection,binder,Putrefy,OTC,Outlaws of Thunder Junction Commander,238,normal,uncommon,1,93688,6fcc6bf7-ccce-4975-be8b-0790ab790e3f,0.29,false,false,near_mint,en,USD,2026-07-31T01:48:47.493Z
collection,binder,Siphon Insight,OTC,Outlaws of Thunder Junction Commander,242,normal,rare,1,93545,28a6b23f-a854-469a-9b06-119507dd9d42,0.33,false,false,near_mint,en,USD,2026-07-31T01:48:47.494Z
collection,binder,Outrageous Robbery,MKM,Murders at Karlov Manor,97,normal,rare,1,91152,b87813fa-ad12-4062-bb9e-436d8418fba5,0.38,false,false,near_mint,en,USD,2026-07-31T01:48:47.495Z
collection,binder,Mind's Dilation,OTC,Outlaws of Thunder Junction Commander,101,normal,mythic,1,93621,4f2980ba-2468-4a36-afdb-87e6567797a9,4.67,false,false,near_mint,en,USD,2026-07-31T01:48:47.496Z
collection,binder,Rogue Class,AFR,Adventures in the Forgotten Realms,230,normal,rare,1,60139,0727f65b-cfbe-47d5-87c6-239cf8d93ca6,1.47,false,false,near_mint,en,USD,2026-07-31T01:48:47.497Z
collection,binder,Court of Locthwain,WOC,Wilds of Eldraine Commander,23,normal,rare,1,85640,a8e1f698-1c04-4f31-aeaa-b796c5eb5070,6.0,false,false,near_mint,en,USD,2026-07-31T01:48:47.498Z
collection,binder,Cunning Rhetoric,OTC,Outlaws of Thunder Junction Commander,129,normal,rare,1,93607,4a163794-db93-4cf6-a2ea-1af288109dc1,3.96,false,false,near_mint,en,USD,2026-07-31T01:48:47.499Z
collection,binder,Sol Ring,OTC,Outlaws of Thunder Junction Commander,267,normal,uncommon,2,93682,6c5c9437-3d99-4a7c-8255-9acdcb1acc40,1.94,false,false,near_mint,en,USD,2026-07-31T01:48:47.501Z
collection,binder,Dream-Thief's Bandana,OTC,Outlaws of Thunder Junction Commander,38,normal,rare,1,93895,dccdb6cc-dfad-4c7e-9550-3dd12f3e9c79,1.55,false,false,near_mint,en,USD,2026-07-31T01:48:47.502Z
collection,binder,Command Tower,OTC,Outlaws of Thunder Junction Commander,280,normal,common,2,93872,d1d019fb-0498-454b-a03b-4f396def718b,0.34,false,false,near_mint,en,USD,2026-07-31T01:48:47.503Z
collection,binder,Exotic Orchard,OTC,Outlaws of Thunder Junction Commander,293,normal,rare,1,93581,3da63d3f-3752-48cd-8ea4-0ce08b1b8c21,0.28,false,false,near_mint,en,USD,2026-07-31T01:48:47.504Z
collection,binder,Opulent Palace,OTC,Outlaws of Thunder Junction Commander,307,normal,uncommon,1,93892,dc691e02-c914-468d-8051-de1289171183,0.42,false,false,near_mint,en,USD,2026-07-31T01:48:47.505Z
collection,binder,Reliquary Tower,OTC,Outlaws of Thunder Junction Commander,312,normal,uncommon,1,93897,dd9f036d-6ae4-451e-a67a-ecc2e44123e3,4.33,false,false,near_mint,en,USD,2026-07-31T01:48:47.506Z
collection,binder,Viridescent Bog,OTC,Outlaws of Thunder Junction Commander,340,normal,rare,1,93947,fb29bc36-aaae-4daa-9b6f-1c07c6abb332,0.32,false,false,near_mint,en,USD,2026-07-31T01:48:47.507Z
collection,binder,Darkwater Catacombs,OTC,Outlaws of Thunder Junction Commander,282,normal,rare,1,93654,5d2b5e7c-7c96-42d6-9eb5-743c345c4463,0.38,false,false,near_mint,en,USD,2026-07-31T01:48:47.508Z
collection,binder,Hinterland Harbor,OTC,Outlaws of Thunder Junction Commander,300,normal,rare,1,93661,5fa1049c-67d0-414f-8bfe-f0c2aabcc835,0.37,false,false,near_mint,en,USD,2026-07-31T01:48:47.509Z
collection,binder,Yavimaya Coast,OTC,Outlaws of Thunder Junction Commander,342,normal,rare,1,93477,0e89587e-f027-4c75-a950-f84f0987588a,0.45,false,false,near_mint,en,USD,2026-07-31T01:48:47.510Z
collection,binder,Tangled Islet,DMU,Dominaria United,258,normal,common,1,71423,4a325fb4-fe71-47f1-9a2f-05b8cfe88fe6,0.34,false,false,near_mint,en,USD,2026-07-31T01:48:47.511Z
collection,binder,Darkslick Shores,OTC,Outlaws of Thunder Junction Commander,281,normal,rare,1,93838,c49305d1-ac95-43ea-b02d-c3c7205bcda6,2.46,false,false,near_mint,en,USD,2026-07-31T01:48:47.512Z
collection,binder,Drowned Catacomb,OTC,Outlaws of Thunder Junction Commander,290,normal,rare,1,93463,07b4a6dd-0e2f-43be-93c6-7578c34a9443,4.37,false,false,near_mint,en,USD,2026-07-31T01:48:47.513Z
collection,binder,Llanowar Wastes,OTC,Outlaws of Thunder Junction Commander,305,normal,rare,1,93827,bdc7e1ef-cbe0-4057-b528-6c1da07ff90b,2.25,false,false,near_mint,en,USD,2026-07-31T01:48:47.514Z
collection,binder,Sunken Hollow,OTC,Outlaws of Thunder Junction Commander,325,normal,rare,1,93540,26b8d839-fb07-4221-8b00-8d3775f52f37,0.4,false,false,near_mint,en,USD,2026-07-31T01:48:47.515Z
collection,binder,Overflowing Basin,OTC,Outlaws of Thunder Junction Commander,308,normal,rare,1,93588,3fc2f320-18e1-4380-a1d7-d8c1e3ca5837,0.37,false,false,near_mint,en,USD,2026-07-31T01:48:47.516Z
collection,binder,Woodland Cemetery,OTC,Outlaws of Thunder Junction Commander,341,normal,rare,1,93726,85fe379d-c188-4cad-a0ca-74fa5811aac6,1.11,false,false,near_mint,en,USD,2026-07-31T01:48:47.517Z
collection,binder,Haunted Mire,DMU,Dominaria United,248,normal,common,1,71277,16f5e958-56e6-4666-a534-24deba6f652d,0.25,false,false,near_mint,en,USD,2026-07-31T01:48:47.518Z
collection,binder,Twilight Mire,OTC,Outlaws of Thunder Junction Commander,337,normal,rare,1,93610,4c147332-5cfa-4e18-bc55-e16821489937,0.44,false,false,near_mint,en,USD,2026-07-31T01:48:47.519Z
collection,binder,Dreamroot Cascade,WHO,Doctor Who,273,normal,rare,1,87229,3a8c7416-c0af-419d-892a-ee989585bf79,1.24,false,false,near_mint,en,USD,2026-07-31T01:48:47.520Z
collection,binder,Flooded Grove,OTC,Outlaws of Thunder Junction Commander,297,normal,rare,1,93646,5a1c7863-c831-452d-ab6d-818e68491b05,0.33,false,false,near_mint,en,USD,2026-07-31T01:48:47.521Z
collection,binder,Underground River,OTC,Outlaws of Thunder Junction Commander,338,normal,rare,1,93517,1dbe5187-efdc-496a-aa52-020016ace47a,1.63,false,false,near_mint,en,USD,2026-07-31T01:48:47.522Z
collection,binder,Fetid Pools,OTC,Outlaws of Thunder Junction Commander,296,normal,rare,1,93637,566a84c0-d6e6-4cce-b9e5-0e7b5439663c,0.32,false,false,near_mint,en,USD,2026-07-31T01:48:47.523Z
collection,binder,Rejuvenating Springs,CMM,Commander Masters,424,normal,rare,1,84307,455be293-80cf-4bc6-8904-8dd21a2b9d19,7.62,false,false,near_mint,en,USD,2026-07-31T01:48:47.524Z
collection,binder,Dark Ritual,PMEI,Media and Collaboration Promos,2025-8,foil,rare,1,109996,f9183acb-edb7-4a59-9890-ae0455d8e024,19.71,false,false,near_mint,en,USD,2026-07-31T03:01:36.094Z
collection,binder,Counterspell,PMEI,Media and Collaboration Promos,2021-1,foil,rare,1,58945,791cc2f2-2ec6-4df0-8c59-a31dee319729,10.56,false,false,near_mint,en,USD,2026-07-31T03:01:36.095Z
collection,binder,Shock,PMEI,Media and Collaboration Promos,2025-1,foil,rare,1,103392,6cd4201c-af68-4157-935b-d66428fef8e0,1.95,false,false,near_mint,en,USD,2026-07-31T03:01:36.096Z
collection,binder,Rakdos Guildgate,FDN,Foundations,693,normal,common,1,101249,e1f01964-c610-4d0f-a2b4-f52e46dc50d2,0.13,false,false,near_mint,en,USD,2026-07-31T03:01:36.097Z
collection,binder,Orzhov Basilica,DRC,Aetherdrift Commander,164,normal,uncommon,1,103274,cc8f8ede-9620-4f7f-8326-a75031ef6ec1,0.23,false,false,near_mint,en,USD,2026-07-31T03:01:36.099Z
collection,binder,Caves of Koilos,SOC,Secrets of Strixhaven Commander,365,normal,rare,1,112064,a8a57915-5226-4d3c-ae8e-a55c50f3c131,0.56,false,false,near_mint,en,USD,2026-07-31T03:01:36.101Z
collection,binder,Temple of Silence,DSC,Duskmourn: House of Horror Commander,312,normal,rare,1,99379,e185a110-9e65-4ecd-a051-16ac6967db3b,0.33,false,false,near_mint,en,USD,2026-07-31T03:01:36.102Z
collection,binder,Shattered Sanctum,INR,Innistrad Remastered,283,normal,rare,1,102659,89bec47e-811d-4540-9834-8b9670e00c5c,2.45,false,false,near_mint,en,USD,2026-07-31T03:01:36.103Z
collection,binder,Orzhov Basilica,CLU,Ravnica: Clue Edition,241,normal,common,2,90991,7c14375a-98c1-4e57-bf0d-1bea89a6bbd9,0.19,false,false,near_mint,en,USD,2026-07-31T03:01:36.105Z
collection,binder,Isolated Chapel,PIP,Fallout,269,normal,rare,1,92055,377487dd-d72a-4169-bfe1-29e36c3e3d1f,0.4,false,false,near_mint,en,USD,2026-07-31T03:01:36.107Z
collection,binder,Temple of Silence,OTC,Outlaws of Thunder Junction Commander,333,normal,rare,1,93721,84790d0e-19ca-4191-bed9-03790555b5d2,0.25,false,false,near_mint,en,USD,2026-07-31T03:01:36.108Z
collection,binder,Markov Baron,MAT,March of the Machine: The Aftermath,14,normal,uncommon,1,82591,a1dc6b0f-09bb-4489-8022-42c700eb1191,0.34,false,false,near_mint,en,USD,2026-07-31T03:01:36.109Z
collection,binder,Professor Onyx,DSC,Duskmourn: House of Horror Commander,153,normal,mythic,1,99313,b8d8e608-6de4-4b90-aeb7-d060d1f44844,5.69,false,false,near_mint,en,USD,2026-07-31T03:01:36.110Z
collection,binder,Markov Waltzer,VOW,Innistrad: Crimson Vow,242,foil,uncommon,1,64404,c2f45bc0-36ed-44ec-9bc8-31ea7c7fafdb,0.25,false,false,near_mint,en,USD,2026-07-31T03:01:36.111Z
collection,binder,Olivia's Bloodsworn,SOI,Shadows over Innistrad,127,normal,uncommon,1,8869,fdda34e9-f28b-4606-8298-b2d0c15033e6,0.21,false,false,near_mint,en,USD,2026-07-31T03:01:36.112Z
collection,binder,Liliana of the Veil,INR,Innistrad Remastered,475,normal,mythic,1,101892,efbb7256-9337-4183-8bda-a419f3f2c501,7.01,false,false,near_mint,en,USD,2026-07-31T03:01:36.113Z
collection,binder,"Odric, Lunarch Marshal",INR,Innistrad Remastered,36,normal,rare,1,102452,1db600b2-9b8b-4c21-8d8b-8033ec680a35,1.04,false,false,near_mint,en,USD,2026-07-31T03:01:36.114Z
collection,binder,"Matzalantli, the Great Door // The Core",LCI,The Lost Caverns of Ixalan,256,foil,rare,1,88826,b4c31b29-06ba-436d-a3d9-18f4796c39be,3.57,false,false,near_mint,en,USD,2026-07-31T03:01:36.115Z
collection,binder,Boros Guildgate,FDN,Foundations,684,normal,common,1,100402,3e3c74ea-40e9-4ad9-a491-c208403b68ad,0.12,false,false,near_mint,en,USD,2026-07-31T03:01:36.116Z
collection,binder,Temple of Triumph,FDN,Foundations,705,normal,rare,1,101171,d2f58450-838d-4404-a68f-159e82b0e58d,0.15,false,false,near_mint,en,USD,2026-07-31T03:01:36.117Z
collection,binder,Rustvale Bridge,EOC,Edge of Eternities Commander,175,normal,common,1,107339,da54e458-1d4f-45f0-a225-99eb9c4049fb,0.29,false,false,near_mint,en,USD,2026-07-31T03:01:36.119Z
collection,binder,Temple of Triumph,OTC,Outlaws of Thunder Junction Commander,335,normal,rare,1,93465,07e73142-a8c0-4bd5-8ab4-cd10e572a975,0.2,false,false,near_mint,en,USD,2026-07-31T03:01:36.121Z
collection,binder,Abraded Bluffs,OTJ,Outlaws of Thunder Junction,251,foil,common,1,93074,19e96521-b4ce-4a36-a887-200e05ccc804,0.33,false,false,near_mint,en,USD,2026-07-31T03:01:36.124Z
collection,binder,Sunscorched Divide,PIP,Fallout,153,normal,rare,1,92886,f84a8f54-9ede-40ee-a783-e58a7e4f2e94,0.46,false,false,near_mint,en,USD,2026-07-31T03:01:36.126Z
collection,binder,Rustvale Bridge,PIP,Fallout,285,normal,common,1,92115,45dd5b22-c7f8-4c00-a27b-437da0136177,0.34,false,false,near_mint,en,USD,2026-07-31T03:01:36.128Z
collection,binder,Clifftop Retreat,PIP,Fallout,258,normal,rare,3,92812,e6454d4c-5820-4cb8-b625-3d9a09778513,0.32,false,false,near_mint,en,USD,2026-07-31T03:01:36.130Z
collection,binder,Blackcleave Cliffs,OTC,Outlaws of Thunder Junction Commander,272,normal,rare,1,93899,e0396bf2-09a2-433e-bc0e-e2149a831f37,2.01,false,false,near_mint,en,USD,2026-07-31T03:01:36.131Z
collection,binder,Bloodfell Caves,NEO,Kamigawa: Neon Dynasty,264,foil,common,1,66906,ba06fcda-7ab8-48d4-8656-2a911e73dc44,0.21,false,false,near_mint,en,USD,2026-07-31T03:01:36.132Z
collection,binder,Razortrap Gorge,DSK,Duskmourn: House of Horror,267,foil,common,1,98654,98d0d067-b52d-47ec-ba7b-8cfcd716c0e5,0.3,false,false,near_mint,en,USD,2026-07-31T03:01:36.133Z
collection,binder,Luxury Suite,CLB,Commander Legends: Battle for Baldur's Gate,355,normal,rare,1,67512,6fc5fc38-4054-4663-9061-df5455788c4a,17.3,false,false,near_mint,en,USD,2026-07-31T03:01:36.134Z
collection,binder,Urborg Volcano,PLST,The List,INV-330,normal,uncommon,1,97438,24f9ca82-296a-458c-8707-2e4681c69bf9,0.16,false,false,near_mint,en,USD,2026-07-31T03:01:36.135Z
collection,binder,Razortrap Gorge,DSK,Duskmourn: House of Horror,267,normal,common,1,98654,98d0d067-b52d-47ec-ba7b-8cfcd716c0e5,0.29,false,false,near_mint,en,USD,2026-07-31T03:01:36.136Z
collection,binder,Ominous Asylum,SPM,Marvel's Spider-Man,181,foil,common,1,108509,4329f94a-9110-4f07-b4a6-f1ccae97ccc9,0.25,false,false,near_mint,en,USD,2026-07-31T03:01:36.137Z
collection,binder,Bloodfell Caves,TDM,Tarkir: Dragonstorm,250,normal,common,1,104250,1dde3c68-6f29-4c00-b668-c25ac9e3e13b,0.17,false,false,near_mint,en,USD,2026-07-31T03:01:36.139Z
collection,binder,Haunted Ridge,INR,Innistrad Remastered,280,normal,rare,1,102482,32f1e668-89b8-4f82-afc1-6c3efb1fef3b,8.42,false,false,near_mint,en,USD,2026-07-31T03:01:36.141Z
collection,binder,Tainted Peak,PIP,Fallout,300,normal,uncommon,1,92728,d1374839-bdef-4e55-a7bc-906340439605,1.63,false,false,near_mint,en,USD,2026-07-31T03:01:36.143Z
collection,binder,Shadowblood Ridge,PIP,Fallout,288,normal,rare,1,92913,ff02d5d2-2f71-4b93-a0c5-5964ec08524f,0.35,false,false,near_mint,en,USD,2026-07-31T03:01:36.145Z
collection,binder,Tramway Station,SNC,Streets of New Capenna,258,normal,common,1,68045,e0532304-da6d-45cd-b1e6-4779d3f3b2bc,0.2,false,false,near_mint,en,USD,2026-07-31T03:01:36.146Z
collection,binder,Bloodfell Caves,NEO,Kamigawa: Neon Dynasty,264,normal,common,1,66906,ba06fcda-7ab8-48d4-8656-2a911e73dc44,0.17,false,false,near_mint,en,USD,2026-07-31T03:01:36.147Z
collection,binder,Temple of Silence,FDN,Foundations,704,normal,rare,1,100409,408ad759-052a-4949-9adf-7541cb2ef77e,0.16,false,false,near_mint,en,USD,2026-07-31T03:01:36.148Z
collection,binder,Orzhov Guildgate,FDN,Foundations,692,normal,common,1,100952,a917be03-0c17-4454-b044-c4375e5c8085,0.13,false,false,near_mint,en,USD,2026-07-31T03:01:36.149Z
collection,binder,Adarkar Wastes,DSC,Duskmourn: House of Horror Commander,258,normal,rare,1,99105,395ed6cd-8027-4b11-a1ce-5f0bbbd2a50b,0.34,false,false,near_mint,en,USD,2026-07-31T03:01:36.150Z
collection,binder,Survivors' Encampment,PLST,The List,HOU-184,normal,common,1,97848,7120095d-8c94-4e22-9602-678bce38c997,0.34,false,false,near_mint,en,USD,2026-07-31T03:01:36.151Z
collection,binder,Exotic Orchard,DSC,Duskmourn: House of Horror Commander,275,normal,rare,1,99274,a0e58240-0a3e-4abf-b296-b97045de4677,0.23,false,false,near_mint,en,USD,2026-07-31T03:01:36.152Z
collection,binder,Command Tower,DSC,Duskmourn: House of Horror Commander,96,normal,common,2,98781,129d1bbd-83ad-4953-bf6d-b55989b2529c,0.48,false,false,near_mint,en,USD,2026-07-31T03:01:36.154Z
collection,binder,Thriving Moor,J25,Foundations Jumpstart,779,normal,common,1,100452,48760243-5614-46cd-b487-2ec09638921a,0.23,false,false,near_mint,en,USD,2026-07-31T03:01:36.155Z
collection,binder,Shire Terrace,LTR,The Lord of the Rings: Tales of Middle-earth,261,normal,common,1,82936,25932483-58cd-4ae5-82bf-ab455177d117,0.28,false,false,near_mint,en,USD,2026-07-31T03:01:36.157Z
collection,binder,Terrain Generator,PLST,The List,NEM-143,normal,uncommon,1,98051,94af4ee1-bb2e-4783-a768-2610dc801bc6,1.35,false,false,near_mint,en,USD,2026-07-31T03:01:36.158Z
collection,binder,Terramorphic Expanse,DSK,Duskmourn: House of Horror,269,normal,common,4,98901,b379c8f1-817c-4f18-8f58-45c40504433e,0.26,false,false,near_mint,en,USD,2026-07-31T03:01:36.160Z
collection,binder,Evolving Wilds,DSC,Duskmourn: House of Horror Commander,274,normal,common,2,99386,e524216c-ed35-49a3-868f-7ad0a0027a80,0.3,false,false,near_mint,en,USD,2026-07-31T03:01:36.161Z
collection,binder,Smoldering Marsh,PIP,Fallout,292,normal,rare,1,92190,567e219b-2961-4f02-9be0-7776210b62b0,0.37,false,false,near_mint,en,USD,2026-07-31T03:01:36.162Z
collection,binder,Nomad Outpost,PLST,The List,DMC-222,normal,uncommon,1,98127,a3ba4408-a55f-414f-9088-9b40e6e3d498,0.24,false,false,near_mint,en,USD,2026-07-31T03:01:36.163Z
collection,binder,Bloodthrone Vampire,PLST,The List,ROE-98,normal,common,1,97411,1efd76f1-4dc8-4689-aeeb-3923d9d1910a,0.17,false,false,near_mint,en,USD,2026-07-31T03:01:36.164Z
collection,binder,Scoured Barrens,FDN,Foundations,266,normal,common,2,100277,2632a4b2-9ca6-4b67-9a99-14f52ad3dc41,0.31,false,false,near_mint,en,USD,2026-07-31T03:01:36.098Z
collection,binder,Scoured Barrens,NEO,Kamigawa: Neon Dynasty,274,normal,common,2,66848,00538414-90f3-41da-b67e-d81cfa643de3,0.25,false,false,near_mint,en,USD,2026-07-31T03:01:36.104Z
collection,binder,Wind-Scarred Crag,FDN,Foundations,271,normal,common,2,100684,759e99df-11a8-4aee-b6bc-344e84e10d94,0.31,false,false,near_mint,en,USD,2026-07-31T03:01:36.118Z
collection,binder,Stone Quarry,ACR,Assassin's Creed,300,normal,uncommon,3,95298,16e66e29-ef63-4faa-b60f-8a128800e093,0.16,false,false,near_mint,en,USD,2026-07-31T03:01:36.125Z
collection,binder,Bloodfell Caves,FDN,Foundations,259,normal,common,4,100806,8b90dc92-cb66-41d9-89f9-2b6e3cfc8082,0.31,false,false,near_mint,en,USD,2026-07-31T03:01:36.138Z
collection,binder,Ash Barrens,DSC,Duskmourn: House of Horror Commander,260,normal,common,2,98891,a881be73-7b22-418f-bf20-a07400b3b836,0.28,false,false,near_mint,en,USD,2026-07-31T03:01:36.156Z
collection,binder,Bloody Betrayal,VOW,Innistrad: Crimson Vow,147,normal,common,4,64301,8970a5d6-dcab-415a-851b-20e228ef7d16,0.26,false,false,near_mint,en,USD,2026-07-31T05:23:50.196Z
collection,binder,Worst Fears,MB2,Mystery Booster 2,52,normal,mythic,1,96624,055f5a1e-a59f-4ab8-acd5-13a498e2fdf3,0.66,false,false,near_mint,en,USD,2026-07-31T05:23:50.198Z
collection,binder,Pox,MB2,Mystery Booster 2,185,normal,rare,1,96694,254bc167-ae0d-4ab5-b139-e70d7c19b826,2.94,false,false,near_mint,en,USD,2026-07-31T05:23:50.199Z
collection,binder,Disturbed Burial,PLST,The List,TMP-129,normal,common,1,97959,85722ed1-fda8-4c61-817d-89ac85743f57,0.17,false,false,near_mint,en,USD,2026-07-31T05:23:50.201Z
collection,binder,Sign in Blood,PLST,The List,M10-112,normal,common,2,97681,51f3fa4d-c326-4b3f-a2c2-a80e2083d7de,0.39,false,false,near_mint,en,USD,2026-07-31T05:23:50.203Z
collection,binder,Rupture,PLST,The List,NEM-97,normal,uncommon,1,97838,6f3becdf-4019-43a4-999b-15b83fe53b8e,0.16,false,false,near_mint,en,USD,2026-07-31T05:23:50.204Z
collection,binder,Villainous Wrath,SPM,Marvel's Spider-Man,74,normal,rare,1,108664,d78e36fd-5817-4c4a-8880-dabe6dd4ba81,0.66,false,false,near_mint,en,USD,2026-07-31T05:23:50.205Z
collection,binder,Fracture,PLST,The List,STX-188,normal,uncommon,1,97517,331c7cc7-0546-4852-a333-bce590201189,0.33,false,false,near_mint,en,USD,2026-07-31T05:23:50.206Z
collection,binder,Sheoldred's Edict,PLST,The List,ONE-108,normal,uncommon,1,97952,838201e5-42ec-426e-b24d-6ca77140cd07,1.0,false,false,near_mint,en,USD,2026-07-31T05:23:50.207Z
collection,binder,To Arms!,PLST,The List,GPT-20,normal,uncommon,1,97459,27fa347b-4025-4330-a56e-46411618eac8,0.2,false,false,near_mint,en,USD,2026-07-31T05:23:50.208Z
collection,binder,Path to Exile,PIP,Fallout,169,normal,uncommon,1,92107,437e42e1-a8b5-49db-885b-e7e1a06db59d,1.64,false,false,near_mint,en,USD,2026-07-31T05:23:50.210Z
collection,binder,Mortify,FDN,Foundations,662,normal,uncommon,1,100793,88e85619-3a7d-48c2-b9b0-20718c913696,0.21,false,false,near_mint,en,USD,2026-07-31T05:23:50.211Z
collection,binder,Anguished Unmaking,PIP,Fallout,209,normal,rare,1,91984,272e0f42-a881-4ee2-94a5-2c740863aa74,2.04,false,false,near_mint,en,USD,2026-07-31T05:23:50.212Z
collection,binder,Utter End,DSC,Duskmourn: House of Horror Commander,91,normal,rare,1,98955,1819a0af-0775-431d-9637-13f8f10830f5,0.3,false,false,near_mint,en,USD,2026-07-31T05:23:50.213Z
collection,binder,Mortify,LTC,Tales of Middle-earth Commander,269,normal,uncommon,1,82812,000d913b-adc4-4075-83d9-4a510280c91e,0.32,false,false,near_mint,en,USD,2026-07-31T05:23:50.214Z
collection,binder,Terminate,PLST,The List,CMA-195,normal,common,1,47859,da7af2a9-5199-4339-a873-942136ddb231,0.57,false,false,near_mint,en,USD,2026-07-31T05:23:50.215Z
collection,binder,Boros Charm,OTC,Outlaws of Thunder Junction Commander,216,normal,uncommon,1,93480,0f375bb9-1294-4f43-8f0c-504ed6cfb7d0,5.13,false,false,near_mint,en,USD,2026-07-31T05:23:50.216Z
collection,binder,Big Score,PLST,The List,SNC-102,normal,common,1,98025,90f8a36e-2129-4bd4-870a-a998afaec199,0.71,false,false,near_mint,en,USD,2026-07-31T05:23:50.220Z
collection,binder,Batwing Brume,PLST,The List,EVE-81,normal,uncommon,1,97506,31813db2-cc97-4c68-8933-829d3b9e036d,4.6,false,false,near_mint,en,USD,2026-07-31T05:23:50.223Z
collection,binder,Vampiric Rites,WOT,Wilds of Eldraine: Enchanting Tales,37,normal,uncommon,1,85466,6854dc06-4845-4201-958b-2fdad3f7b64a,0.36,false,false,near_mint,en,USD,2026-07-31T05:23:50.224Z
collection,binder,Grievous Wound,DSK,Duskmourn: House of Horror,416,foil,rare,1,98738,bea4b0aa-7ed8-4e1c-867b-50754447f41b,0.7,false,false,near_mint,en,USD,2026-07-31T05:23:50.225Z
collection,binder,Benevolent Blessing,CMR,Commander Legends,13,normal,common,1,56002,0d5c2401-da2c-46f9-b850-f37edcbb85cd,0.32,false,false,near_mint,en,USD,2026-07-31T05:23:50.227Z
collection,binder,Maximum Carnage,SPM,Marvel's Spider-Man,83,normal,rare,1,108645,7d72d867-6ed2-4900-a8ae-9d86f581ce32,0.6,false,false,near_mint,en,USD,2026-07-31T05:23:50.228Z
collection,binder,Noble Purpose,PLST,The List,MMQ-32,normal,uncommon,1,98558,fa12a453-5fc2-4434-8b5b-42e03b7aab2d,0.24,false,false,near_mint,en,USD,2026-07-31T05:23:50.229Z
collection,binder,Into the Pit,DSC,Duskmourn: House of Horror Commander,20,normal,rare,1,99329,bf2fe1f5-0df5-4126-b760-8f3fef9c2ccc,0.44,false,false,near_mint,en,USD,2026-07-31T05:23:50.230Z
collection,binder,Leyline of the Void,MB2,Mystery Booster 2,44,normal,rare,1,96938,9a6b4431-7f2f-4dea-ba90-ea80d56b39bd,0.42,false,false,near_mint,en,USD,2026-07-31T05:23:50.231Z
collection,binder,Marchesa's Decree,PLST,The List,CN2-44,normal,uncommon,1,97275,0528de36-46c6-496c-8514-2944423b3e64,0.85,false,false,near_mint,en,USD,2026-07-31T05:23:50.232Z
collection,binder,Onslaught,PLST,The List,EXO-92,normal,common,1,97335,0f6fb873-6ae7-4da3-9ac5-de7ff40f8e36,0.16,false,false,near_mint,en,USD,2026-07-31T05:23:50.233Z
collection,binder,Stony Silence,MB2,Mystery Booster 2,21,normal,rare,1,96766,4727d08d-1aca-4003-9211-39e96cc61e5f,0.66,false,false,near_mint,en,USD,2026-07-31T05:23:50.234Z
collection,binder,Marshland Bloodcaster,OTC,Outlaws of Thunder Junction Commander,139,normal,rare,1,93616,4db8bd3e-2554-40eb-8e6d-d2eb589d9344,0.34,false,false,near_mint,en,USD,2026-07-31T05:23:50.235Z
collection,binder,Whispersilk Cloak,DSC,Duskmourn: House of Horror Commander,257,normal,uncommon,1,99165,5a12bfaf-7481-4e6a-98c8-6308d075382b,4.46,false,false,near_mint,en,USD,2026-07-31T05:23:50.236Z
collection,binder,God-Pharaoh's Statue,PLST,The List,WAR-238,normal,uncommon,1,98572,fc58c3a9-c049-4993-9b3a-689288d349b3,0.69,false,false,near_mint,en,USD,2026-07-31T05:23:50.237Z
collection,binder,Meekstone,MB2,Mystery Booster 2,227,normal,rare,1,96648,0de14efd-ce55-4cb8-87d1-f3d1b127247e,5.55,false,false,near_mint,en,USD,2026-07-31T05:23:50.238Z
collection,binder,Tormod's Crypt,MB2,Mystery Booster 2,235,normal,uncommon,1,96739,3d75c583-4150-406b-b0e2-5c7610e77a6b,2.02,false,false,near_mint,en,USD,2026-07-31T05:23:50.239Z
collection,binder,Ensnaring Bridge,MB2,Mystery Booster 2,219,normal,rare,1,96822,67a052ea-d717-4c01-87bb-9e4d7f66785e,6.77,false,false,near_mint,en,USD,2026-07-31T05:23:50.240Z
collection,binder,Arcane Signet,DSC,Duskmourn: House of Horror Commander,92,normal,common,2,98793,211a1d86-7257-4621-ae05-c2b235c063f0,0.64,false,false,near_mint,en,USD,2026-07-31T05:23:50.241Z
collection,binder,Sol Ring,DSC,Duskmourn: House of Horror Commander,94,normal,uncommon,2,98862,82f1a8a3-7fdb-49a3-9649-b5c0b4755cd5,1.9,false,false,near_mint,en,USD,2026-07-31T05:23:50.242Z
collection,binder,Commander's Sphere,DSC,Duskmourn: House of Horror Commander,244,normal,common,2,99282,a4ce6b63-0b38-4582-94d5-c733af087038,0.28,false,false,near_mint,en,USD,2026-07-31T05:23:50.243Z
collection,binder,Reaper's Talisman,PLST,The List,AFR-117,normal,uncommon,1,98560,fa474798-9a75-4919-a492-f98cd1c97188,0.15,false,false,near_mint,en,USD,2026-07-31T05:23:50.244Z
collection,binder,Sinister Monolith,BLB,Bloomburrow,113,normal,uncommon,1,96012,2a15e06c-2608-4e7a-a16c-d35417669d86,0.26,false,false,near_mint,en,USD,2026-07-31T05:23:50.245Z
collection,binder,Mithril Coat,LTR,The Lord of the Rings: Tales of Middle-earth,245,normal,rare,1,82856,0fd1fc09-a09d-45e6-8a07-3a8a83b4e6ec,32.3,false,false,near_mint,en,USD,2026-07-31T05:23:50.246Z
collection,binder,Nighthawk Scavenger,OTC,Outlaws of Thunder Junction Commander,144,normal,rare,1,93598,47433ce9-1ac6-4359-a5e4-4ec68490cb0c,0.39,false,false,near_mint,en,USD,2026-07-31T05:23:50.248Z
collection,binder,Vampire of the Dire Moon,PLST,The List,M20-120,normal,uncommon,2,97311,0bae71ca-2025-417f-bbd5-57fc3e367055,0.52,false,false,near_mint,en,USD,2026-07-31T05:23:50.250Z
collection,binder,Profane Memento,M15,Magic 2015,226,normal,uncommon,1,13626,f2c97632-3cf1-4b79-9d18-d8991654dcca,1.28,false,false,near_mint,en,USD,2026-07-31T05:23:50.251Z
collection,binder,Glorifier of Dusk,CLU,Ravnica: Clue Edition,62,normal,uncommon,1,90929,67570c1a-7107-41fb-bc09-a9d0c6d79b2b,0.34,false,false,near_mint,en,USD,2026-07-31T05:23:50.253Z
collection,binder,Vizkopa Vampire,CLU,Ravnica: Clue Edition,217,normal,common,1,90801,3b4404a1-b1ab-4a11-98b0-fe3b6723fcb8,0.21,false,false,near_mint,en,USD,2026-07-31T05:23:50.254Z
collection,binder,Vanguard of the Rose,LCI,The Lost Caverns of Ixalan,42,foil,uncommon,1,88222,0200c504-9137-4bc2-9cd4-eaf0643a2855,0.18,false,false,near_mint,en,USD,2026-07-31T05:23:50.255Z
collection,binder,Carrier Thrall,PLST,The List,2X2-72,normal,common,1,97512,323f2462-187d-479b-9987-b7a81837fa88,0.11,false,false,near_mint,en,USD,2026-07-31T05:23:50.256Z
collection,binder,"Astarion, the Decadent",CLB,Commander Legends: Battle for Baldur's Gate,265,normal,rare,1,69072,64d932b9-5682-4427-a871-7d452a488674,1.33,false,false,near_mint,en,USD,2026-07-31T05:23:50.257Z
collection,binder,Bloodtithe Harvester,INR,Innistrad Remastered,233,foil,uncommon,1,102723,ae4aec0d-c853-44e6-9f51-cbecf413ea14,0.33,false,false,near_mint,en,USD,2026-07-31T05:23:50.258Z
collection,binder,Hero's Downfall,PLST,The List,VOW-120,normal,uncommon,2,97583,3f6e5fb9-215f-4c12-a5d2-1166c19d60b4,0.15,false,false,near_mint,en,USD,2026-07-31T05:23:50.221Z
collection,binder,Chromatic Lantern,ONC,Phyrexia: All Will Be One Commander,127,normal,rare,1,78574,5df8ba21-7522-4163-a801-0e967c0ccf99,1.64,false,false,near_mint,en,USD,2026-07-31T05:37:01.506Z
collection,binder,Kaalia of the Vast,2X2,Double Masters 2022,235,normal,mythic,1,70381,93f6631f-f3a6-4d3c-8618-4b4ab4e82483,4.69,false,false,near_mint,en,USD,2026-07-31T05:37:01.507Z
collection,binder,Serra the Benevolent,MH1,Modern Horizons,26,normal,mythic,1,44908,88bf4af9-4b14-43e7-9d50-0e6a895cece1,7.66,false,false,near_mint,en,USD,2026-07-31T05:37:01.508Z
collection,binder,"Varragoth, Bloodsky Sire",KHM,Kaldheim,115,normal,rare,1,57142,efa8dbf0-4e5a-452b-826f-5813e8cd9d85,4.59,false,false,near_mint,en,USD,2026-07-31T05:37:01.509Z
collection,binder,Doomsday Excruciator,DSK,Duskmourn: House of Horror,346,normal,rare,1,95599,50f9cecb-0ff7-4837-a8c5-4af394834e2c,1.17,false,false,near_mint,en,USD,2026-07-31T05:37:01.510Z
collection,binder,Serra's Emissary,MH2,Modern Horizons 2,30,normal,mythic,1,59764,b6534049-3045-4546-b1e8-e5b1b0df5f56,7.25,false,false,near_mint,en,USD,2026-07-31T05:37:01.511Z
collection,binder,"Sephara, Sky's Blade",M20,Core Set 2020,36,normal,rare,1,45425,bc95881b-8fbf-4d82-b631-5e4404ccc28a,3.35,false,false,near_mint,en,USD,2026-07-31T05:37:01.512Z
collection,binder,Rune-Scarred Demon,PLST,The List,IMA-106,normal,rare,1,48594,700b44b8-6f47-4f38-8351-e4908cf23d3e,0.92,false,false,near_mint,en,USD,2026-07-31T05:37:01.513Z
collection,binder,Reya Dawnbringer,CNS,Conspiracy,79,normal,rare,1,14341,d4cd8daf-221b-4320-9c9a-b7470911227a,3.84,false,false,near_mint,en,USD,2026-07-31T05:37:01.514Z
collection,binder,"Ob Nixilis, Unshackled",2X2,Double Masters 2022,84,normal,rare,1,70291,6c727f49-833a-4b79-9946-bfbc6b06999c,5.1,false,false,near_mint,en,USD,2026-07-31T05:37:01.515Z
collection,binder,"Mogis, God of Slaughter",SLD,Secret Lair Drop,9994,foil,mythic,1,94289,cff7be28-275e-4a02-a4c6-f3040d64b9a8,11.41,false,false,near_mint,en,USD,2026-07-31T05:37:01.516Z
collection,binder,Master of Cruelties,2X2,Double Masters 2022,251,normal,mythic,1,70116,25266b22-3cee-4ac8-91e8-5a23fbaa457a,5.24,false,false,near_mint,en,USD,2026-07-31T05:37:01.517Z
collection,binder,"Liesa, Forgotten Archangel",MID,Innistrad: Midnight Hunt,232,normal,rare,2,63242,532fca6b-f788-43f8-b29f-7273e7a48449,1.65,false,false,near_mint,en,USD,2026-07-31T05:37:01.518Z
collection,binder,"Gisela, Blade of Goldnight",MKC,Murders at Karlov Manor Commander,211,normal,mythic,1,90447,900b8908-ba51-472e-ab7a-43bd07f90577,5.39,false,false,near_mint,en,USD,2026-07-31T05:37:01.519Z
collection,binder,"Feather, the Redeemed",SLD,Secret Lair Drop,1602★,foil,rare,1,94277,3563fe38-f690-40e9-96a6-6ce333b2cfcc,34.68,false,false,near_mint,en,USD,2026-07-31T05:37:01.520Z
collection,binder,Dread Cacodemon,CMD,Commander 2011,79,normal,rare,1,19535,ed5d7539-e27c-46b6-8029-744c3b5fbfd8,3.58,false,false,near_mint,en,USD,2026-07-31T05:37:01.521Z
collection,binder,Drana and Linvala,MOM,March of the Machine,222,normal,rare,1,80469,bbda000f-3cf7-48b6-96ff-c23a3a64eab5,7.83,false,false,near_mint,en,USD,2026-07-31T05:37:01.522Z
collection,binder,Demon of Loathing,THB,Theros Beyond Death,292,normal,rare,1,46770,57564f6f-7c99-4325-8a0e-22342e73767b,0.53,false,false,near_mint,en,USD,2026-07-31T05:37:01.523Z
collection,binder,Bloodthirster,40K,"Warhammer 40,000 Commander",73,normal,rare,1,72529,ccbb3a6d-7e75-46c7-a91f-db4cf8d003af,31.65,false,false,near_mint,en,USD,2026-07-31T05:37:01.524Z
collection,binder,Bloodletter of Aclazotz,LCI,The Lost Caverns of Ixalan,92,normal,mythic,1,88928,d4f6027a-003a-4f9d-929a-0b6da1fa42c9,36.16,false,false,near_mint,en,USD,2026-07-31T05:37:01.525Z
collection,binder,"Avacyn, Angel of Hope",IMA,Iconic Masters,11,normal,mythic,1,3614,ddb92ef6-0ef8-4b1d-8a45-3064fea23926,38.57,false,false,near_mint,en,USD,2026-07-31T05:37:01.526Z
collection,binder,"Aurelia, the Warleader",GTC,Gatecrash,143,normal,mythic,1,16681,4ec18e35-05e4-4bfc-b32b-c3e71c95a71d,7.71,false,false,near_mint,en,USD,2026-07-31T05:37:01.527Z
collection,binder,"Aurelia, Exemplar of Justice",RVR,Ravnica Remastered,436,normal,mythic,1,89677,4ffd09d4-d548-445a-95e3-2dde23fe29e3,17.38,false,false,near_mint,en,USD,2026-07-31T05:37:01.528Z
collection,binder,"Athreos, God of Passage",JOU,Journey into Nyx,146,normal,mythic,1,14503,52705c53-883e-4b6a-9c08-3fa35f6f17d5,15.1,false,false,near_mint,en,USD,2026-07-31T05:37:01.529Z
collection,binder,Archfiend of Depravity,FRF,Fate Reforged,62,normal,rare,1,12064,22e343b5-37d6-44f6-be24-66313f18c246,1.66,false,false,near_mint,en,USD,2026-07-31T05:37:01.530Z
collection,binder,Angelic Arbiter,JMP,Jumpstart,86,normal,rare,1,51345,8637d263-5d7e-45bc-aad3-d97f57e6898e,4.8,false,false,near_mint,en,USD,2026-07-31T05:37:01.531Z
collection,binder,Angel of Serenity,C21,Commander 2021,83,normal,mythic,1,58581,60301fbc-1bd4-4c37-ad19-660d625a090a,1.27,false,false,near_mint,en,USD,2026-07-31T05:37:01.532Z
collection,binder,Angel of Despair,UMA,Ultimate Masters,196,normal,uncommon,1,43320,a07809b2-dabe-4242-84c3-fd640d7d5998,1.63,false,false,near_mint,en,USD,2026-07-31T05:37:01.533Z
collection,binder,Unburial Rites,AFC,Forgotten Realms Commander,111,normal,uncommon,1,60716,56b386bf-4678-43ab-80a2-a79e3c50bac1,0.38,false,false,near_mint,en,USD,2026-07-31T05:37:01.534Z
collection,binder,Ruination,SLD,Secret Lair Drop,9993,foil,rare,1,94287,c23ad3c3-da9c-4233-9d7c-2c786e860dd3,5.49,false,false,near_mint,en,USD,2026-07-31T05:37:01.536Z
collection,binder,Read the Bones,THS,Theros,101,normal,common,1,15563,dbbdbf1a-2d15-4291-aa19-614f854d8cb3,0.31,false,false,near_mint,en,USD,2026-07-31T05:37:01.537Z
collection,binder,Open the Armory,CMR,Commander Legends,34,normal,uncommon,1,56097,6db45698-9da9-4cea-b9bf-0f84ab276b51,2.57,false,false,near_mint,en,USD,2026-07-31T05:37:01.538Z
collection,binder,Night's Whisper,EMA,Eternal Masters,100,normal,common,1,8575,e4638720-a55d-4c3b-b57d-2d028db5894d,0.56,false,false,near_mint,en,USD,2026-07-31T05:37:01.539Z
collection,binder,Farewell,NEO,Kamigawa: Neon Dynasty,13,normal,rare,1,66822,e1068723-d1ef-4007-97d9-b10dccdbade4,5.33,false,false,near_mint,en,USD,2026-07-31T05:37:01.540Z
collection,binder,Diabolic Tutor,SLD,Secret Lair Drop,1592,foil,rare,1,95576,df6ba63e-0168-45e4-abf3-f7a5b87a4b85,12.14,false,false,near_mint,en,USD,2026-07-31T05:37:01.541Z
collection,binder,Demonic Tutor,3ED,Revised Edition,105,normal,uncommon,1,41320,881e5922-b464-4a1a-b074-664bd6c0a7f6,66.87,false,false,near_mint,en,USD,2026-07-31T05:37:01.542Z
collection,binder,Damn,LCC,The Lost Caverns of Ixalan Commander,191,normal,rare,1,88647,84056124-1a6f-4274-bee2-74cf0debddb5,1.82,false,false,near_mint,en,USD,2026-07-31T05:37:01.543Z
collection,binder,Chandra's Ignition,SLD,Secret Lair Drop,1594★,foil,rare,1,94281,4ec9ffa6-3f61-448a-a5ab-68eeef29ff45,31.24,false,false,near_mint,en,USD,2026-07-31T05:37:01.544Z
collection,binder,Demonic Counsel,DSK,Duskmourn: House of Horror,310,normal,rare,1,98682,fa9defeb-d28e-451e-9333-914394231fbb,2.22,false,false,near_mint,en,USD,2026-07-31T05:37:01.545Z
collection,binder,Bolt Bend,WAR,War of the Spark,115,normal,uncommon,1,44289,39b35408-3728-4e1b-9f58-b0775df914d6,3.32,false,false,near_mint,en,USD,2026-07-31T05:37:01.546Z
collection,binder,Swords to Plowshares,PIP,Fallout,173,normal,uncommon,1,92845,ed55827d-1d72-4884-8a4f-fe7acbedab2c,1.49,false,false,near_mint,en,USD,2026-07-31T05:37:01.547Z
collection,binder,Path to Exile,OTP,Breaking News,6,normal,rare,1,93299,aa112736-7596-448a-be2f-0798acb3b2ee,1.78,false,false,near_mint,en,USD,2026-07-31T05:37:01.548Z
collection,binder,Fracture,SOC,Secrets of Strixhaven Commander,310,normal,uncommon,1,112124,cba33bf7-0919-408c-8eb0-0bb9fe920c81,0.3,false,false,near_mint,en,USD,2026-07-31T05:37:01.549Z
collection,binder,Doom Blade,SLD,Secret Lair Drop,9990,foil,rare,1,94278,3da9358b-cfe4-4e95-9a9e-a236d6373dcf,3.71,false,false,near_mint,en,USD,2026-07-31T05:37:01.550Z
collection,binder,Tainted Aether,USG,Urza's Saga,161,normal,rare,1,35807,d1dd33a1-1603-4368-9c32-e4c9fd6ecd08,17.01,false,false,near_mint,en,USD,2026-07-31T05:37:01.551Z
collection,binder,Sneak Attack,WOT,Wilds of Eldraine: Enchanting Tales,79,normal,mythic,1,85567,8fb31436-4b39-421e-a7e0-cdf172823665,12.87,false,false,near_mint,en,USD,2026-07-31T05:37:01.552Z
collection,binder,Rising of the Day,LTR,The Lord of the Rings: Tales of Middle-earth,427,foil,uncommon,1,83208,7a06a653-eca1-4fee-add5-45d2594885c3,1.21,false,false,near_mint,en,USD,2026-07-31T05:37:01.553Z
collection,binder,Rampage of the Valkyries,KHM,Kaldheim,393,normal,uncommon,1,56774,1e928b7c-ca30-4e2d-adf7-965f111c8bf1,2.23,false,false,near_mint,en,USD,2026-07-31T05:37:01.554Z
collection,binder,Phyrexian Reclamation,PLST,The List,C15-133,normal,uncommon,1,48621,433683e2-af31-4967-aa8d-e7577d24d15b,4.87,false,false,near_mint,en,USD,2026-07-31T05:37:01.555Z
collection,binder,Oubliette,PLST,The List,2XM-100,normal,uncommon,1,55027,96ccfecd-0dab-426a-8897-86c73934d21d,2.41,false,false,near_mint,en,USD,2026-07-31T05:37:01.556Z
collection,binder,Land Tax,WOT,Wilds of Eldraine: Enchanting Tales,9,normal,mythic,1,85725,cb8796fd-ebf4-4fe3-b785-f48c65ff8257,21.48,false,false,near_mint,en,USD,2026-07-31T05:37:01.557Z
collection,binder,Ghostly Prison,KHC,Kaldheim Commander,26,normal,uncommon,1,57191,1132a103-3dd7-4a17-afdc-27200b8cfbfc,5.96,false,false,near_mint,en,USD,2026-07-31T05:37:01.558Z
collection,binder,Aggravated Assault,WOT,Wilds of Eldraine: Enchanting Tales,76,normal,rare,1,85625,a5e5ec5c-c50d-4c26-a7ad-f28124c35f9b,29.02,false,false,near_mint,en,USD,2026-07-31T05:37:01.559Z
collection,binder,Sensei's Divining Top,MB2,Mystery Booster 2,231,normal,uncommon,1,97129,f421a21a-763f-479b-bcc3-2abae29098d7,39.15,false,false,near_mint,en,USD,2026-07-31T05:37:01.561Z
collection,binder,Talisman of Hierarchy,PIP,Fallout,247,normal,uncommon,1,92507,9b55b6cb-820c-4782-9f63-e04fe46e02d2,0.65,false,false,near_mint,en,USD,2026-07-31T05:37:01.562Z
collection,binder,Swiftfoot Boots,TDC,Tarkir: Dragonstorm Commander,328,normal,uncommon,1,104473,1969b151-3192-4d35-80ca-c4e180601ec8,3.3,false,false,near_mint,en,USD,2026-07-31T05:37:01.563Z
collection,binder,Sol Ring,SLD,Secret Lair Drop,1604,foil,rare,1,95560,65b145dd-8529-4bff-b381-b4be53f24b54,77.68,false,false,near_mint,en,USD,2026-07-31T05:37:01.564Z
collection,binder,Mana Vault,4ED,Fourth Edition,334,normal,rare,2,39853,3be9942c-89b3-422f-bb9d-b55f51a22a37,96.19,false,false,near_mint,en,USD,2026-07-31T05:37:01.565Z
collection,binder,Lightning Greaves,PIP,Fallout,233,normal,uncommon,1,92445,8ec824ef-fd09-4f7e-a350-ac80005c261f,5.1,false,false,near_mint,en,USD,2026-07-31T05:37:01.566Z
collection,binder,Dark Ritual,4ED,Fourth Edition,129,normal,common,1,40058,3477f601-5374-4316-a74e-b5e198af482b,4.08,false,false,near_mint,en,USD,2026-07-31T05:37:01.568Z
collection,binder,Armageddon,3ED,Revised Edition,2,normal,rare,2,41423,605e9a62-53e4-4771-9730-56c78237004a,16.03,false,false,near_mint,en,USD,2026-07-31T05:37:01.569Z
collection,binder,Orzhov Guildgate,RVR,Ravnica Remastered,282,normal,common,1,89818,9c8694ee-1d30-4bc0-8318-60e8f5e38edf,0.21,false,false,near_mint,en,USD,2026-07-31T05:37:01.570Z
collection,binder,Rakdos Guildgate,RVR,Ravnica Remastered,284,normal,common,1,89891,c51f2857-e04d-44db-8d89-14f96388f2f1,0.22,false,false,near_mint,en,USD,2026-07-31T05:37:01.571Z
collection,binder,Boros Guildgate,RVR,Ravnica Remastered,274,normal,common,1,89588,1c8a60d9-1a6f-4bff-ae9e-da6e18a7eb89,0.27,false,false,near_mint,en,USD,2026-07-31T05:37:01.572Z
collection,binder,Thespian's Stage,SLD,Secret Lair Drop,1607,foil,rare,1,95575,d618c6b2-6ca2-4584-9926-b1d184c144bd,7.91,false,false,near_mint,en,USD,2026-07-31T05:37:01.573Z
collection,binder,"Urborg, Tomb of Yawgmoth",UMA,Ultimate Masters,254,normal,rare,1,43183,02e17705-739e-409f-a6fd-7bab22120b22,65.87,false,false,near_mint,en,USD,2026-07-31T05:37:01.575Z
collection,binder,Tainted Field,PIP,Fallout,298,normal,uncommon,1,92005,2c46db1a-7066-47bd-a033-cc55f9b4004e,0.38,false,false,near_mint,en,USD,2026-07-31T05:37:01.577Z
collection,binder,Seraph Sanctuary,SLD,Secret Lair Drop,1292,foil,rare,1,82187,5ec09c30-b1bb-4380-9c4a-f57c25c67a2e,13.17,false,false,near_mint,en,USD,2026-07-31T05:37:01.578Z
collection,binder,Savai Triome,IKO,Ikoria: Lair of Behemoths,312,normal,rare,1,49765,d21ef9e6-e2dd-4e0a-a36c-e07034ac4ba3,18.82,false,false,near_mint,en,USD,2026-07-31T05:37:01.579Z
collection,binder,Sacred Foundry,UNF,Unfinity,285,normal,rare,1,72914,c3142a41-8718-4955-9fec-18f3d4875493,26.84,false,false,near_mint,en,USD,2026-07-31T05:37:01.580Z
collection,binder,Reliquary Tower,DMC,Dominaria United Commander,227,normal,uncommon,1,71340,2bdb402f-b3a9-499c-8b00-31a36c3cba89,4.25,false,false,near_mint,en,USD,2026-07-31T05:37:01.581Z
collection,binder,Reflecting Pool,CLB,Commander Legends: Battle for Baldur's Gate,358,normal,rare,1,67501,18a1b3f5-473d-45ca-be0d-e67e77ba30ce,14.71,false,false,near_mint,en,USD,2026-07-31T05:37:01.582Z
collection,binder,Nomad Outpost,OTC,Outlaws of Thunder Junction Commander,306,normal,uncommon,1,93482,0f48687e-8ad2-4654-ab8c-8d278ef0d0a3,0.39,false,false,near_mint,en,USD,2026-07-31T05:37:01.583Z
collection,binder,Mortuary Mire,PIP,Fallout,272,normal,common,1,92026,31b7472f-48f5-4ab5-8896-3eee29d13d59,0.46,false,false,near_mint,en,USD,2026-07-31T05:37:01.585Z
collection,binder,Inspiring Vantage,SLD,Secret Lair Drop,1605★,foil,rare,1,94284,8b71132c-306a-4e37-a34a-777f1028e4a1,21.82,false,false,near_mint,en,USD,2026-07-31T05:37:01.586Z
collection,binder,Forlorn Flats,OTJ,Outlaws of Thunder Junction,258,normal,common,1,93273,963c100e-4e12-438f-b5ae-14391406dff6,0.26,false,false,near_mint,en,USD,2026-07-31T05:37:01.587Z
collection,binder,Evolving Wilds,AFR,Adventures in the Forgotten Realms,353,normal,common,1,60414,bf6069f2-7a32-4cb7-b2ab-ea6b51267cca,0.35,false,false,near_mint,en,USD,2026-07-31T05:37:01.588Z
collection,binder,"Eiganjo, Seat of the Empire",NEO,Kamigawa: Neon Dynasty,413,normal,rare,1,66735,7c31c48f-6275-4430-8dc9-05d70c332b7a,8.79,false,false,near_mint,en,USD,2026-07-31T05:37:01.589Z
collection,binder,Dragonskull Summit,PIP,Fallout,261,normal,rare,1,91857,09ed078f-74b4-4ae8-9b2f-6b7b629fff1f,0.71,false,false,near_mint,en,USD,2026-07-31T05:37:01.590Z
collection,binder,Desolate Mire,OTC,Outlaws of Thunder Junction Commander,287,normal,rare,1,93856,cdbc1ab4-c807-4e71-8cfe-e507cbd7fec7,0.63,false,false,near_mint,en,USD,2026-07-31T05:37:01.591Z
collection,binder,Command Tower,SLD,Secret Lair Drop,806,foil,rare,1,96588,7fe98f7c-e6c0-4632-96da-a4c2e1a1c094,54.85,false,false,near_mint,en,USD,2026-07-31T05:37:01.592Z
collection,binder,Canyon Slough,PIP,Fallout,256,normal,rare,1,92015,2e8c66f9-64af-48aa-b24b-3ef76596378a,0.31,false,false,near_mint,en,USD,2026-07-31T05:37:01.594Z
collection,binder,"Morlun, Devourer of Spiders",SPM,Marvel's Spider-Man,59,foil,rare,1,108621,1beb2eb9-90b5-43ba-8b04-cfce7dcb744b,0.54,false,false,near_mint,en,USD,2026-07-31T05:38:18.310Z
collection,binder,Alluring Suitor // Deadly Dancer,VOW,Innistrad: Crimson Vow,300,foil,uncommon,1,64288,8075878b-b673-4d0c-b335-8a37295cd8d8,0.15,false,false,near_mint,en,USD,2026-07-31T05:38:18.312Z
collection,binder,Falkenrath Celebrants,VOW,Innistrad: Crimson Vow,306,normal,common,4,64253,6aacc8fa-9440-494b-a3d9-7b1678c5a9f6,0.17,false,false,near_mint,en,USD,2026-07-31T05:38:18.313Z
collection,binder,Inevitable Defeat,TDM,Tarkir: Dragonstorm,360,normal,rare,1,105172,e4f049ce-6bc7-437d-a530-8c4278151569,0.48,false,false,near_mint,en,USD,2026-07-31T05:38:18.317Z
collection,binder,Terramorphic Expanse,ONE,Phyrexia: All Will Be One,261,normal,common,1,78568,5adceb34-78c7-40dd-af31-6fb282d577ca,0.23,false,false,near_mint,en,USD,2026-07-31T05:38:18.321Z
collection,binder,Thriving Heath,DSC,Duskmourn: House of Horror Commander,315,normal,common,1,99041,06329ca8-75b0-409d-bb80-6b9164f4e22a,0.25,false,false,near_mint,en,USD,2026-07-31T05:38:18.322Z
collection,binder,Wedding Invitation,VOW,Innistrad: Crimson Vow,260,normal,common,5,64438,ddc22ff6-4081-47ce-bc8a-e063f5f4d044,0.24,false,false,near_mint,en,USD,2026-07-31T05:38:18.323Z
collection,binder,Edgar Markov,INR,Innistrad Remastered,234,foil,mythic,1,100073,a577ba08-0aa8-45be-aa83-d5078770127c,50.23,false,false,near_mint,en,USD,2026-07-31T05:46:35.427Z
collection,binder,Veinwitch Coven,OTC,Outlaws of Thunder Junction Commander,151,normal,rare,1,93821,b88f7970-ccde-499a-ae68-eb74dd6c2639,1.17,false,false,near_mint,en,USD,2026-07-31T05:46:35.430Z
collection,binder,"Anje, Maid of Dishonor",VOW,Innistrad: Crimson Vow,231,normal,rare,1,64115,1bfac4ab-97f1-448c-8554-42ed03eb5656,0.39,false,false,near_mint,en,USD,2026-07-31T05:46:35.431Z
collection,binder,Belligerent Guest,VOW,Innistrad: Crimson Vow,301,normal,common,3,64319,924b1c15-811a-4d11-a481-f904002a6740,0.22,false,false,near_mint,en,USD,2026-07-31T05:46:35.432Z
collection,binder,Bloodtithe Harvester,VOW,Innistrad: Crimson Vow,232,normal,uncommon,1,64463,f0192cf7-3391-4720-b9c8-72dec5dde01e,0.25,false,false,near_mint,en,USD,2026-07-31T05:46:35.433Z
collection,binder,Falkenrath Forebear,VOW,Innistrad: Crimson Vow,291,normal,rare,1,64194,4a99150a-4ab0-4cac-8c25-eece703f8d58,0.27,false,false,near_mint,en,USD,2026-07-31T05:46:35.434Z
collection,binder,"Henrika Domnathi // Henrika, Infernal Seer",VOW,Innistrad: Crimson Vow,335,normal,mythic,1,64366,aafe47a8-0223-4c0b-b6ce-e25446a07c96,5.39,false,false,near_mint,en,USD,2026-07-31T05:46:35.435Z
collection,binder,Immersturm Predator,FDN,Foundations,660,normal,rare,1,100510,52dfc234-e87a-4594-8dcf-0a2f95eedc97,0.15,false,false,near_mint,en,USD,2026-07-31T05:46:35.436Z
collection,binder,"Kamber, the Plunderer",OTC,Outlaws of Thunder Junction Commander,137,normal,rare,1,93949,fc7714b3-bcbd-4a63-b517-53166e3facb1,0.37,false,false,near_mint,en,USD,2026-07-31T05:46:35.437Z
collection,binder,Markov Baron,PLST,The List,MAT-14,normal,uncommon,1,97708,56c533bf-00d9-4f85-841d-f5c20b003e08,0.31,false,false,near_mint,en,USD,2026-07-31T05:46:35.438Z
collection,binder,"Olivia, Crimson Bride",VOW,Innistrad: Crimson Vow,245,normal,mythic,1,64149,301dacc9-ef92-4515-b907-a70d6c3fd73e,8.82,false,false,near_mint,en,USD,2026-07-31T05:46:35.439Z
collection,binder,Olivia's Attendants,VOW,Innistrad: Crimson Vow,172,normal,rare,1,64429,d9702fa3-9323-4e2f-92c9-6c31df198af2,0.4,false,false,near_mint,en,USD,2026-07-31T05:46:35.440Z
collection,binder,Restless Bloodseeker // Bloodsoaked Reveler,VOW,Innistrad: Crimson Vow,128,normal,uncommon,1,64264,71f67ac0-7901-4248-9cb7-2200fb8f893e,0.23,false,false,near_mint,en,USD,2026-07-31T05:46:35.441Z
collection,binder,"Timothar, Baron of Bats",VOC,Crimson Vow Commander,4,normal,mythic,1,64599,a148447f-e3bd-4a49-a802-4d489f3c50d9,0.45,false,false,near_mint,en,USD,2026-07-31T05:46:35.442Z
collection,binder,Voldaren Epicure,VOW,Innistrad: Crimson Vow,308,normal,common,7,64489,feda6bb3-ee22-489c-bcfd-52ef04841024,0.23,false,false,near_mint,en,USD,2026-07-31T05:46:35.443Z
collection,binder,Welcoming Vampire,VOW,Innistrad: Crimson Vow,46,foil,rare,1,64428,d8f69cea-823c-482b-a605-8138b3d950e6,4.69,false,false,near_mint,en,USD,2026-07-31T05:46:35.444Z
collection,binder,Nowhere to Run,DSK,Duskmourn: House of Horror,111,normal,uncommon,1,95623,fee60e9d-9ee7-444a-88f3-c1929e1888fb,0.54,false,false,near_mint,en,USD,2026-07-31T05:46:35.446Z
collection,binder,All-Out Assault,TDM,Tarkir: Dragonstorm,167,foil,mythic,1,104348,b74876d8-f6a6-4b47-b960-b01a331bab01,3.66,false,false,near_mint,en,USD,2026-07-31T05:46:35.447Z
collection,binder,Dictate of Erebos,SLD,Secret Lair Drop,1713,normal,rare,1,95569,93789500-bcc5-40b0-991d-84d17cef95a6,34.96,false,false,near_mint,en,USD,2026-07-31T05:46:35.450Z
collection,binder,Descent into Avernus,CLB,Commander Legends: Battle for Baldur's Gate,169,normal,rare,1,69388,faadf72f-b2d5-4271-8d5c-a586acf63453,13.02,false,false,near_mint,en,USD,2026-07-31T05:46:35.451Z
collection,binder,Court of Ambition,CMR,Commander Legends,114,normal,rare,1,55700,5deb0185-62b3-474b-83a1-25473fdae4fa,6.06,false,false,near_mint,en,USD,2026-07-31T05:46:35.452Z
collection,binder,Stranglehold,SLD,Secret Lair Drop,1804,foil,rare,1,97242,ac1fe16c-93c3-43a3-80b9-112e82a7321e,6.84,false,false,near_mint,en,USD,2026-07-31T05:46:35.453Z
collection,binder,Damnation,SPG,Special Guests,68,normal,mythic,1,98652,93376e64-1086-43e1-9326-8cbe9f850233,24.72,false,false,near_mint,en,USD,2026-07-31T05:46:35.454Z
collection,binder,Torment of Hailfire,SLD,Secret Lair Drop,9992,foil,rare,1,94282,71fc8dff-4d26-4dfd-b279-d06e10cba54f,54.25,false,false,near_mint,en,USD,2026-07-31T05:46:35.455Z
collection,binder,Diabolic Tutor,CMD,Commander 2011,77,normal,uncommon,1,19537,0d1a33b3-f098-4043-90a3-721a924df37d,2.25,false,false,near_mint,en,USD,2026-07-31T05:46:35.456Z
collection,binder,Relentless Assault,MAR,Marvel Universe,25,normal,mythic,1,108588,e473a591-9aae-4af2-9b25-96820b317df8,6.09,false,false,near_mint,en,USD,2026-07-31T05:46:35.458Z
collection,binder,By Invitation Only,VOW,Innistrad: Crimson Vow,5,normal,rare,1,64182,46764e49-64da-4a94-b61c-75e006b2c5a9,0.35,false,false,near_mint,en,USD,2026-07-31T05:46:35.459Z
collection,binder,Culling the Weak,MB2,Mystery Booster 2,40,normal,common,1,97136,fadd63e6-a016-4b68-b329-90f013287764,6.85,false,false,near_mint,en,USD,2026-07-31T05:46:35.461Z
collection,binder,Swords to Plowshares,DSC,Duskmourn: House of Horror Commander,106,normal,uncommon,1,99297,b16321b6-3e28-424b-ac72-038cc4ed6458,1.29,false,false,near_mint,en,USD,2026-07-31T05:46:35.462Z
collection,binder,Path to Exile,MB2,Mystery Booster 2,15,normal,uncommon,1,96777,4f92d5e6-6834-47d4-8c1e-7eb425954bd3,1.19,false,false,near_mint,en,USD,2026-07-31T05:46:35.463Z
collection,binder,Feign Death,AFR,Adventures in the Forgotten Realms,103,normal,common,1,60199,32af7061-fca6-4a06-be3c-01881e6b96f7,1.06,false,false,near_mint,en,USD,2026-07-31T05:46:35.464Z
collection,binder,Static Orb,MB2,Mystery Booster 2,234,normal,rare,1,96977,add8f464-7357-46f1-b435-8ec6bea121c1,3.08,false,false,near_mint,en,USD,2026-07-31T05:46:35.466Z
collection,binder,Sol Ring,CMM,Commander Masters,703,normal,uncommon,1,84497,7454e0cc-98c2-48a1-b2c9-49908d2aedcc,9.51,false,false,near_mint,en,USD,2026-07-31T05:46:35.467Z
collection,binder,Cranial Ram,MH3,Modern Horizons 3,180,normal,common,1,94474,62993aa2-4804-43cc-910a-c51e794f8508,0.16,false,false,near_mint,en,USD,2026-07-31T05:46:35.469Z
collection,binder,Campfire,CLB,Commander Legends: Battle for Baldur's Gate,304,normal,uncommon,2,69253,ba581225-0966-4ff0-be04-1ad11f37937f,1.4,false,false,near_mint,en,USD,2026-07-31T05:46:35.470Z
collection,binder,Boros Signet,ONC,Phyrexia: All Will Be One Commander,126,normal,uncommon,1,78467,2c03c4c5-ee57-46a2-abdd-07d7dfe74fad,1.1,false,false,near_mint,en,USD,2026-07-31T05:46:35.473Z
collection,binder,Chromatic Lantern,DRC,Aetherdrift Commander,53,normal,rare,1,103169,9099b12d-8c5b-4e76-b7c4-260599e5a3b3,1.06,false,false,near_mint,en,USD,2026-07-31T05:46:35.474Z
collection,binder,Dolmen Gate,SLD,Secret Lair Drop,1806,foil,rare,1,97226,17518e8e-46ad-4730-b10b-b8875c0536b6,26.41,false,false,near_mint,en,USD,2026-07-31T05:46:35.475Z
collection,binder,Lightning Greaves,OTC,Outlaws of Thunder Junction Commander,260,normal,uncommon,1,93886,da9da49d-e319-4897-9ab6-57c7c69478a6,5.01,false,false,near_mint,en,USD,2026-07-31T05:46:35.476Z
collection,binder,Orzhov Signet,DSC,Duskmourn: House of Horror Commander,249,normal,uncommon,1,99133,4930d5ea-a6a9-4a87-9083-d5cd337cd7fa,0.36,false,false,near_mint,en,USD,2026-07-31T05:46:35.478Z
collection,binder,Rakdos Signet,OTC,Outlaws of Thunder Junction Commander,265,normal,uncommon,1,93533,2381f23b-f702-4c94-b261-59fb25330ddc,3.14,false,false,near_mint,en,USD,2026-07-31T05:46:35.479Z
collection,binder,"Sunhome, Fortress of the Legion",OTC,Outlaws of Thunder Junction Commander,324,normal,uncommon,1,93618,4ebb97da-e4d5-41ba-9a70-2a1de91f513c,0.33,false,false,near_mint,en,USD,2026-07-31T05:46:35.480Z
collection,binder,Rogue's Passage,OTC,Outlaws of Thunder Junction Commander,313,normal,uncommon,1,93597,45f5d989-d0df-4d6d-822b-cc76b415f9d1,0.48,false,false,near_mint,en,USD,2026-07-31T05:46:35.481Z
collection,binder,Arcane Lighthouse,MB2,Mystery Booster 2,102,normal,uncommon,1,96852,75cb2ae4-bb22-4c59-b3ee-f898b1cd0157,2.63,false,false,near_mint,en,USD,2026-07-31T05:46:35.482Z
collection,binder,Nomad Outpost,TDM,Tarkir: Dragonstorm,263,normal,uncommon,1,104868,a68fbeaa-941f-4d53-becd-f93ed22b9a54,0.28,false,false,near_mint,en,USD,2026-07-31T05:46:35.483Z
collection,binder,Path of Ancestry,DRC,Aetherdrift Commander,166,normal,common,1,103021,4898fba1-d692-4440-bfff-ae535bdc1ba8,0.22,false,false,near_mint,en,USD,2026-07-31T05:46:35.484Z
collection,binder,Exotic Orchard,DRC,Aetherdrift Commander,155,normal,rare,1,102910,0f31cb4c-c0f4-42fc-9661-723f78ee4d56,0.28,false,false,near_mint,en,USD,2026-07-31T05:46:35.486Z
collection,binder,Three Tree City,BLB,Bloomburrow,260,normal,rare,1,95785,56f88a48-cced-4a9d-8c19-e4f105f0d8a2,26.77,false,false,near_mint,en,USD,2026-07-31T05:46:35.487Z
collection,binder,Thriving Moor,DSC,Duskmourn: House of Horror Commander,317,normal,common,1,99201,7057e66a-8b5d-40d1-a685-124a8e0623c3,0.33,false,false,near_mint,en,USD,2026-07-31T05:46:35.489Z
collection,binder,Bojuka Bog,DSC,Duskmourn: House of Horror Commander,265,normal,common,2,99381,e286c618-ef42-433f-ade9-0c1235a295e3,1.19,false,false,near_mint,en,USD,2026-07-31T05:46:35.490Z
collection,binder,Reliquary Tower,DSC,Duskmourn: House of Horror Commander,295,normal,uncommon,1,99219,78a8c8ed-9afc-4855-bd6a-cf4e2335ecfa,4.27,false,false,near_mint,en,USD,2026-07-31T05:46:35.491Z
collection,binder,Evolving Wilds,VOW,Innistrad: Crimson Vow,263,normal,common,3,64453,e80fe230-745d-42ae-a1f5-a8cc950783d0,0.29,false,false,near_mint,en,USD,2026-07-31T05:46:35.492Z
collection,binder,Smoldering Marsh,OTC,Outlaws of Thunder Junction Commander,321,normal,rare,1,93698,756b85bd-c167-47d4-8b56-fd95ea86a1f6,0.35,false,false,near_mint,en,USD,2026-07-31T05:46:35.493Z
collection,binder,Sulfurous Springs,OTC,Outlaws of Thunder Junction Commander,323,normal,rare,1,93506,17330bbc-2c3d-414f-844e-b467d034c0d2,1.9,false,false,near_mint,en,USD,2026-07-31T05:46:35.494Z
collection,binder,Temple of Malice,OTC,Outlaws of Thunder Junction Commander,331,normal,rare,1,93904,e30da7eb-619b-4756-9ae6-f710e3f26862,0.39,false,false,near_mint,en,USD,2026-07-31T05:46:35.495Z
collection,binder,Tainted Peak,OTC,Outlaws of Thunder Junction Commander,327,normal,uncommon,1,93554,2cad9ddd-60f8-47c2-a2f6-c89d007620e7,0.82,false,false,near_mint,en,USD,2026-07-31T05:46:35.496Z
collection,binder,Isolated Chapel,OTC,Outlaws of Thunder Junction Commander,301,normal,rare,1,93809,af5398d1-804b-4a38-b16a-57a855e9c3b0,1.92,false,false,near_mint,en,USD,2026-07-31T05:46:35.497Z
collection,binder,Tainted Field,DSC,Duskmourn: House of Horror Commander,302,normal,uncommon,1,99338,c6eeab6f-a738-4005-91c2-a5f81df5c569,0.37,false,false,near_mint,en,USD,2026-07-31T05:46:35.498Z
collection,binder,Shattered Sanctum,VOW,Innistrad: Crimson Vow,283,normal,rare,1,64330,9885da74-30bd-461d-98ca-0dc72d817dbd,5.67,false,false,near_mint,en,USD,2026-07-31T05:46:35.499Z
collection,binder,Sundown Pass,INR,Innistrad Remastered,286,normal,rare,1,102426,12ca1b4f-3e98-4ad4-93fe-c4c2de09aa58,3.99,false,false,near_mint,en,USD,2026-07-31T05:46:35.501Z
collection,binder,Voldaren Estate,VOW,Innistrad: Crimson Vow,267,normal,rare,1,64130,2577e5fd-903a-44ce-989a-d53d56511ad3,0.31,false,false,near_mint,en,USD,2026-07-31T05:47:06.353Z
collection,binder,"O-Kagachi, Vengeful Kami",MB2,Mystery Booster 2,138,normal,mythic,2,97008,bc6ac0e9-7419-4a77-a144-d2983fc6aa6d,0.58,false,false,near_mint,en,USD,2026-08-01T01:33:55.531Z
collection,binder,Multiversal Passage,SPM,Marvel's Spider-Man,180,normal,rare,1,107889,f5fb426a-5618-4dd4-9c51-0cc847be8c1d,7.31,false,false,near_mint,en,USD,2026-08-01T01:33:55.532Z
collection,binder,Daily Bugle Building,SPM,Marvel's Spider-Man,179,normal,uncommon,1,108449,669bbcb1-0981-40e7-905e-b94e74bc4861,0.23,false,false,near_mint,en,USD,2026-08-01T01:33:55.533Z
collection,binder,Archway Commons,STX,Strixhaven: School of Mages,263,normal,common,1,58393,f6f6a2ff-7eb7-4680-af2b-e69ac88a65c9,0.14,false,false,near_mint,en,USD,2026-08-01T01:33:55.534Z
collection,binder,Seaside Citadel,PLST,The List,MKC-288,normal,uncommon,1,105462,eb5aeb6d-0e02-4441-9c5f-ec0889d77e39,0.31,false,false,near_mint,en,USD,2026-08-01T01:33:55.536Z
collection,binder,Armament Dragon,TDM,Tarkir: Dragonstorm,168,foil,uncommon,1,104469,17f61c01-0a41-4fa1-ac34-ffa83baad989,0.28,false,false,near_mint,en,USD,2026-08-01T01:33:55.537Z
collection,binder,Kin-Tree Severance,TDM,Tarkir: Dragonstorm,200,normal,uncommon,2,104896,b577e246-3377-42aa-856e-b9fa89f3603a,0.17,false,false,near_mint,en,USD,2026-08-01T01:33:55.538Z
collection,binder,"Ghired, Conclave Exile",PLST,The List,C19-42,normal,mythic,1,97961,85aac278-aade-4130-89a5-1a59357f62af,0.28,false,false,near_mint,en,USD,2026-08-01T01:33:55.539Z
collection,binder,Angel of Despair,PLST,The List,UMA-196,normal,uncommon,1,97984,89c4874c-e735-4f79-a2ca-161898aa8ae9,0.55,false,false,near_mint,en,USD,2026-08-01T01:33:55.540Z
collection,binder,Spitemare,PLST,The List,EVE-147,normal,uncommon,1,97630,49a90d9e-fbd0-4e5b-ac66-a839edf87b8a,0.43,false,false,near_mint,en,USD,2026-08-01T01:33:55.541Z
collection,binder,Intruding Soulrager,DSK,Duskmourn: House of Horror,218,normal,uncommon,1,98898,adffc298-0219-4807-ab05-d94460e767bc,0.12,false,false,near_mint,en,USD,2026-08-01T01:33:55.542Z
collection,binder,Effortless Master,TDM,Tarkir: Dragonstorm,181,normal,uncommon,2,104441,0ae03ca5-cd4b-42b7-8cd5-3f7e753b4147,0.06,false,false,near_mint,en,USD,2026-08-01T01:33:55.543Z
collection,binder,Nobody,TMT,Teenage Mutant Ninja Turtles,161,normal,common,1,111553,0966b8ff-61d3-4394-a357-97c35f042a29,0.09,false,false,near_mint,en,USD,2026-08-01T01:33:55.544Z
collection,binder,Razorfin Hunter,PLST,The List,APC-119,normal,common,1,97680,51d9b474-04b9-41d4-8982-6ba32c6f61d0,0.22,false,false,near_mint,en,USD,2026-08-01T01:33:55.545Z
collection,binder,"Ral, Storm Conduit",PLST,The List,WAR-211,normal,rare,1,98211,b34dcc7e-3183-4676-9586-29a20d526b1c,1.06,false,false,near_mint,en,USD,2026-08-01T01:33:55.546Z
collection,binder,Spider-Man 2099,SPM,Marvel's Spider-Man,150,normal,rare,1,107622,2a72c7e7-34f5-4cb0-9959-35516e398e49,0.53,false,false,near_mint,en,USD,2026-08-01T01:33:55.547Z
collection,binder,"Rhino, Barreling Brute",SPM,Marvel's Spider-Man,140,normal,uncommon,1,108440,4b8ac400-1e98-49fc-94be-00386d15f2ae,0.2,false,false,near_mint,en,USD,2026-08-01T01:33:55.548Z
collection,binder,Rhino's Rampage,SPM,Marvel's Spider-Man,141,normal,uncommon,1,108601,f668817c-1cab-44c5-b6a8-95113e480d5e,0.18,false,false,near_mint,en,USD,2026-08-01T01:33:55.550Z
collection,binder,Savage Mansion,SPM,Marvel's Spider-Man,183,foil,common,1,108647,855f59a5-17a8-4aca-8a4d-f98111eba14c,0.28,false,false,near_mint,en,USD,2026-08-01T01:33:55.551Z
collection,binder,Stomping Ground,EOE,Edge of Eternities,258,normal,rare,1,106763,69be21b4-c613-47c6-ba57-f4785861af3e,7.28,false,false,near_mint,en,USD,2026-08-01T01:33:55.552Z
collection,binder,Boggart Ram-Gang,PLST,The List,SHM-203,normal,uncommon,1,98037,922cba01-6767-4f61-a2a0-fe37a36ee9d3,0.15,false,false,near_mint,en,USD,2026-08-01T01:33:55.554Z
collection,binder,"Doctor Octopus, Master Planner",SPM,Marvel's Spider-Man,128,normal,mythic,1,107868,76e1d361-18a1-4dec-a203-f83bf0014e02,9.8,false,false,near_mint,en,USD,2026-08-01T01:33:55.555Z
collection,binder,Mob Lookout,SPM,Marvel's Spider-Man,136,normal,common,1,108585,e0e3b660-d391-454b-ba57-bff4ddcf27b7,0.15,false,false,near_mint,en,USD,2026-08-01T01:33:55.556Z
collection,binder,"Prowler, Clawed Thief",SPM,Marvel's Spider-Man,138,normal,uncommon,1,108462,bd31953a-7259-44e3-a94f-013bda68006d,0.22,false,false,near_mint,en,USD,2026-08-01T01:33:55.557Z
collection,binder,Morbius the Living Vampire,SPM,Marvel's Spider-Man,137,foil,uncommon,1,108657,b978d0e2-f5a7-4ade-befc-11b406e84477,0.26,false,false,near_mint,en,USD,2026-08-01T01:33:55.558Z
collection,binder,"Alpharael, Dreaming Acolyte",EOE,Edge of Eternities,212,normal,uncommon,1,106884,349a2211-2b23-418d-a1ef-1c72ad2e171d,0.13,false,false,near_mint,en,USD,2026-08-01T01:33:55.559Z
collection,binder,Dismal Backwater,TDM,Tarkir: Dragonstorm,254,normal,common,2,104238,082b52c9-c46e-44d3-b723-546ba528e07b,0.2,false,false,near_mint,en,USD,2026-08-01T01:33:55.560Z
collection,binder,"Grist, the Hunger Tide",PLST,The List,MH2-202,normal,mythic,1,98052,9569e624-fec3-41af-a54b-50869730673a,0.49,false,false,near_mint,en,USD,2026-08-01T01:33:55.562Z
collection,binder,Deathrite Shaman,MB2,Mystery Booster 2,81,normal,rare,1,96782,5514ef3b-8214-43c0-b245-8b7993918858,5.14,false,false,near_mint,en,USD,2026-08-01T01:33:55.563Z
collection,binder,"Winter, Cynical Opportunist",DSC,Duskmourn: House of Horror Commander,7,foil,mythic,1,98653,94dc35e4-a492-4019-afcd-cbef6f59a512,0.32,false,false,near_mint,en,USD,2026-08-01T01:33:55.565Z
collection,binder,"Rendmaw, Creaking Nest",DSC,Duskmourn: House of Horror Commander,5,foil,mythic,1,99146,4dc2d415-fdf7-4f2d-95d0-a793ffc26491,0.76,false,false,near_mint,en,USD,2026-08-01T01:33:55.566Z
collection,binder,Deathreap Ritual,DSC,Duskmourn: House of Horror Commander,86,normal,uncommon,1,99136,4980879b-87a4-4e5a-9f29-9136f022d849,0.4,false,false,near_mint,en,USD,2026-08-01T01:33:55.567Z
collection,binder,Putrefy,DSC,Duskmourn: House of Horror Commander,90,normal,uncommon,1,99227,7ddfa0e2-3d26-4f61-ba6f-16bb83c8a58e,0.34,false,false,near_mint,en,USD,2026-08-01T01:33:55.568Z
collection,binder,Binding the Old Gods,DSC,Duskmourn: House of Horror Commander,213,normal,uncommon,1,99372,db91fb6a-6124-411b-8b11-07f31f232f1c,0.28,false,false,near_mint,en,USD,2026-08-01T01:33:55.569Z
collection,binder,Grisly Salvage,DSC,Duskmourn: House of Horror Commander,219,normal,common,1,99068,1a9efda9-5f19-4e20-b3ec-ca2bd33fd089,0.3,false,false,near_mint,en,USD,2026-08-01T01:33:55.570Z
collection,binder,Nyx Weaver,DSC,Duskmourn: House of Horror Commander,226,normal,uncommon,1,99167,5b88ca44-1151-49c1-9ad8-d8bffee867c8,0.35,false,false,near_mint,en,USD,2026-08-01T01:33:55.571Z
collection,binder,Convert to Slime,DSC,Duskmourn: House of Horror Commander,37,normal,rare,1,99283,a4dfb147-10f6-49f1-b777-12125e87189b,0.35,false,false,near_mint,en,USD,2026-08-01T01:33:55.572Z
collection,binder,Culling Ritual,DSC,Duskmourn: House of Horror Commander,85,normal,rare,1,99323,bccb063c-6bd5-411f-86ce-9a7c054e34d3,0.8,false,false,near_mint,en,USD,2026-08-01T01:33:55.573Z
collection,binder,Deadbridge Chant,DSC,Duskmourn: House of Horror Commander,215,normal,mythic,1,99388,e67b8f21-c173-4d1d-8224-2eba4bcc6975,0.32,false,false,near_mint,en,USD,2026-08-01T01:33:55.574Z
collection,binder,Grim Flayer,DSC,Duskmourn: House of Horror Commander,218,normal,mythic,1,99299,b29e5af4-feb6-485a-a631-bfc42fa1b13a,0.26,false,false,near_mint,en,USD,2026-08-01T01:33:55.575Z
collection,binder,"Grist, the Hunger Tide",DSC,Duskmourn: House of Horror Commander,220,normal,mythic,1,99064,1925dc45-4dee-4772-aa16-3b4ca54be6c7,0.41,false,false,near_mint,en,USD,2026-08-01T01:33:55.576Z
collection,binder,Old Stickfingers,DSC,Duskmourn: House of Horror Commander,227,normal,rare,1,99094,329888c6-25d9-4eb9-9308-f979c3859669,0.38,false,false,near_mint,en,USD,2026-08-01T01:33:55.577Z
collection,binder,Grim Backwoods,DSC,Duskmourn: House of Horror Commander,281,normal,rare,1,99389,e6ee7441-458d-4fb6-8cb7-a331d8bd8e84,0.31,false,false,near_mint,en,USD,2026-08-01T01:33:55.578Z
collection,binder,Llanowar Wastes,DSC,Duskmourn: House of Horror Commander,287,normal,rare,1,99235,83837c14-9508-4590-aef6-40a16211072f,0.56,false,false,near_mint,en,USD,2026-08-01T01:33:55.579Z
collection,binder,Necroblossom Snarl,DSC,Duskmourn: House of Horror Commander,290,normal,rare,1,99376,ddf6ece8-d7c8-43a7-a318-f6eac2932b15,0.72,false,false,near_mint,en,USD,2026-08-01T01:33:55.580Z
collection,binder,Temple of Malady,DSC,Duskmourn: House of Horror Commander,309,normal,rare,1,99291,a9b66fff-193f-46cd-a864-c1b8d04529c3,0.28,false,false,near_mint,en,USD,2026-08-01T01:33:55.581Z
collection,binder,Twilight Mire,DSC,Duskmourn: House of Horror Commander,320,normal,rare,1,99106,3969ef6a-4bd8-4d9f-8c86-2322bd94a71a,0.72,false,false,near_mint,en,USD,2026-08-01T01:33:55.582Z
collection,binder,Viridescent Bog,DSC,Duskmourn: House of Horror Commander,324,normal,rare,1,99057,165ce69d-866d-42e6-91ee-3bb187630ba5,0.35,false,false,near_mint,en,USD,2026-08-01T01:33:55.583Z
collection,binder,Spider Manifestation,SPM,Marvel's Spider-Man,148,normal,common,2,108553,99223677-b8a5-48f1-8009-e8475eada7db,0.27,false,false,near_mint,en,USD,2026-08-01T01:33:55.549Z
collection,binder,Kraven the Hunter,SPM,Marvel's Spider-Man,133,normal,rare,2,108461,afdab464-3674-449b-be01-1cbd21fced23,0.29,false,false,near_mint,en,USD,2026-08-01T01:33:55.561Z
collection,binder,Woodland Cemetery,DSC,Duskmourn: House of Horror Commander,326,normal,rare,1,99203,70f2ded4-ddc1-4a16-b967-92891995b2e8,0.47,false,false,near_mint,en,USD,2026-08-01T01:37:32.927Z
collection,binder,Darkmoss Bridge,DSC,Duskmourn: House of Horror Commander,269,normal,common,1,99113,3ca3ef68-ea62-4098-bd43-4597ff0647d4,0.33,false,false,near_mint,en,USD,2026-08-01T01:37:32.928Z
collection,binder,Jungle Hollow,DSC,Duskmourn: House of Horror Commander,285,normal,common,1,99418,f6b5cd04-331c-49ed-beb3-37eab5eb636c,0.27,false,false,near_mint,en,USD,2026-08-01T01:37:32.929Z
collection,binder,Golgari Rot Farm,DSC,Duskmourn: House of Horror Commander,279,normal,uncommon,1,99209,725fab98-558b-4b0c-a0a4-ef0eec92eebb,0.35,false,false,near_mint,en,USD,2026-08-01T01:37:32.930Z
collection,binder,Tainted Wood,DSC,Duskmourn: House of Horror Commander,305,normal,uncommon,1,99116,3da7ab6b-b10a-4786-b1eb-92de7e66690e,0.34,false,false,near_mint,en,USD,2026-08-01T01:37:32.931Z
collection,binder,Thornwood Falls,TDM,Tarkir: Dragonstorm,269,normal,common,1,104376,ebb502c2-5fd0-46a9-b77d-010f4a942056,0.22,false,false,near_mint,en,USD,2026-08-01T01:37:32.932Z
collection,binder,Kishla Skimmer,TDM,Tarkir: Dragonstorm,201,normal,uncommon,1,104899,b5f1acb0-d73e-4814-8158-3645daf5c4cc,0.21,false,false,near_mint,en,USD,2026-08-01T01:37:32.933Z
collection,binder,Oblivious Bookworm,DSK,Duskmourn: House of Horror,225,foil,uncommon,1,98913,c7b4c50b-fe76-430d-8f96-208f15ca4cd7,0.36,false,false,near_mint,en,USD,2026-08-01T01:37:32.934Z
collection,binder,"Aesi, Tyrant of Gyre Strait",DSC,Duskmourn: House of Horror Commander,210,normal,mythic,1,99188,673c21f8-02b6-4ac4-b2fc-df065b4ac662,11.44,false,false,near_mint,en,USD,2026-08-01T01:37:32.935Z
collection,binder,"Uro, Titan of Nature's Wrath",MB2,Mystery Booster 2,93,normal,mythic,1,97111,ed1f9061-4df3-4b3c-a8b1-1d62d354de4a,2.25,false,false,near_mint,en,USD,2026-08-01T01:37:32.936Z
collection,binder,"Wraith, Vicious Vigilante",SPM,Marvel's Spider-Man,160,normal,uncommon,1,108523,5f46ed93-de6d-4180-9018-26ee07f75464,0.25,false,false,near_mint,en,USD,2026-08-01T01:37:32.937Z
collection,binder,University Campus,SPM,Marvel's Spider-Man,186,normal,common,1,108624,2752f21c-f535-4772-a8b3-e97e1339e9c9,0.18,false,false,near_mint,en,USD,2026-08-01T01:37:32.938Z
collection,binder,Wall of Denial,PLST,The List,ARB-16,normal,uncommon,1,72018,8dbcf08f-dcc1-4a6a-9af6-6fadb89f2f96,0.34,false,false,near_mint,en,USD,2026-08-01T01:37:32.939Z
collection,binder,"Teferi, Hero of Dominaria",MB2,Mystery Booster 2,90,normal,mythic,1,96626,069f45a2-aef4-4b10-8107-3695370b276a,2.68,false,false,near_mint,en,USD,2026-08-01T01:37:32.940Z
collection,binder,"SP//dr, Piloted by Peni",SPM,Marvel's Spider-Man,199,normal,uncommon,1,108667,e8c1aace-e8fe-45ee-bc40-225409ff8657,0.31,false,false,near_mint,en,USD,2026-08-01T01:37:32.941Z
collection,binder,"Teferi, Time Raveler",MB2,Mystery Booster 2,91,normal,rare,1,96682,1e155fa4-896a-4ba6-939e-03c7877ac47e,4.48,false,false,near_mint,en,USD,2026-08-01T01:37:32.942Z
collection,binder,"Shriek, Treblemaker",SPM,Marvel's Spider-Man,144,normal,uncommon,1,108615,01f1900e-b10f-47dd-8b3d-6913fa661186,0.2,false,false,near_mint,en,USD,2026-08-01T01:37:32.943Z
collection,binder,Ominous Asylum,SPM,Marvel's Spider-Man,181,normal,common,1,108509,4329f94a-9110-4f07-b4a6-f1ccae97ccc9,0.16,false,false,near_mint,en,USD,2026-08-01T01:37:32.945Z
collection,binder,"Green Goblin, Revenant",SPM,Marvel's Spider-Man,130,normal,uncommon,1,107856,218ef931-46f5-4a4d-9f26-898a1ff8f70f,0.35,false,false,near_mint,en,USD,2026-08-01T01:37:32.946Z
collection,binder,"Scarlet Spider, Kaine",SPM,Marvel's Spider-Man,143,normal,uncommon,1,108497,2cb00060-8cc5-42dc-bcbf-affd9e59f8fd,0.2,false,false,near_mint,en,USD,2026-08-01T01:37:32.948Z
collection,binder,Junkyard Genius,PLST,The List,BRO-214,normal,uncommon,1,98321,ca1142d6-9420-4b01-885a-1e9423705ddc,0.1,false,false,near_mint,en,USD,2026-08-01T01:37:32.949Z
collection,binder,Mayhem Devil,PLST,The List,WAR-204,normal,uncommon,1,97589,4060c2b3-7c6e-464e-89e9-e8744c29a4de,0.29,false,false,near_mint,en,USD,2026-08-01T01:37:32.950Z
collection,binder,"Chainer, Nightmare Adept",PLST,The List,MH2-289,normal,rare,2,98029,91609595-a660-45bc-94ca-0df708f4e52c,0.82,false,false,near_mint,en,USD,2026-08-01T01:37:32.951Z
collection,binder,Showdown of the Skalds,PLST,The List,KHM-229,normal,rare,1,90230,c749caaa-93d0-4fbb-9297-0b831f606418,0.34,false,false,near_mint,en,USD,2026-08-01T01:37:32.952Z
collection,binder,Mary Jane Watson,SPM,Marvel's Spider-Man,134,normal,rare,1,108491,178345f7-8ccd-4e47-80f4-5bd31bab6655,0.32,false,false,near_mint,en,USD,2026-08-01T01:37:32.953Z
collection,binder,Suburban Sanctuary,SPM,Marvel's Spider-Man,185,normal,common,1,108514,467df77a-a99c-4cfd-9af4-502eaa2eb2e3,0.17,false,false,near_mint,en,USD,2026-08-01T01:37:32.954Z
collection,binder,Web-Warriors,SPM,Marvel's Spider-Man,159,normal,uncommon,1,107867,741f5373-b51a-421a-9a74-326f0575c99b,0.21,false,false,near_mint,en,USD,2026-08-01T01:37:32.955Z
collection,binder,"Spider-Girl, Legacy Hero",SPM,Marvel's Spider-Man,149,normal,uncommon,1,108662,d1f3196a-fe48-446f-ab07-00c66b7816c8,0.25,false,false,near_mint,en,USD,2026-08-01T01:37:32.956Z
collection,binder,Gallant Citizen,SPM,Marvel's Spider-Man,129,normal,common,1,108510,43790471-6ec8-4c1d-b6d3-74c6cdf8ce43,0.16,false,false,near_mint,en,USD,2026-08-01T01:37:32.957Z
collection,binder,Spider-Man India,SPM,Marvel's Spider-Man,151,normal,uncommon,1,108448,65b8af30-559b-43a9-8526-62c28c378339,0.23,false,false,near_mint,en,USD,2026-08-01T01:37:32.958Z
collection,binder,Blossoming Sands,FDN,Foundations,260,foil,common,1,100364,37676ed8-588c-4bca-8065-874b74d84807,0.32,false,false,near_mint,en,USD,2026-08-01T01:37:32.959Z
collection,binder,"Trostani, Selesnya's Voice",PLST,The List,GK1-102,normal,mythic,1,98283,c2649bc6-2ed9-4d50-ad11-ae05d6df2c3d,1.37,false,false,near_mint,en,USD,2026-08-01T01:37:32.960Z
collection,binder,Dromoka's Command,PLST,The List,DTK-221,normal,rare,1,98528,f356a294-a032-4457-b891-09806fab050a,0.24,false,false,near_mint,en,USD,2026-08-01T01:37:32.961Z
collection,binder,Pumpkin Bombardment,SPM,Marvel's Spider-Man,139,normal,common,2,108559,a268ad73-9a1f-47d9-9a85-a4669a769c3d,0.1,false,false,near_mint,en,USD,2026-08-01T01:37:32.944Z
collection,binder,"Ajani, the Greathearted",PLST,The List,WAR-184,normal,rare,2,98456,e4ec092e-af23-4f4b-91f1-f63d50e40b30,0.56,false,false,near_mint,en,USD,2026-08-01T01:40:07.477Z
collection,binder,"Ugin, the Spirit Dragon",PF25,MagicFest 2025,6,foil,mythic,1,105775,719438b8-7b66-4f13-a568-80202365cc1a,8.81,false,false,near_mint,en,USD,2026-08-01T06:27:58.578Z
collection,binder,"Living Brain, Mechanical Marvel",SPM,Marvel's Spider-Man,167,normal,uncommon,1,108495,26833b64-2e6d-4977-9a6e-6fe73c54d671,0.18,false,false,near_mint,en,USD,2026-08-01T06:27:58.579Z
collection,binder,News Helicopter,SPM,Marvel's Spider-Man,169,normal,common,1,108489,15717af0-30cd-4417-947a-c27cca06d93a,0.1,false,false,near_mint,en,USD,2026-08-01T06:32:56.642Z
collection,binder,Spider-Bot,SPM,Marvel's Spider-Man,173,normal,common,1,107619,24df824a-c1d6-4f09-b866-313b31fec5fb,0.25,false,false,near_mint,en,USD,2026-08-01T06:32:56.644Z
collection,binder,Agent of Acquisitions,PLST,The List,CNS-54,normal,uncommon,1,98021,90417bd6-1e9f-44f4-8d28-6d2306bf83b4,0.07,false,false,near_mint,en,USD,2026-08-01T06:32:56.646Z
collection,binder,Prakhata Pillar-Bug,PLST,The List,KLD-228,normal,common,2,97496,2ea650a5-367c-4a6b-ac28-0614a3f7ce10,0.1,false,false,near_mint,en,USD,2026-08-01T06:32:56.647Z
collection,binder,Scuttlemutt,PLST,The List,SHM-263,normal,common,1,98264,bd853785-6baf-4099-bd34-002a370df682,0.16,false,false,near_mint,en,USD,2026-08-01T06:32:56.648Z
collection,binder,Signal Pest,PLST,The List,MBS-131,normal,uncommon,1,98259,bb95d15e-0911-475c-8283-43bb742b166b,0.51,false,false,near_mint,en,USD,2026-08-01T06:32:56.649Z
collection,binder,Watcher of the Wayside,TDM,Tarkir: Dragonstorm,249,normal,common,2,104262,2dcafdac-a293-4adc-a540-3b3f469cf6f3,0.16,false,false,near_mint,en,USD,2026-08-01T06:32:56.650Z
collection,binder,Academy Manufactor,OTC,Outlaws of Thunder Junction Commander,251,normal,rare,1,93700,76480f4d-ad6d-4ed6-82c6-fa12abc22557,6.74,false,false,near_mint,en,USD,2026-08-01T06:32:56.651Z
collection,binder,Crystalline Crawler,PLST,The List,CM2-183,normal,rare,1,98048,949b2310-7f38-4e5d-841f-b4d79e6200a6,0.38,false,false,near_mint,en,USD,2026-08-01T06:32:56.652Z
collection,binder,Suspicious Bookcase,DSC,Duskmourn: House of Horror Commander,95,normal,uncommon,1,99040,05ccd730-78ab-4d73-98a8-43b05c355690,0.36,false,false,near_mint,en,USD,2026-08-01T06:32:56.653Z
collection,binder,Burnished Hart,DSC,Duskmourn: House of Horror Commander,243,normal,uncommon,2,99062,185660f1-584a-4098-aacd-df50fe5669d5,0.29,false,false,near_mint,en,USD,2026-08-01T06:32:56.654Z
collection,binder,Haywire Mite,DSC,Duskmourn: House of Horror Commander,247,normal,uncommon,1,99088,286f4d3a-6b38-404f-aaea-a1d3694f4fe6,0.91,false,false,near_mint,en,USD,2026-08-01T06:32:56.655Z
collection,binder,Solemn Simulacrum,DSC,Duskmourn: House of Horror Commander,253,normal,rare,2,99255,916e0c89-5614-4022-b095-9c714c476d13,0.34,false,false,near_mint,en,USD,2026-08-01T06:32:56.656Z
collection,binder,Passenger Ferry,SPM,Marvel's Spider-Man,170,normal,common,1,108493,2495f477-b88c-4938-a86a-f72c3c861188,0.08,false,false,near_mint,en,USD,2026-08-01T06:32:56.657Z
collection,binder,Gorgon Flail,PLST,The List,M10-211,normal,uncommon,1,97263,034d19a7-3579-4ffd-9ff1-67f0f898b30d,0.33,false,false,near_mint,en,USD,2026-08-01T06:32:56.658Z
collection,binder,Quick-Draw Katana,FDN,Foundations,130,normal,common,1,101540,69beec98-c89c-4673-953c-8b3ef3d81560,0.18,false,false,near_mint,en,USD,2026-08-01T06:32:56.659Z
collection,binder,Fishing Pole,FDN,Foundations,128,normal,uncommon,1,101128,c95ab836-3277-4223-9aaa-ef2c77256b65,0.24,false,false,near_mint,en,USD,2026-08-01T06:32:56.660Z
collection,binder,Leyline Axe,FDN,Foundations,129,normal,rare,1,101052,b9c03336-a321-4c06-94d1-809f328fabd8,2.69,false,false,near_mint,en,USD,2026-08-01T06:32:56.661Z
collection,binder,Viridian Longbow,PLST,The List,AFC-221,normal,common,1,97836,6f10358e-4639-4873-9d0d-18f1b092b365,0.7,false,false,near_mint,en,USD,2026-08-01T06:32:56.662Z
collection,binder,Champion's Helm,PIP,Fallout,228,normal,rare,1,91980,26f5d866-4ee9-4054-8d48-82da0a2d1170,3.09,false,false,near_mint,en,USD,2026-08-01T06:32:56.663Z
collection,binder,Viridian Claw,PLST,The List,MBS-143,normal,uncommon,1,97912,7be07ef7-8dee-43a8-aa6c-82f886dceeb2,0.12,false,false,near_mint,en,USD,2026-08-01T06:32:56.664Z
collection,binder,Hot Dog Cart,SPM,Marvel's Spider-Man,164,foil,common,1,108534,6ee3b883-e9f5-426f-a2ea-96fe9ff3aba9,0.28,false,false,near_mint,en,USD,2026-08-01T06:32:56.665Z
collection,binder,Eerie Gravestone,SPM,Marvel's Spider-Man,163,normal,common,1,107646,7675e91f-dba7-4e64-a7ff-1dd56665a4cc,0.2,false,false,near_mint,en,USD,2026-08-01T06:32:56.666Z
collection,binder,Bagel and Schmear,SPM,Marvel's Spider-Man,161,normal,common,1,108544,7f927f72-fc9b-444f-9e0e-78a5e8e7bcaa,0.14,false,false,near_mint,en,USD,2026-08-01T06:32:56.668Z
collection,binder,Firemind Vessel,PLST,The List,WAR-237,normal,uncommon,1,97994,8bd9445a-773e-4e74-89c3-a7ffa446d244,0.22,false,false,near_mint,en,USD,2026-08-01T06:32:56.670Z
collection,binder,Spawning Pit,PLST,The List,TD2-69,normal,uncommon,1,96599,2d50685e-1905-4a48-a7bf-82afcf5b6838,1.74,false,false,near_mint,en,USD,2026-08-01T06:32:56.672Z
collection,binder,Keys to the House,DSK,Duskmourn: House of Horror,251,normal,uncommon,2,99246,8c11a413-7f33-4b63-bdd9-e143e529f56d,0.2,false,false,near_mint,en,USD,2026-08-01T06:32:56.673Z
collection,binder,Belbe's Armor,PLST,The List,NEM-126,normal,uncommon,1,98109,a0cd9774-9b63-4789-80cc-108b87a1e708,0.14,false,false,near_mint,en,USD,2026-08-01T06:32:56.674Z
collection,binder,Tsabo's Web,MB2,Mystery Booster 2,143,normal,rare,1,96955,a2952750-c711-47c6-b034-1a1179dff773,3.76,false,false,near_mint,en,USD,2026-08-01T06:32:56.675Z
collection,binder,Bonder's Ornament,PLST,The List,C20-67,normal,common,1,98541,f59dd1e8-fc3c-437a-a2ff-638a018ffbfb,0.24,false,false,near_mint,en,USD,2026-08-01T06:32:56.676Z
collection,binder,Jeskai Monument,TDM,Tarkir: Dragonstorm,244,foil,uncommon,1,104362,d0193ad6-39b7-4558-bd3e-36f809332ea2,0.14,false,false,near_mint,en,USD,2026-08-01T06:32:56.677Z
collection,binder,Nuka-Cola Vending Machine,PIP,Fallout,137,normal,uncommon,1,92092,405df7c7-0e37-499e-9826-6bf9f5db7a40,21.17,false,false,near_mint,en,USD,2026-08-01T06:32:56.678Z
collection,binder,Omni-Cheese Pizza,TMT,Teenage Mutant Ninja Turtles,176,normal,common,1,111609,f2c8397c-2014-4a43-9ed7-41795880011f,0.19,false,false,near_mint,en,USD,2026-08-01T06:32:56.681Z
collection,binder,God-Pharaoh's Gift,PLST,The List,HOU-161,normal,rare,1,97604,43006ff7-6240-4ee1-8ea0-2dc9ad869165,0.23,false,false,near_mint,en,USD,2026-08-01T06:32:56.682Z
collection,binder,Golgari Signet,DSC,Duskmourn: House of Horror Commander,246,normal,uncommon,1,99259,95103b4c-d0c0-40fa-9ddd-c7416455ca0c,0.36,false,false,near_mint,en,USD,2026-08-01T06:32:56.683Z
collection,binder,Mind Stone,DSC,Duskmourn: House of Horror Commander,248,normal,uncommon,2,99406,f1f616f2-d69d-4763-8ff0-3eb05a543926,0.52,false,false,near_mint,en,USD,2026-08-01T06:32:56.684Z
collection,binder,Talisman of Resilience,DSC,Duskmourn: House of Horror Commander,255,normal,uncommon,1,99401,eff598b0-0b32-41d0-b980-584576e58626,0.4,false,false,near_mint,en,USD,2026-08-01T06:32:56.685Z
collection,binder,Vibrant Cityscape,SPM,Marvel's Spider-Man,188,normal,common,1,108555,9c110fa1-2320-4652-b282-ed064a9ec9a9,0.25,false,false,near_mint,en,USD,2026-08-01T06:32:56.686Z
collection,binder,Desert,PLST,The List,AFC-233,normal,uncommon,1,72049,f5566c7e-7486-4237-a6e4-f7e641e11b22,2.45,false,false,near_mint,en,USD,2026-08-01T06:32:56.687Z
collection,binder,Wasteland,MB2,Mystery Booster 2,115,normal,uncommon,1,96729,378c68f7-cf75-4835-8789-f266843851c3,13.82,false,false,near_mint,en,USD,2026-08-01T06:32:56.688Z
collection,binder,Rishadan Port,MB2,Mystery Booster 2,241,normal,rare,2,96657,125de79a-2b28-45ac-a066-92a9b73c3cb8,12.09,false,false,near_mint,en,USD,2026-08-01T06:32:56.689Z
collection,binder,Darksteel Citadel,MB2,Mystery Booster 2,107,normal,common,1,96686,212eb06d-5bc3-484f-8e94-ee0f32a2d86a,1.16,false,false,near_mint,en,USD,2026-08-01T06:32:56.690Z
collection,binder,Sliver Hive,PF25,MagicFest 2025,7,foil,rare,1,105773,1445b61c-a105-4d4c-be42-5cbf7cd43f89,9.7,false,false,near_mint,en,USD,2026-08-01T06:32:56.691Z
collection,binder,Urza's Saga,MB2,Mystery Booster 2,114,normal,rare,1,97027,c7658ec0-3207-4c7e-b31a-30a2a9249595,35.89,false,false,near_mint,en,USD,2026-08-01T06:32:56.692Z
collection,binder,Temple of the False God,DSC,Duskmourn: House of Horror Commander,313,normal,uncommon,1,99079,23d62c88-3a7a-4eef-8ec4-ff1243e6ce93,0.32,false,false,near_mint,en,USD,2026-08-01T06:32:56.693Z
collection,binder,Mechanical Mobster,SPM,Marvel's Spider-Man,168,normal,common,2,107644,6c6d9ecc-2dd1-471a-8678-a2461b1084fa,0.18,false,false,near_mint,en,USD,2026-08-01T06:32:56.643Z
collection,binder,Steel Wrecking Ball,SPM,Marvel's Spider-Man,177,normal,common,3,108453,7f2c74f5-1cfe-4918-a86b-0d58ac8b7469,0.1,false,false,near_mint,en,USD,2026-08-01T06:32:56.667Z
collection,binder,"Akroma, Angel of Wrath",PLST,The List,DVD-1,normal,mythic,1,97843,70208c1f-56d4-4509-9d55-71e039236aa4,2.25,false,false,near_mint,en,USD,2026-08-01T06:41:40.789Z
collection,binder,"Kenrith, the Returned King",MB2,Mystery Booster 2,13,normal,mythic,1,96834,6c36c6c9-688d-4b23-95fc-f219f3de407a,0.58,false,false,near_mint,en,USD,2026-08-01T06:41:40.790Z
collection,binder,All That Glitters,PLST,The List,ELD-2,normal,uncommon,1,83923,77833ab2-649b-4505-a963-38789e93b687,0.6,false,false,near_mint,en,USD,2026-08-01T06:41:40.791Z
collection,binder,"Adagia, Windswept Bastion",EOE,Edge of Eternities,277,normal,mythic,1,107270,4d6901e7-d519-4dfc-a74d-63fff5e4ffae,7.04,false,false,near_mint,en,USD,2026-08-01T06:41:40.792Z
collection,binder,Web-Shooters,SPM,Marvel's Spider-Man,22,normal,uncommon,1,108556,a0ca1108-6d99-4dc2-96ab-7728d65b0c06,0.28,false,false,near_mint,en,USD,2026-08-01T06:41:40.793Z
collection,binder,Plate Armor,PLST,The List,AFR-32,normal,uncommon,1,97476,2b432c64-e083-4386-86c1-49d746e7a8ea,0.15,false,false,near_mint,en,USD,2026-08-01T06:41:40.794Z
collection,binder,Griffin Guide,PLST,The List,TSR-19,normal,uncommon,1,97522,344c8ece-80d7-4efc-badb-985fecb11761,0.09,false,false,near_mint,en,USD,2026-08-01T06:41:40.795Z
collection,binder,Temporal Isolation,PLST,The List,TSP-43,normal,common,1,98531,f41c009b-f23a-456f-b8f8-220445094715,0.15,false,false,near_mint,en,USD,2026-08-01T06:41:40.796Z
collection,binder,Release the Dogs,PLST,The List,JMP-4,normal,uncommon,1,56701,67283aec-f8ee-4275-bf5e-58cea852956a,0.2,false,false,near_mint,en,USD,2026-08-01T06:41:40.798Z
collection,binder,Battle Screech,PLST,The List,JUD-3,normal,uncommon,1,97399,1c71de34-fb9c-47f6-8586-e45d897d0f85,0.23,false,false,near_mint,en,USD,2026-08-01T06:41:40.799Z
collection,binder,Sunder the Gateway,PLST,The List,MOM-39,normal,common,1,98322,ca3d0358-0516-483d-81a3-dbf2ac473e9f,0.11,false,false,near_mint,en,USD,2026-08-01T06:41:40.800Z
collection,binder,Angelic Blessing,PLST,The List,POR-2,normal,common,1,98521,f1443095-5a89-4cd2-8186-e4bd5a30b66b,0.16,false,false,near_mint,en,USD,2026-08-01T06:41:40.801Z
collection,binder,The Last Ronin's Technique,TMT,Teenage Mutant Ninja Turtles,223,normal,uncommon,1,111380,e77abb3a-8034-4aa9-baac-21a223cde74b,0.32,false,false,near_mint,en,USD,2026-08-01T06:41:40.804Z
collection,binder,Lightfoot Technique,TDM,Tarkir: Dragonstorm,14,normal,common,1,104910,baac1a41-d44d-4184-9147-b4233e73de65,0.18,false,false,near_mint,en,USD,2026-08-01T06:41:40.805Z
collection,binder,Osseous Exhale,TDM,Tarkir: Dragonstorm,17,normal,common,1,104493,2300da2f-2297-4c2f-90c1-11ce2b42d91f,0.07,false,false,near_mint,en,USD,2026-08-01T06:41:40.806Z
collection,binder,Adamant Will,PLST,The List,DOM-2,normal,common,1,98486,eaf5760e-4fb2-405a-bc6e-c4d26825a3c4,0.07,false,false,near_mint,en,USD,2026-08-01T06:41:40.807Z
collection,binder,Surge of Salvation,PLST,The List,MOM-41,normal,uncommon,1,98050,949eb546-1e2c-4622-8b1e-dad9d430dd54,0.37,false,false,near_mint,en,USD,2026-08-01T06:41:40.808Z
collection,binder,Swell of Courage,PLST,The List,MOR-26,normal,uncommon,1,97694,55414868-3be8-465c-beab-0063c03cb9a9,0.09,false,false,near_mint,en,USD,2026-08-01T06:41:40.809Z
collection,binder,Seized from Slumber,DSK,Duskmourn: House of Horror,28,normal,common,1,99080,24456083-0c76-46c5-9b18-8d468702df69,0.09,false,false,near_mint,en,USD,2026-08-01T06:41:40.810Z
collection,binder,Otherworldly Journey,PLST,The List,DDC-16,normal,uncommon,1,97553,38d5b686-232a-4bc9-acce-4f1eabdeca0b,0.16,false,false,near_mint,en,USD,2026-08-01T06:41:40.811Z
collection,binder,Miraculous Recovery,PLST,The List,VIS-13,normal,uncommon,1,97374,1778b600-70e8-4bf5-b6ab-9876e831c13a,0.1,false,false,near_mint,en,USD,2026-08-01T06:41:40.812Z
collection,binder,You Hear Something on Watch,PLST,The List,AFR-42,normal,common,1,98295,c4b76962-5481-47ba-812b-36f5aae96818,0.15,false,false,near_mint,en,USD,2026-08-01T06:41:40.813Z
collection,binder,Make a Stand,PLST,The List,OGW-26,normal,uncommon,1,98073,998760a2-004e-4bb8-b221-e581f6836f11,0.17,false,false,near_mint,en,USD,2026-08-01T06:41:40.814Z
collection,binder,Fierce Retribution,PLST,The List,VOW-13,normal,common,1,97558,394651de-0fe7-412d-a2bb-de7982516374,0.12,false,false,near_mint,en,USD,2026-08-01T06:41:40.815Z
collection,binder,Sudden Strike,SPM,Marvel's Spider-Man,19,foil,uncommon,1,108641,6eea2718-93d2-4d83-9b5d-eb943a0f1d11,0.2,false,false,near_mint,en,USD,2026-08-01T06:41:40.819Z
collection,binder,"Teyo, the Shieldmage",PLST,The List,WAR-32,normal,uncommon,1,98191,adbb622d-64e7-4fe2-9190-27a8ad8ea6ba,0.22,false,false,near_mint,en,USD,2026-08-01T06:41:40.823Z
collection,binder,"Arachne, Psionic Weaver",SPM,Marvel's Spider-Man,2,normal,rare,1,108644,7c1f871a-bd85-402e-b474-1deb64c18a52,0.33,false,false,near_mint,en,USD,2026-08-01T06:41:40.824Z
collection,binder,"Spider-Man, Web-Slinger",SPM,Marvel's Spider-Man,16,foil,common,1,107651,897418bc-df8c-4c97-b6bf-7c9133a8a577,0.28,false,false,near_mint,en,USD,2026-08-01T06:41:40.826Z
collection,binder,"Spider-Man, Web-Slinger",SPM,Marvel's Spider-Man,16,normal,common,1,107651,897418bc-df8c-4c97-b6bf-7c9133a8a577,0.21,false,false,near_mint,en,USD,2026-08-01T06:41:40.828Z
collection,binder,Spider-UK,SPM,Marvel's Spider-Man,17,normal,uncommon,1,108531,6beb4548-1fab-4b9e-bf24-f7b9aadecc87,0.22,false,false,near_mint,en,USD,2026-08-01T06:41:40.830Z
collection,binder,"Syr Alin, the Lion's Claw",PLST,The List,ELD-32,normal,uncommon,1,98082,9be16eca-85d4-4d99-8c68-e50bc29ae56f,0.07,false,false,near_mint,en,USD,2026-08-01T06:41:40.831Z
collection,binder,"Kataki, War's Wage",MB2,Mystery Booster 2,148,normal,rare,1,96714,2fe21296-7e04-410d-b441-aed64451682f,0.82,false,false,near_mint,en,USD,2026-08-01T06:41:40.832Z
collection,binder,"Yosei, the Morning Star",PLST,The List,IMA-39,normal,rare,1,97320,0d3813fe-b6d1-4b3d-8b51-28b4b0544bee,0.47,false,false,near_mint,en,USD,2026-08-01T06:41:40.834Z
collection,binder,Aven Mindcensor,PLST,The List,TSR-5,normal,uncommon,1,98272,bf2b4be1-ad85-47a6-a3e0-3c04ab097c4a,0.61,false,false,near_mint,en,USD,2026-08-01T06:41:40.838Z
collection,binder,Benevolent Bodyguard,PLST,The List,JUD-5,normal,common,1,98233,b724dfd3-dc9c-41ac-bb38-5578a9f8436b,0.26,false,false,near_mint,en,USD,2026-08-01T06:41:40.839Z
collection,binder,Kami of False Hope,PLST,The List,BOK-10,normal,common,1,98084,9c357194-37b7-45cc-a52d-9c7e71f226df,0.71,false,false,near_mint,en,USD,2026-08-01T06:41:40.840Z
collection,binder,Master Splicer,PLST,The List,NPH-16,normal,uncommon,1,97800,68e441e0-5270-42a3-afbe-08761014c502,0.12,false,false,near_mint,en,USD,2026-08-01T06:41:40.842Z
collection,binder,Vizier of Remedies,PLST,The List,AKH-38,normal,uncommon,1,98490,eb8952d7-8009-4532-b501-97e333f3c3fc,0.25,false,false,near_mint,en,USD,2026-08-01T06:41:40.843Z
collection,binder,Splendor Mare,PLST,The List,IKO-32,normal,uncommon,1,98154,a70b3a63-fa81-4567-ac77-38954e05a95a,0.16,false,false,near_mint,en,USD,2026-08-01T06:41:40.844Z
collection,binder,Aven Liberator,PLST,The List,SCG-4,normal,common,1,98475,e995ad70-4e42-4850-870a-0fb54ee97b7e,0.03,false,false,near_mint,en,USD,2026-08-01T06:41:40.845Z
collection,binder,Mentor of the Meek,PLST,The List,2X2-17,normal,uncommon,1,90166,7769c85b-eb5f-42f7-bf72-f840a033c121,0.23,false,false,near_mint,en,USD,2026-08-01T06:41:40.846Z
collection,binder,Weftblade Enhancer,EOE,Edge of Eternities,44,normal,common,1,107745,8d72b00c-5043-4630-949a-fc17eeb962bc,0.09,false,false,near_mint,en,USD,2026-08-01T06:41:40.847Z
collection,binder,Pulsar Squadron Ace,EOE,Edge of Eternities,28,normal,uncommon,1,107485,8d989cdc-cbd7-4b71-9589-59618597ac8a,0.15,false,false,near_mint,en,USD,2026-08-01T06:41:40.848Z
collection,binder,Living Phone,DSK,Duskmourn: House of Horror,20,foil,common,1,99234,8266f93b-f91c-4427-a222-075ceb0be3af,0.16,false,false,near_mint,en,USD,2026-08-01T06:41:40.849Z
collection,binder,Shepherd of the Lost,PLST,The List,ZEN-34,normal,uncommon,1,97288,07df5282-3f87-42d7-b497-2b00204fb238,0.17,false,false,near_mint,en,USD,2026-08-01T06:41:40.852Z
collection,binder,Faerie Guidemother // Gift of the Fae,PLST,The List,ELD-11,normal,common,1,97326,0e55af61-7755-4d3c-9197-ee36137fbeae,0.1,false,false,near_mint,en,USD,2026-08-01T06:41:40.854Z
collection,binder,Totem-Guide Hartebeest,PLST,The List,ROE-50,normal,common,1,97340,101e4013-4185-4ded-a60e-6b8aac5cd5d8,0.07,false,false,near_mint,en,USD,2026-08-01T06:41:40.855Z
collection,binder,Akroan Phalanx,PLST,The List,BNG-2,normal,uncommon,1,98232,b6dbf979-3d74-4d81-949b-53b8c2ab9393,0.05,false,false,near_mint,en,USD,2026-08-01T06:41:40.857Z
collection,binder,Master Decoy,PLST,The List,TMP-29,normal,common,1,97777,63b8530e-74d0-478f-8e7b-4d457cb5124b,0.09,false,false,near_mint,en,USD,2026-08-01T06:41:40.858Z
collection,binder,Thunderous Orator,PLST,The List,STX-35,normal,uncommon,1,98217,b44e8233-e23b-42d1-94c4-c05bc0b96454,0.11,false,false,near_mint,en,USD,2026-08-01T06:41:40.859Z
collection,binder,Dauntless Bodyguard,PLST,The List,DOM-14,normal,uncommon,1,97463,28aff771-bcdb-428b-882c-9f2376ed337b,0.2,false,false,near_mint,en,USD,2026-08-01T06:41:40.862Z
collection,binder,Jötun Owl Keeper,PLST,The List,CSP-9,normal,uncommon,1,97449,2632c821-513f-4059-b073-98ff691c1117,0.1,false,false,near_mint,en,USD,2026-08-01T06:41:40.863Z
collection,binder,Tempest Hawk,TDM,Tarkir: Dragonstorm,31,normal,common,1,104587,422f9453-ab12-4e3c-8c51-be87391395a1,1.12,false,false,near_mint,en,USD,2026-08-01T06:41:40.864Z
collection,binder,High-Flying Ace,TMT,Teenage Mutant Ninja Turtles,9,normal,common,1,111535,e927eb0b-1c69-421a-8acd-01e92f729ffb,0.07,false,false,near_mint,en,USD,2026-08-01T06:41:40.867Z
collection,binder,Shepherd of the Flock // Usher to Safety,PLST,The List,ELD-28,normal,uncommon,1,98433,dff46c9a-c2c9-42ed-8f44-9da377518041,0.11,false,false,near_mint,en,USD,2026-08-01T06:41:40.868Z
collection,binder,Trap Runner,PLST,The List,MMQ-55,normal,uncommon,1,98169,aa35419c-d46b-493f-844c-e9c2ad3ce07c,0.13,false,false,near_mint,en,USD,2026-08-01T06:41:40.869Z
collection,binder,Boonweaver Giant,PLST,The List,M15-5,normal,uncommon,1,98565,fae514d6-81b9-4e55-ab4f-503c7ff3b2b1,0.09,false,false,near_mint,en,USD,2026-08-01T06:41:40.870Z
collection,binder,Basri's Acolyte,PLST,The List,M21-8,normal,common,1,97665,4fcd67bc-3cfc-4400-89d2-9709d41678a7,0.12,false,false,near_mint,en,USD,2026-08-01T06:41:40.871Z
collection,binder,Transcendent Master,MB2,Mystery Booster 2,23,normal,mythic,1,97044,cf6476e5-115b-4905-901d-209285e7e240,0.28,false,false,near_mint,en,USD,2026-08-01T06:41:40.873Z
collection,binder,Sudden Strike,SPM,Marvel's Spider-Man,19,normal,uncommon,2,108641,6eea2718-93d2-4d83-9b5d-eb943a0f1d11,0.22,false,false,near_mint,en,USD,2026-08-01T06:41:40.802Z
collection,binder,Spectacular Tactics,SPM,Marvel's Spider-Man,15,normal,common,3,107648,836b4246-f1f2-4495-8664-650dda70ed4f,0.22,false,false,near_mint,en,USD,2026-08-01T06:41:40.803Z
collection,binder,Thwip!,SPM,Marvel's Spider-Man,20,normal,common,3,107666,b2dac88e-1204-4640-94ce-e1aff434ea06,0.19,false,false,near_mint,en,USD,2026-08-01T06:41:40.816Z
collection,binder,"Starling, Aerial Ally",SPM,Marvel's Spider-Man,18,normal,common,3,107667,babbf53d-3e10-4110-8725-91f766c8cdad,0.05,false,false,near_mint,en,USD,2026-08-01T06:41:40.825Z
collection,binder,City Pigeon,SPM,Marvel's Spider-Man,4,normal,common,3,108442,56d67fb4-5b23-432c-9ffb-39545035c117,0.15,false,false,near_mint,en,USD,2026-08-01T06:41:40.835Z
collection,binder,Magmatic Hellkite,TDM,Tarkir: Dragonstorm,111,normal,rare,1,104895,b3b3aec8-d931-4c7f-86b5-1e7dfb717b59,0.39,false,false,near_mint,en,USD,2026-08-01T06:49:52.064Z
collection,binder,One-Clown Band,UNF,Unfinity,117,normal,common,6,73250,b96e3f29-bb0d-49d0-9649-19c3c9b9f40d,0.05,false,false,near_mint,en,USD,2026-08-01T06:49:52.065Z
collection,binder,Loyal Apprentice,PIP,Fallout,190,normal,uncommon,1,92875,f5cd0e82-d2aa-4614-93a2-b84828866742,0.41,false,false,near_mint,en,USD,2026-08-01T06:49:52.066Z
collection,binder,Goblin Taskmaster,PLST,The List,ONS-210,normal,common,2,98385,d5667201-5e11-4f17-926f-c599363a4117,0.08,false,false,near_mint,en,USD,2026-08-01T06:49:52.067Z
collection,binder,Spitebellows,PLST,The List,MOR-105,normal,uncommon,2,98346,ceca5e8c-cdbd-4eeb-a696-f9ccabdd6588,0.12,false,false,near_mint,en,USD,2026-08-01T06:49:52.068Z
collection,binder,Blade Sliver,PLST,The List,LGN-88,normal,uncommon,1,97731,5b67144b-9b71-45e9-a0f8-90eddb21ce4d,0.25,false,false,near_mint,en,USD,2026-08-01T06:49:52.069Z
collection,binder,Crimson Fleet Commodore,CMR,Commander Legends,171,normal,common,1,56192,c90fdccf-30a6-40ee-9b35-83a6ee5c0681,0.17,false,false,near_mint,en,USD,2026-08-01T06:49:52.070Z
collection,binder,Goblin Guide,MB2,Mystery Booster 2,58,normal,rare,1,96674,1aac57a6-29c0-4ccb-b825-b1e04ae0ea3e,0.44,false,false,near_mint,en,USD,2026-08-01T06:49:52.071Z
collection,binder,Conspicuous Snoop,PLST,The List,M21-139,normal,rare,2,97418,20c9477a-7d7e-4ba7-adcc-6f103d242427,3.46,false,false,near_mint,en,USD,2026-08-01T06:49:52.072Z
collection,binder,Experimental Synthesizer,PLST,The List,NEO-138,normal,common,1,97531,3638828e-66f7-42e9-ba61-0ba06bce7a59,0.33,false,false,near_mint,en,USD,2026-08-01T06:49:52.073Z
collection,binder,Cori-Steel Cutter,TDM,Tarkir: Dragonstorm,103,normal,rare,1,104608,490eb213-9ae2-4b45-abec-6f1dfc83792a,4.87,false,false,near_mint,en,USD,2026-08-01T06:49:52.074Z
collection,binder,Improvised Arsenal,TMT,Teenage Mutant Ninja Turtles,92,normal,rare,1,110900,003265d9-b2fc-4916-afc8-53ed2d6aa053,0.47,false,false,near_mint,en,USD,2026-08-01T06:49:52.075Z
collection,binder,Spider-Verse,SPM,Marvel's Spider-Man,93,normal,mythic,1,108603,f8779eb2-1210-430d-8d42-3077053441ee,1.27,false,false,near_mint,en,USD,2026-08-01T06:49:52.076Z
collection,binder,Priority Boarding,UNF,Unfinity,119,normal,uncommon,1,72676,26243a5b-c489-4691-b1aa-347f7e0d2080,0.2,false,false,near_mint,en,USD,2026-08-01T06:49:52.077Z
collection,binder,Shock,SPM,Marvel's Spider-Man,88,normal,common,1,107645,760b41a1-c087-4b11-b8a0-fb01d8a4c0c6,0.15,false,false,near_mint,en,USD,2026-08-01T06:49:52.078Z
collection,binder,Flame Javelin,PLST,The List,DD2-53,normal,uncommon,1,97447,26120b50-67f2-4c01-9242-ccb80dc0fee5,0.07,false,false,near_mint,en,USD,2026-08-01T06:49:52.079Z
collection,binder,Explosive Welcome,PLST,The List,STX-100,normal,uncommon,1,98471,e89c93a8-3b19-44a7-bcf7-7091c449dd32,0.08,false,false,near_mint,en,USD,2026-08-01T06:49:52.081Z
collection,binder,Searing Blaze,PLST,The List,WWK-90,normal,common,1,97252,0008098c-2985-493f-bc37-0a8fb96cad65,0.56,false,false,near_mint,en,USD,2026-08-01T06:49:52.084Z
collection,binder,Dead // Gone,PLST,The List,PLC-113,normal,common,1,97460,27fe8b3b-5a1f-46c3-ac13-18098cdbde38,0.14,false,false,near_mint,en,USD,2026-08-01T06:49:52.085Z
collection,binder,Cinder Cloud,PLST,The List,MIR-165,normal,uncommon,1,97382,1938cb88-5ff5-4bf2-8a15-26b8cb39d00c,0.06,false,false,near_mint,en,USD,2026-08-01T06:49:52.087Z
collection,binder,Blazing Crescendo,PLST,The List,ONE-123,normal,common,1,97894,78cc674c-fa1e-4c18-86f6-034ca091d705,0.19,false,false,near_mint,en,USD,2026-08-01T06:49:52.088Z
collection,binder,Punishing Fire,PLST,The List,DDG-66,normal,uncommon,1,97793,66e97978-2a23-4368-b732-53d296c64d00,0.29,false,false,near_mint,en,USD,2026-08-01T06:49:52.089Z
collection,binder,Volatile Claws,PLST,The List,MH1-154,normal,common,1,98038,9246b6b1-c79b-4f19-a2b2-561503b22350,0.08,false,false,near_mint,en,USD,2026-08-01T06:49:52.091Z
collection,binder,Waltz of Rage,DSK,Duskmourn: House of Horror,318,normal,rare,1,99373,dcecce11-59e3-4c95-bff9-b02d004c917b,0.37,false,false,near_mint,en,USD,2026-08-01T06:49:52.093Z
collection,binder,Smash to Dust,PLST,The List,DMU-144,normal,common,1,98094,9eb28dd7-0852-410e-a139-cbda844b59d8,0.14,false,false,near_mint,en,USD,2026-08-01T06:49:52.094Z
collection,binder,Besmirch,PLST,The List,CN2-49,normal,uncommon,1,98339,cda07d5a-787f-413c-80b7-b3cf836ff6e4,0.3,false,false,near_mint,en,USD,2026-08-01T06:49:52.095Z
collection,binder,Spitting Earth,PLST,The List,P02-116,normal,common,1,97651,4e67ca90-5d9c-4df2-ae0b-02d5d74f5128,0.11,false,false,near_mint,en,USD,2026-08-01T06:49:52.096Z
collection,binder,Strafe,PLST,The List,PLS-73,normal,uncommon,1,98583,fe6a097b-ece7-4838-b47e-5951b40b1e51,0.09,false,false,near_mint,en,USD,2026-08-01T06:49:52.097Z
collection,binder,Grab the Prize,DSK,Duskmourn: House of Horror,138,normal,common,3,98823,50895202-f1a1-4840-a11a-55b78b8b5929,0.45,false,false,near_mint,en,USD,2026-08-01T06:49:52.098Z
collection,binder,Inspired Tinkering,PLST,The List,CLB-183,normal,uncommon,1,98012,8e4cfc1f-5075-481e-9314-8a99fe6f0f07,1.02,false,false,near_mint,en,USD,2026-08-01T06:49:52.099Z
collection,binder,Swelter,PLST,The List,JUD-101,normal,uncommon,2,97569,3b668202-7061-4391-92ae-742bc1643229,0.05,false,false,near_mint,en,USD,2026-08-01T06:49:52.100Z
collection,binder,Skewer the Critics,PLST,The List,RNA-115,normal,common,2,97786,650d7ff7-d324-4002-a536-04503aba6725,0.28,false,false,near_mint,en,USD,2026-08-01T06:49:52.101Z
collection,binder,Rite of Flame,MB2,Mystery Booster 2,59,normal,common,1,97037,cbd00730-3137-4a75-a061-0508d1882eff,5.91,false,false,near_mint,en,USD,2026-08-01T06:49:52.102Z
collection,binder,Electro's Bolt,SPM,Marvel's Spider-Man,77,foil,common,1,107620,25fe063f-35e4-4fca-9889-06834a8ef9b9,0.22,false,false,near_mint,en,USD,2026-08-01T06:49:52.103Z
collection,binder,Heroes' Hangout,SPM,Marvel's Spider-Man,79,normal,uncommon,1,108506,4148d7e8-6371-468c-858b-35254995409a,0.22,false,false,near_mint,en,USD,2026-08-01T06:49:52.104Z
collection,binder,Ramunap Ruins,PLST,The List,HOU-181,normal,uncommon,1,97557,39269bfc-9cc9-4ad2-add1-663ae47eb883,0.25,false,false,near_mint,en,USD,2026-08-01T06:49:52.106Z
collection,binder,Gwen Stacy // Ghost-Spider,SPM,Marvel's Spider-Man,78,normal,mythic,1,107878,b0f1597f-1dc7-465e-8fcb-0afe61bcca46,3.31,false,false,near_mint,en,USD,2026-08-01T06:49:52.107Z
collection,binder,"Shocker, Unshakable",SPM,Marvel's Spider-Man,89,normal,uncommon,1,107652,8b2c0d9a-364a-4823-aa4c-fe473d4463f0,0.16,false,false,near_mint,en,USD,2026-08-01T06:49:52.109Z
collection,binder,Stegron the Dinosaur Man,SPM,Marvel's Spider-Man,95,normal,common,1,107631,485ceacb-fa76-4517-8466-c3c6bf6bcd6e,0.16,false,false,near_mint,en,USD,2026-08-01T06:49:52.111Z
collection,binder,"Hobgoblin, Mantled Marauder",SPM,Marvel's Spider-Man,80,normal,uncommon,1,108636,50716fe3-7a19-431e-8758-984fc48d714e,0.24,false,false,near_mint,en,USD,2026-08-01T06:49:52.113Z
collection,binder,"Anax, Hardened in the Forge",PLST,The List,THB-125,normal,uncommon,1,98481,ea5ddcd1-ca5a-4d96-8d96-db2e144ed93b,0.15,false,false,near_mint,en,USD,2026-08-01T06:49:52.114Z
collection,binder,"Raphael, Tough Turtle",TMT,Teenage Mutant Ninja Turtles,104,normal,common,1,111390,f24c90c8-ed04-4b4e-8b19-c7d07a90c6b8,0.23,false,false,near_mint,en,USD,2026-08-01T06:49:52.115Z
collection,binder,Spider-Islanders,SPM,Marvel's Spider-Man,91,normal,common,1,107672,c9132e45-4ddb-4565-ac45-86f1ecc6230d,0.11,false,false,near_mint,en,USD,2026-08-01T06:49:52.116Z
collection,binder,Masked Meower,SPM,Marvel's Spider-Man,82,normal,common,1,107643,6aa0dc1f-6c83-4ac9-b4f2-428e0e0bbf88,0.19,false,false,near_mint,en,USD,2026-08-01T06:49:52.117Z
collection,binder,Hoarding Dragon,PLST,The List,IMA-134,normal,uncommon,2,83897,058ece01-b0be-45d2-ad11-ea9ab114303e,0.25,false,false,near_mint,en,USD,2026-08-01T06:49:52.118Z
collection,binder,Masked Meower,SPM,Marvel's Spider-Man,82,foil,common,1,107643,6aa0dc1f-6c83-4ac9-b4f2-428e0e0bbf88,0.21,false,false,near_mint,en,USD,2026-08-01T06:49:52.119Z
collection,binder,Scoria Cat,PLST,The List,PCY-101,normal,uncommon,2,98525,f2e7bcba-e81d-4f81-bb4e-092814dfd683,0.21,false,false,near_mint,en,USD,2026-08-01T06:49:52.120Z
collection,binder,Rapacious Dragon,2XM,Double Masters,140,normal,common,1,52149,6ca026be-d204-4ec2-a349-aac5fc3a05ec,0.24,false,false,near_mint,en,USD,2026-08-01T06:49:52.121Z
collection,binder,Unchained Berserker,PLST,The List,M20-164,normal,uncommon,2,97571,3c700d86-2e53-4e46-a606-f42cdfade875,0.12,false,false,near_mint,en,USD,2026-08-01T06:49:52.122Z
collection,binder,Purifying Dragon,PLST,The List,MID-155,normal,uncommon,1,98325,cb3f018c-5937-4815-acef-9db46b97750a,0.17,false,false,near_mint,en,USD,2026-08-01T06:49:52.123Z
collection,binder,Exuberant Fuseling,PLST,The List,ONE-129,normal,uncommon,1,98416,dcfcd84a-5cb2-4584-aea4-831545e8d9c5,0.14,false,false,near_mint,en,USD,2026-08-01T06:49:52.124Z
collection,binder,Mogg Conscripts,PLST,The List,TMP-189,normal,common,2,97927,7e624a3b-3371-42ee-895e-1f166f1a2e6e,0.08,false,false,near_mint,en,USD,2026-08-01T06:49:52.125Z
collection,binder,Young Red Dragon // Bathe in Gold,PLST,The List,CLB-210,normal,common,1,97492,2e391516-e04f-4432-aaa2-ee90ee564330,0.11,false,false,near_mint,en,USD,2026-08-01T06:49:52.126Z
collection,binder,Dragon's Rage Channeler,MB2,Mystery Booster 2,56,normal,uncommon,1,96893,8afabd77-d7b3-4544-b3ea-4423a6706b2e,1.06,false,false,near_mint,en,USD,2026-08-01T06:49:52.127Z
collection,binder,Goblin Matron,PLST,The List,USG-191,normal,common,2,97748,5e02cf82-0cab-42fb-b323-2e87193a4fc4,0.28,false,false,near_mint,en,USD,2026-08-01T06:49:52.128Z
collection,binder,Blood Knight,PLST,The List,PLC-115,normal,uncommon,2,97686,52ceed6a-fb66-4756-8332-920451300f7e,0.21,false,false,near_mint,en,USD,2026-08-01T06:49:52.129Z
collection,binder,Burning Palm Efreet,PLST,The List,MIR-161,normal,uncommon,1,97376,180df36d-7f7e-4a9d-985e-0b2d517476b9,0.08,false,false,near_mint,en,USD,2026-08-01T06:49:52.130Z
collection,binder,Mogg Raider,PLST,The List,TMP-191,normal,common,1,98587,ff2f5277-072d-4e15-9aca-ec76b48993d7,0.17,false,false,near_mint,en,USD,2026-08-01T06:49:52.131Z
collection,binder,Orcish Lumberjack,PLST,The List,DDL-44,normal,common,1,60641,1f2f7d4b-aa65-42ed-a441-8e35be96743c,2.54,false,false,near_mint,en,USD,2026-08-01T06:49:52.132Z
collection,binder,Nebula Dragon,EOE,Edge of Eternities,147,normal,common,1,107692,0ee509dd-9fba-4b6d-a9d4-cc8bf5822ddd,0.15,false,false,near_mint,en,USD,2026-08-01T06:49:52.133Z
collection,binder,Zookeeper Mechan,EOE,Edge of Eternities,170,normal,common,1,107744,8d5cd0be-4337-4aba-a4f6-5adab7735a73,0.23,false,false,near_mint,en,USD,2026-08-01T06:49:52.134Z
collection,binder,Terrapact Intimidator,EOE,Edge of Eternities,164,normal,uncommon,1,106957,13fe3358-fd68-4245-a2ad-aa9200cf4655,0.15,false,false,near_mint,en,USD,2026-08-01T06:49:52.135Z
collection,binder,Ragged Playmate,DSK,Duskmourn: House of Horror,150,normal,common,2,98762,000499a4-3f39-4d25-a2a2-b2f014e30754,0.19,false,false,near_mint,en,USD,2026-08-01T06:49:52.136Z
collection,binder,Goblin Cratermaker,PLST,The List,GRN-103,normal,uncommon,2,97762,60a041e7-4463-4fae-a2bb-0ba7334918d3,0.17,false,false,near_mint,en,USD,2026-08-01T06:49:52.137Z
collection,binder,Nimble Birdsticker,PLST,The List,M20-333,normal,common,2,98186,ac6d4b15-41d0-4647-8617-5cb5bb5fed55,0.13,false,false,near_mint,en,USD,2026-08-01T06:49:52.138Z
collection,binder,Simian Spirit Guide,MB2,Mystery Booster 2,61,normal,common,1,96942,9d367aa4-e85f-402e-b781-527808edcc0a,3.29,false,false,near_mint,en,USD,2026-08-01T06:49:52.139Z
collection,binder,Sparksmith,PLST,The List,ONS-235,normal,common,2,97404,1d9afb86-2e2a-4273-b1f4-f13e41b4aefa,0.15,false,false,near_mint,en,USD,2026-08-01T06:49:52.140Z
collection,binder,Goblin King,MB2,Mystery Booster 2,191,normal,rare,1,96821,6524a705-d6b0-405d-a10c-d3e46224e8fb,4.55,false,false,near_mint,en,USD,2026-08-01T06:49:52.141Z
collection,binder,Mogg Maniac,STH,Stronghold,94,normal,uncommon,1,36551,ddd33c58-f25d-4117-a266-75a91e9ddc75,0.98,false,false,near_mint,en,USD,2026-08-01T06:49:52.142Z
collection,binder,Electrostatic Field,PLST,The List,GRN-97,normal,uncommon,1,97488,2ddbabad-4f23-4138-a25e-9de1b80a1389,1.07,false,false,near_mint,en,USD,2026-08-01T06:49:52.143Z
collection,binder,Dwarven Recruiter,PLST,The List,ODY-186,normal,uncommon,2,85912,5d7fc253-55a3-4d56-bac4-4dbc1bcf255b,6.29,false,false,near_mint,en,USD,2026-08-01T06:49:52.144Z
collection,binder,Goblin Settler,MB2,Mystery Booster 2,131,normal,uncommon,1,97143,fc584e00-acff-41a3-9bfb-cc355b1219df,0.28,false,false,near_mint,en,USD,2026-08-01T06:49:52.145Z
collection,binder,Shocking Sharpshooter,TDM,Tarkir: Dragonstorm,121,normal,uncommon,1,104618,4a10342d-ca04-4d1e-bca9-79f531951a16,0.36,false,false,near_mint,en,USD,2026-08-01T06:49:52.146Z
collection,binder,Underfoot Underdogs,TDM,Tarkir: Dragonstorm,129,normal,common,1,104431,049acc79-1d68-410f-a081-88a7d40e823a,0.11,false,false,near_mint,en,USD,2026-08-01T06:49:52.147Z
collection,binder,Sunset Strikemaster,TDM,Tarkir: Dragonstorm,126,normal,uncommon,2,104394,f8f1a2f2-526d-4b2c-985b-0acfdc21a2ee,0.38,false,false,near_mint,en,USD,2026-08-01T06:49:52.148Z
collection,binder,Rescue Leopard,TDM,Tarkir: Dragonstorm,116,normal,common,2,105119,056136a8-84be-477c-b654-63238fb8236e,0.13,false,false,near_mint,en,USD,2026-08-01T06:49:52.149Z
collection,binder,Electro's Bolt,SPM,Marvel's Spider-Man,77,normal,common,2,107620,25fe063f-35e4-4fca-9889-06834a8ef9b9,0.12,false,false,near_mint,en,USD,2026-08-01T06:49:52.092Z
collection,binder,"Spider-Gwen, Free Spirit",SPM,Marvel's Spider-Man,90,normal,common,3,107626,3bc04fa7-6265-4549-91f6-eebdcd67398a,0.16,false,false,near_mint,en,USD,2026-08-01T06:49:52.108Z
collection,binder,Barren Moor,DSC,Duskmourn: House of Horror Commander,262,normal,uncommon,1,99102,380eb7fd-bc79-4cad-9c2b-9b2b10761a72,0.34,false,false,near_mint,en,USD,2026-08-01T07:33:06.139Z
collection,binder,Vault of Whispers,DSC,Duskmourn: House of Horror Commander,322,normal,common,1,99391,e85e4098-f872-4aa4-a71a-208b6090be28,4.81,false,false,near_mint,en,USD,2026-08-01T07:33:06.140Z
collection,binder,Anchovy & Banana Pizza,TMT,Teenage Mutant Ninja Turtles,57,normal,common,1,111568,44443ad2-ef8c-4106-ba1b-ee3fb6fd8b17,0.24,false,false,near_mint,en,USD,2026-08-01T07:33:06.141Z
collection,binder,Whip of Erebos,DSC,Duskmourn: House of Horror Commander,159,normal,rare,1,99309,b738612f-4e78-4b19-9392-6c074956d6e4,8.28,false,false,near_mint,en,USD,2026-08-01T07:33:06.142Z
collection,binder,Cemetery Tampering,DSC,Duskmourn: House of Horror Commander,135,normal,rare,1,99307,b6d4cf14-c43e-454b-ae76-3678617067f8,0.33,false,false,near_mint,en,USD,2026-08-01T07:33:06.143Z
collection,binder,Polluted Cistern // Dim Oubliette,DSC,Duskmourn: House of Horror Commander,23,normal,rare,1,99194,6a7c3370-6f79-417e-a98e-4341307e151b,0.4,false,false,near_mint,en,USD,2026-08-01T07:33:06.144Z
collection,binder,Demonic Covenant,DSC,Duskmourn: House of Horror Commander,19,normal,rare,1,99252,90e9b488-37fd-42db-b0f2-b6c5a15a6e36,0.34,false,false,near_mint,en,USD,2026-08-01T07:33:06.145Z
collection,binder,Curse of Shallow Graves,PLST,The List,C13-71,normal,uncommon,1,97262,02f6c39a-8f65-45b9-b632-8d101fb9646a,0.33,false,false,near_mint,en,USD,2026-08-01T07:33:06.147Z
collection,binder,Alien Symbiosis,SPM,Marvel's Spider-Man,50,normal,uncommon,1,108656,b898ccb7-758e-4f11-95e0-b412721d8bf9,0.15,false,false,near_mint,en,USD,2026-08-01T07:33:06.148Z
collection,binder,Scorpion's Sting,SPM,Marvel's Spider-Man,65,foil,common,1,107613,0fb03437-32cf-4c97-bf91-ea8b2ad3f964,0.22,false,false,near_mint,en,USD,2026-08-01T07:33:06.149Z
collection,binder,Death Pulse,PLST,The List,ONS-137,normal,uncommon,1,98196,afb8db0b-26c0-4dbc-b002-362ded68ce10,0.12,false,false,near_mint,en,USD,2026-08-01T07:33:06.150Z
collection,binder,Contagion,MB2,Mystery Booster 2,126,normal,uncommon,1,97119,f02d297c-d095-4c67-b88c-ef9401d475f6,0.33,false,false,near_mint,en,USD,2026-08-01T07:33:06.151Z
collection,binder,Shoot the Sheriff,OTJ,Outlaws of Thunder Junction,106,foil,uncommon,1,93063,180d6528-c524-4bb8-8a72-b3775cd2c177,0.53,false,false,near_mint,en,USD,2026-08-01T07:33:06.152Z
collection,binder,Caustic Exhale,TDM,Tarkir: Dragonstorm,74,normal,common,1,104284,488152ce-2048-4ccb-b2d6-b9628958286f,0.07,false,false,near_mint,en,USD,2026-08-01T07:33:06.153Z
collection,binder,Ultimate Price,PLST,The List,GK2-36,normal,uncommon,1,98508,ef70ef8a-8114-4008-814d-1f4139f5f0fd,0.13,false,false,near_mint,en,USD,2026-08-01T07:33:06.154Z
collection,binder,Battle-Rage Blessing,PLST,The List,DMU-80,normal,common,1,98139,a51bd240-9fbf-43b9-b918-54e42e9cb4df,0.12,false,false,near_mint,en,USD,2026-08-01T07:33:06.155Z
collection,binder,Betrayal of Flesh,PLST,The List,MRD-58,normal,uncommon,1,97371,1713b791-7092-420f-bea1-9a6a22496893,0.12,false,false,near_mint,en,USD,2026-08-01T07:33:06.156Z
collection,binder,Rush of Vitality,PLST,The List,KLD-99,normal,common,1,97936,7ff13c5e-4ac2-444b-85e2-c60d7811279d,0.2,false,false,near_mint,en,USD,2026-08-01T07:33:06.157Z
collection,binder,Reanimate,DSC,Duskmourn: House of Horror Commander,155,normal,rare,1,99098,368b6903-5fc4-43e7-bd44-46b8107c8bb4,9.12,false,false,near_mint,en,USD,2026-08-01T07:33:06.159Z
collection,binder,Deluge of Doom,DSC,Duskmourn: House of Horror Commander,18,normal,rare,1,99258,948927b2-087a-4f57-844e-68fc8ab01bc0,0.27,false,false,near_mint,en,USD,2026-08-01T07:33:06.160Z
collection,binder,Night's Whisper,DSC,Duskmourn: House of Horror Commander,79,normal,common,1,99242,8971a739-5e5e-4175-83a1-6af66319a440,0.34,false,false,near_mint,en,USD,2026-08-01T07:33:06.161Z
collection,binder,Shredder's Technique,TMT,Teenage Mutant Ninja Turtles,77,normal,uncommon,1,111312,99a24349-7d11-421b-a161-c1edbb8f53b1,0.28,false,false,near_mint,en,USD,2026-08-01T07:33:06.162Z
collection,binder,Barter in Blood,PLST,The List,MRD-57,normal,uncommon,1,97274,0524b83f-a03f-4a1d-9613-b0daf8c64a9a,0.1,false,false,near_mint,en,USD,2026-08-01T07:33:06.163Z
collection,binder,Raven's Crime,PLST,The List,EVE-41,normal,common,1,97901,7a67bfc7-da5e-443c-88c9-1c8739d074f2,0.17,false,false,near_mint,en,USD,2026-08-01T07:33:06.164Z
collection,binder,Urborg Repossession,PLST,The List,DMU-114,normal,common,1,97924,7dc5698e-f680-4428-9dcc-d1ce9d7ed552,0.21,false,false,near_mint,en,USD,2026-08-01T07:33:06.165Z
collection,binder,Ambition's Cost,PLST,The List,C15-113,normal,uncommon,1,97621,47dc6e81-a694-478c-99b0-d52eb0b695b4,0.21,false,false,near_mint,en,USD,2026-08-01T07:33:06.166Z
collection,binder,Stir the Sands,PLST,The List,AKH-110,normal,uncommon,1,97361,144b2a3e-681d-4a27-9402-fa0cab60df1d,0.1,false,false,near_mint,en,USD,2026-08-01T07:33:06.167Z
collection,binder,Attempted Murder,PLST,The List,UNF-66,normal,uncommon,1,97331,0edb62c4-34dd-4225-b68a-9ec11dec4fdf,0.32,false,false,near_mint,en,USD,2026-08-01T07:33:06.168Z
collection,binder,Tendrils of Agony,MB2,Mystery Booster 2,50,normal,uncommon,1,96794,597f5676-b669-4d0a-a96e-0843a9bf7395,0.22,false,false,near_mint,en,USD,2026-08-01T07:33:06.169Z
collection,binder,Buried Alive,PLST,The List,WTH-63,normal,uncommon,1,97851,71c69ce7-a2eb-4e6c-8441-53399f0a056c,1.25,false,false,near_mint,en,USD,2026-08-01T07:33:06.171Z
collection,binder,Sever Soul,PLST,The List,MMQ-159,normal,common,1,97660,4f5229ee-099a-4b19-8bb8-367f4c7cdc85,0.07,false,false,near_mint,en,USD,2026-08-01T07:33:06.172Z
collection,binder,Unearth,PLST,The List,ULG-72,normal,common,1,98142,a5a1ec89-c231-409b-91e1-158ce6abf558,0.79,false,false,near_mint,en,USD,2026-08-01T07:33:06.173Z
collection,binder,Skull Raid,PLST,The List,KHM-111,normal,common,1,98415,dce8098c-8536-4945-a968-eb38732512bf,0.13,false,false,near_mint,en,USD,2026-08-01T07:33:06.175Z
collection,binder,Ob Nixilis Reignited,DSC,Duskmourn: House of Horror Commander,152,normal,mythic,1,99166,5af237ad-9294-47f5-a338-f9ca4fce3e70,0.35,false,false,near_mint,en,USD,2026-08-01T07:33:06.181Z
collection,binder,"Scorpion, Seething Striker",SPM,Marvel's Spider-Man,64,normal,uncommon,1,107675,cf407e08-b27f-42ba-b824-75846a80e238,0.31,false,false,near_mint,en,USD,2026-08-01T07:33:06.182Z
collection,binder,"Venom, Evil Unleashed",SPM,Marvel's Spider-Man,71,normal,common,1,107664,ab3d51a4-40f0-4606-b5f9-2686c12fd54b,0.17,false,false,near_mint,en,USD,2026-08-01T07:33:06.183Z
collection,binder,Spider-Man Noir,SPM,Marvel's Spider-Man,67,normal,uncommon,1,107668,bc64366c-2691-48cd-bb4b-a4b088c6f16b,0.3,false,false,near_mint,en,USD,2026-08-01T07:33:06.184Z
collection,binder,"Tombstone, Career Criminal",SPM,Marvel's Spider-Man,70,normal,uncommon,1,107623,313189ef-fe6e-4511-9386-920a88a49a88,0.25,false,false,near_mint,en,USD,2026-08-01T07:33:06.186Z
collection,binder,Venomized Cat,SPM,Marvel's Spider-Man,72,normal,common,1,108527,6330f3e9-e031-4d55-b5d8-536c16bba063,0.15,false,false,near_mint,en,USD,2026-08-01T07:33:06.190Z
collection,binder,Rat Colony,MB2,Mystery Booster 2,47,normal,common,1,96869,7fa42ab8-876c-4467-927e-591ee6de330a,5.78,false,false,near_mint,en,USD,2026-08-01T07:33:06.192Z
collection,binder,Predatory Nightstalker,PLST,The List,VMA-134,normal,common,1,97599,41e5eaf2-ba5f-48b0-8bea-6b80357d8bc9,0.06,false,false,near_mint,en,USD,2026-08-01T07:33:06.193Z
collection,binder,Ghost-Lit Stalker,PLST,The List,SOK-69,normal,uncommon,1,97351,11ebf169-7268-4cda-b513-6063d64a60b5,0.08,false,false,near_mint,en,USD,2026-08-01T07:33:06.195Z
collection,binder,Cackling Witch,PLST,The List,MMQ-119,normal,uncommon,1,98299,c5008a07-962a-4771-b643-2d465d1f80d5,0.12,false,false,near_mint,en,USD,2026-08-01T07:33:06.197Z
collection,binder,Spectral Sliver,PLST,The List,LGN-83,normal,uncommon,1,98304,c647189a-38b9-4522-9fc1-327be378c988,0.23,false,false,near_mint,en,USD,2026-08-01T07:33:06.198Z
collection,binder,Grimdancer,PLST,The List,IKO-90,normal,uncommon,1,97544,37e0b920-7caf-4ae0-aaa4-6593a25f4634,0.14,false,false,near_mint,en,USD,2026-08-01T07:33:06.199Z
collection,binder,Gravpack Monoist,EOE,Edge of Eternities,104,normal,common,1,107701,2a968f01-36ef-4cf6-b1db-630c9cde2064,0.12,false,false,near_mint,en,USD,2026-08-01T07:33:06.200Z
collection,binder,Gutless Plunderer,FDN,Foundations,60,normal,common,1,101567,909d7778-c7f8-4fa4-89f2-8b32e86e96e4,0.13,false,false,near_mint,en,USD,2026-08-01T07:33:06.202Z
collection,binder,Skeletal Wurm,PLST,The List,ROE-127,normal,uncommon,1,98005,8d2210cd-9136-4563-bdbd-7638131a2d59,0.15,false,false,near_mint,en,USD,2026-08-01T07:33:06.203Z
collection,binder,Aphetto Exterminator,PLST,The List,LGN-59,normal,uncommon,1,97937,80f1c63b-f803-4614-91ff-fc00d6e4b2c6,0.05,false,false,near_mint,en,USD,2026-08-01T07:33:06.206Z
collection,binder,Brood of Cockroaches,PLST,The List,VIS-53,normal,uncommon,1,98280,c1a1ed04-cc30-46ec-ad96-6933923fd3a4,0.18,false,false,near_mint,en,USD,2026-08-01T07:33:06.207Z
collection,binder,Pitiless Plunderer,MB2,Mystery Booster 2,46,normal,uncommon,1,96831,6a4b4679-6ca9-49e1-a7ee-2b7a30e3e06c,3.52,false,false,near_mint,en,USD,2026-08-01T07:33:06.208Z
collection,binder,Filth,PLST,The List,JUD-66,normal,uncommon,1,97396,1b5d621a-2ec1-4d7b-8477-df6d9849fab5,5.64,false,false,near_mint,en,USD,2026-08-01T07:33:06.209Z
collection,binder,Insectoid Exterminator,TMT,Teenage Mutant Ninja Turtles,64,normal,common,1,111615,ff26f7ff-7f70-4204-9b48-de9e21dc89ec,0.09,false,false,near_mint,en,USD,2026-08-01T07:33:06.212Z
collection,binder,Corpse Harvester,PLST,The List,LGN-62,normal,uncommon,1,98220,b49430a6-8572-4959-a8ae-4b6fdcef440f,0.27,false,false,near_mint,en,USD,2026-08-01T07:33:06.213Z
collection,binder,Stitcher's Supplier,SLD,Secret Lair Drop,853,foil,rare,1,106928,4ad7ec71-b046-4470-88a7-11881265b6b8,3.76,false,false,near_mint,en,USD,2026-08-01T07:33:06.217Z
collection,binder,Plague Engineer,PLST,The List,MH1-100,normal,rare,1,97403,1d7c0837-7b87-48ae-a410-2462a6d1ea7e,0.25,false,false,near_mint,en,USD,2026-08-01T07:33:06.218Z
collection,binder,Coffin Queen,PLST,The List,TPR-87,normal,rare,1,98301,c5515d4d-1018-48df-afd6-9135d2826b88,0.8,false,false,near_mint,en,USD,2026-08-01T07:33:06.219Z
collection,binder,Vile Mutilator,DSK,Duskmourn: House of Horror,122,normal,uncommon,1,98811,383fe040-98bb-40f3-b809-48c429b83f47,0.26,false,false,near_mint,en,USD,2026-08-01T07:33:06.222Z
collection,binder,Carrion Grub,DSC,Duskmourn: House of Horror Commander,134,normal,uncommon,1,99212,74228c50-01d4-4712-9b1d-9c6e8552051d,0.29,false,false,near_mint,en,USD,2026-08-01T07:33:06.223Z
collection,binder,Stitcher's Supplier,DSC,Duskmourn: House of Horror Commander,157,normal,uncommon,1,99097,3677165d-be78-4011-92dd-8f1bc31302c1,0.39,false,false,near_mint,en,USD,2026-08-01T07:33:06.224Z
collection,binder,Noxious Gearhulk,TDC,Tarkir: Dragonstorm Commander,191,normal,mythic,1,104511,289c11b7-a460-4a2f-b11a-e1ba54bd1f34,0.34,false,false,near_mint,en,USD,2026-08-01T07:33:06.225Z
collection,binder,Venom's Hunger,SPM,Marvel's Spider-Man,73,normal,common,3,107611,01d276cd-e4ad-488f-8447-004aefad1ebb,0.17,false,false,near_mint,en,USD,2026-08-01T07:33:06.176Z
collection,binder,Risky Research,SPM,Marvel's Spider-Man,62,normal,common,2,107617,1f8aa705-6177-42e9-95cb-e7f880c186e3,0.23,false,false,near_mint,en,USD,2026-08-01T07:33:06.177Z
collection,binder,"Swarm, Being of Bees",SPM,Marvel's Spider-Man,69,normal,common,3,108576,cb83d54e-6641-4929-99ad-c0ba5b610902,0.2,false,false,near_mint,en,USD,2026-08-01T07:33:06.185Z
collection,binder,Common Crook,SPM,Marvel's Spider-Man,53,normal,common,2,108535,6f5872df-e692-44aa-b18d-22447f5f274c,0.17,false,false,near_mint,en,USD,2026-08-01T07:33:06.188Z
collection,binder,"Strefan, Maurer Progenitor",SLD,Secret Lair Drop,2501,normal,mythic,1,111143,d467f448-7cad-4bb9-92b9-3529f1e5805f,6.85,false,false,near_mint,en,USD,2026-08-01T17:51:48.137Z
collection,binder,Bloodletter of Aclazotz,SLD,Secret Lair Drop,2502,normal,mythic,1,111134,89dda260-836d-44e7-9540-13c352a1526c,40.12,false,false,near_mint,en,USD,2026-08-01T17:51:48.138Z
collection,binder,End the Festivities,SLD,Secret Lair Drop,2503,normal,rare,1,111130,7b82c1d9-9677-4940-9282-8ee345d37a4e,2.1,false,false,near_mint,en,USD,2026-08-01T17:51:48.139Z
collection,binder,Voldaren Estate,SLD,Secret Lair Drop,2504,normal,rare,1,111144,dd0ee2f1-d5be-4f60-a128-7011eef71f11,1.84,false,false,near_mint,en,USD,2026-08-01T17:51:48.140Z
collection,binder,Bloody Betrayal,SLD,Secret Lair Drop,7102,normal,rare,1,111673,9460ca4f-aea4-4c38-8e36-7467178986cc,0.76,false,false,near_mint,en,USD,2026-08-01T17:51:48.141Z
collection,binder,Sublime Epiphany,PLST,The List,M21-74,normal,rare,1,98213,b38c1c4a-5b5f-4d60-8d9c-cdd5db6ad4c5,0.29,false,false,near_mint,en,USD,2026-08-01T19:02:10.567Z
collection,binder,Wake Thrasher,PLST,The List,DDT-24,normal,rare,1,98053,9583b75d-26d9-4f6f-9029-61ec78445e22,0.28,false,false,near_mint,en,USD,2026-08-01T19:02:10.568Z
collection,binder,Blatant Thievery,PLST,The List,E02-8,normal,rare,1,98075,99c6600d-d55b-43d3-81f0-3a1da0637e86,1.27,false,false,near_mint,en,USD,2026-08-01T19:02:10.569Z
collection,binder,Dress Down,PLST,The List,MH2-39,normal,rare,1,97289,07ea7524-ed53-48b5-b273-cdec85e699ac,0.36,false,false,near_mint,en,USD,2026-08-01T19:02:10.570Z
collection,binder,Leap,PLST,The List,STH-35,normal,common,1,86084,fa65b4a1-f0ee-4337-98ab-2d925ce991ae,1.1,false,false,near_mint,en,USD,2026-08-01T19:02:10.571Z
collection,binder,Submerge,PLST,The List,NEM-48,normal,uncommon,1,98156,a720f867-eb3e-4b42-835a-1bdc19de8f7c,3.44,false,false,near_mint,en,USD,2026-08-01T19:02:10.572Z
collection,binder,An Offer You Can't Refuse,PLST,The List,SNC-51,normal,uncommon,1,97850,71c65e99-6caa-45e9-b619-6d7669ea4178,2.37,false,false,near_mint,en,USD,2026-08-01T19:02:10.573Z
collection,binder,Run Away Together,PLST,The List,CLB-92,normal,common,1,98068,98e42798-63d9-4543-906c-b56efaf1f618,0.13,false,false,near_mint,en,USD,2026-08-01T19:02:10.574Z
collection,binder,Curse of Verbosity,PLST,The List,C17-9,normal,uncommon,1,97511,31f55dc7-a70c-4f28-bb3a-ccc50937d9db,0.49,false,false,near_mint,en,USD,2026-08-01T19:02:10.575Z
collection,binder,Rush of Knowledge,PLST,The List,SCG-49,normal,common,1,98438,e0e63840-873e-43af-84e0-96d577a065f8,0.16,false,false,near_mint,en,USD,2026-08-01T19:02:10.576Z
collection,binder,Pemmin's Aura,PLST,The List,SCG-45,normal,uncommon,1,85917,6431d71c-f76c-4b36-9e11-b492ec67a266,10.29,false,false,near_mint,en,USD,2026-08-01T19:02:10.577Z
collection,binder,Cloud Djinn,PLST,The List,WTH-36,normal,uncommon,1,97592,4198dad6-ef91-4bee-99aa-9b7b1ecc0a96,0.12,false,false,near_mint,en,USD,2026-08-01T19:02:10.578Z
collection,binder,Aqueous Form,PLST,The List,THS-39,normal,common,1,98043,9360a01a-a002-4359-9bc4-f3766e9bc4fa,0.39,false,false,near_mint,en,USD,2026-08-01T19:02:10.579Z
collection,binder,Rushing River,PLST,The List,PLS-30,normal,common,1,97299,0a61a881-f0ac-4dbc-a3e2-8600d6dc54ca,0.14,false,false,near_mint,en,USD,2026-08-01T19:02:10.580Z
collection,binder,Frogify,PLST,The List,2XM-52,normal,common,1,97457,276d69a1-4b13-47c6-8ae1-d8d6ad62a409,0.22,false,false,near_mint,en,USD,2026-08-01T19:02:10.581Z
collection,binder,Whirler Rogue,PLST,The List,ORI-83,normal,uncommon,1,97363,150b14f7-f0b0-4713-83ce-344e0375204c,0.11,false,false,near_mint,en,USD,2026-08-01T19:02:10.582Z
collection,binder,Compulsion,PLST,The List,TOR-34,normal,uncommon,1,97976,88a3c637-71ea-4765-a7c5-4f3d1302cf90,0.16,false,false,near_mint,en,USD,2026-08-01T19:02:10.583Z
collection,binder,Experimental Augury,PLST,The List,ONE-49,normal,common,1,97342,10c5ce00-c7c7-4616-9848-a5f2e0d27d9f,0.25,false,false,near_mint,en,USD,2026-08-01T19:02:10.584Z
collection,binder,Cephalid Illusionist,PLST,The List,TOR-28,normal,uncommon,1,98545,f6499403-1632-45ec-b5fd-9f3ab2cd6446,1.04,false,false,near_mint,en,USD,2026-08-01T19:02:10.585Z
collection,binder,Perilous Research,PLST,The List,MMA-58,normal,common,1,97323,0d73f709-41b9-4847-956b-431e2cc020ac,0.29,false,false,near_mint,en,USD,2026-08-01T19:02:10.586Z
collection,binder,Hullbreacher,MB2,Mystery Booster 2,124,normal,rare,1,97019,c2a0530f-7b72-4a33-8eec-bcd75d9c3045,1.57,false,false,near_mint,en,USD,2026-08-01T19:02:10.587Z
collection,binder,Rishadan Cutpurse,PLST,The List,MMQ-93,normal,common,1,98398,d8b149b2-5003-4a69-99ed-1e5a155a480f,0.14,false,false,near_mint,en,USD,2026-08-01T19:02:10.588Z
collection,binder,Mana Breach,PLST,The List,EXO-38,normal,uncommon,1,97730,5ad012f6-b37f-4365-98de-71c84807ef74,0.32,false,false,near_mint,en,USD,2026-08-01T19:02:10.589Z
collection,binder,Serra Sphinx,PLST,The List,2XM-68,normal,uncommon,1,98066,98d9c9ae-26fc-420a-a7c4-9f2f806272ba,0.12,false,false,near_mint,en,USD,2026-08-01T19:02:10.590Z
collection,binder,Spectral Sailor,PLST,The List,M20-76,normal,uncommon,1,98018,8f7ab9b5-e1f7-4a4d-9217-e1aff655de37,0.11,false,false,near_mint,en,USD,2026-08-01T19:02:10.591Z
collection,binder,Irenicus's Vile Duplication,PLST,The List,CLB-78,normal,uncommon,1,97433,2418e448-039a-4786-9dec-fcd9e17520a4,11.13,false,false,near_mint,en,USD,2026-08-01T19:02:10.592Z
collection,binder,Grip of the Roil,PLST,The List,OGW-56,normal,uncommon,1,97810,6a0d9d02-1ef3-4e97-8f77-f8f49598ac99,0.14,false,false,near_mint,en,USD,2026-08-01T19:02:10.593Z
collection,binder,Cunning Wish,MB2,Mystery Booster 2,159,normal,rare,1,96875,826e1acd-776a-4293-a119-8e32487acfb9,0.77,false,false,near_mint,en,USD,2026-08-01T19:02:10.594Z
collection,binder,Wall of Tears,PLST,The List,STH-50,normal,uncommon,1,97540,377d93b2-3d4d-4c7f-9e4d-4e3165fb6790,0.39,false,false,near_mint,en,USD,2026-08-01T19:02:10.595Z
collection,binder,Forbid,PLST,The List,EXO-35,normal,uncommon,1,97804,697fbd3f-c4a7-4acc-a413-2a05418fb12f,0.69,false,false,near_mint,en,USD,2026-08-01T19:02:10.596Z
collection,binder,Mindbreak Trap,MB2,Mystery Booster 2,168,foil,mythic,1,96697,2829c546-71e7-4a22-95c0-906ee152d4b0,112.72,false,false,near_mint,en,USD,2026-08-01T19:02:10.597Z
collection,binder,Witness Protection,FDN,Foundations,168,foil,common,1,101621,f231e981-0069-43ce-ac1c-c85ced613e93,0.35,false,false,near_mint,en,USD,2026-08-01T19:02:10.598Z
collection,binder,Mischievous Mystic,FDN,Foundations,47,normal,uncommon,1,100242,20d89cec-528b-4b2a-87db-e11ce0000622,0.31,false,false,near_mint,en,USD,2026-08-01T19:02:10.599Z
collection,binder,Elementalist Adept,FDN,Foundations,36,normal,common,1,101605,d9768cc6-8f53-4922-ae32-376a2f32d719,0.12,false,false,near_mint,en,USD,2026-08-01T19:02:10.600Z
collection,binder,Run Away Together,FDN,Foundations,162,normal,common,1,101614,e598eb7b-10dc-49e6-ac60-2fefa987173e,0.16,false,false,near_mint,en,USD,2026-08-01T19:02:10.601Z
collection,binder,Floodpits Drowner,DSK,Duskmourn: House of Horror,59,normal,uncommon,1,98888,a6a62aa3-8edb-4000-8ebd-15ec4b00eed7,0.34,false,false,near_mint,en,USD,2026-08-01T19:02:10.602Z
collection,binder,Daggermaw Megalodon,DSK,Duskmourn: House of Horror,48,normal,common,1,98934,e72a38b9-29aa-4804-ab27-4c40321f0bc3,0.18,false,false,near_mint,en,USD,2026-08-01T19:02:10.603Z
collection,binder,Cryoshatter,EOE,Edge of Eternities,53,normal,common,1,107738,7b62b1e2-9e43-4a66-a647-7e5de2871f2a,0.17,false,false,near_mint,en,USD,2026-08-01T19:02:10.604Z
collection,binder,Chrome Host Seedshark,PMEI,Media and Collaboration Promos,2025-20,foil,rare,1,108938,a09a19c4-f572-4921-89f4-1515da9fccde,0.26,false,false,near_mint,en,USD,2026-08-01T19:02:10.605Z
collection,binder,Time Ebb,PLST,The List,POR-75,normal,common,1,97420,21446908-8f2d-4a05-910c-7521a231e8b7,0.11,false,false,near_mint,en,USD,2026-08-01T19:02:10.606Z
collection,binder,Stormbound Geist,PLST,The List,DKA-51,normal,common,1,97272,04e27d9c-e9be-48a6-a0ec-fc96aef3b637,0.08,false,false,near_mint,en,USD,2026-08-01T19:02:10.607Z
collection,binder,Merchant Scroll,MB2,Mystery Booster 2,167,normal,common,1,96930,979ad872-75c2-49ed-a4c6-7e0c7595e900,4.61,false,false,near_mint,en,USD,2026-08-01T19:02:10.608Z
collection,binder,Weatherseed Faeries,PLST,The List,ULG-48,normal,common,1,98198,b04cf93a-91d3-4e43-bb35-9e13b4a8be78,0.14,false,false,near_mint,en,USD,2026-08-01T19:02:10.609Z
collection,binder,Reality Shift,PLST,The List,NEC-95,normal,uncommon,1,97543,37aa5127-f3b3-4b44-bc91-ad20b6a5eb3d,0.26,false,false,near_mint,en,USD,2026-08-01T19:02:10.610Z
collection,binder,Horizon Scholar,PLST,The List,THS-51,normal,uncommon,1,97277,0584e234-4ce9-4e17-a1cf-d6dafc4e1374,0.04,false,false,near_mint,en,USD,2026-08-01T19:02:10.611Z
collection,binder,Ghostly Flicker,PLST,The List,KHC-39,normal,common,1,98004,8cf1402d-6506-4c33-b069-700741a6df81,1.13,false,false,near_mint,en,USD,2026-08-01T19:02:10.612Z
collection,binder,Hard Evidence,PLST,The List,MH2-46,normal,common,1,63934,d836754e-a45b-4a89-913a-949386a12fdf,0.2,false,false,near_mint,en,USD,2026-08-01T19:02:10.613Z
collection,binder,Echoing Truth,PLST,The List,DMC-109,normal,common,1,97627,490c1af2-5ec1-45cf-aa51-959eea94948b,0.17,false,false,near_mint,en,USD,2026-08-01T19:02:10.614Z
collection,binder,Lifetap,MB2,Mystery Booster 2,125,normal,uncommon,1,96707,2d0ad4a4-9351-4488-960d-a319d2659156,0.27,false,false,near_mint,en,USD,2026-08-01T19:02:10.615Z
collection,binder,Sprite Noble,PLST,The List,EMA-73,normal,uncommon,1,98464,e6b52ea2-d348-4789-ad69-757209e0a3cf,0.19,false,false,near_mint,en,USD,2026-08-01T19:02:10.616Z
collection,binder,Tempest Caller,PLST,The List,XLN-86,normal,uncommon,1,97290,080d9565-bcd3-4ce3-bcff-9848782722c7,0.25,false,false,near_mint,en,USD,2026-08-01T19:02:10.617Z
collection,binder,Waker of Waves,PLST,The List,M21-84,normal,uncommon,1,97579,3e2c3304-1bd9-44bb-bd91-00b3a089be00,0.15,false,false,near_mint,en,USD,2026-08-01T19:02:10.618Z
collection,binder,Divide by Zero,PLST,The List,STX-41,normal,uncommon,1,97327,0e6d81e3-c83f-495a-b947-154fb4551a32,0.08,false,false,near_mint,en,USD,2026-08-01T19:02:10.619Z
collection,binder,Annex,PLST,The List,ONS-63,normal,uncommon,1,97979,89284ded-7862-488d-80ea-dcc5020c41e5,0.11,false,false,near_mint,en,USD,2026-08-01T19:02:10.620Z
collection,binder,Rapid Hybridization,PLST,The List,C21-126,normal,uncommon,1,98086,9c9d4ea4-2ca2-46d2-b196-e0f5e1100edf,0.8,false,false,near_mint,en,USD,2026-08-01T19:02:10.621Z
collection,binder,Reset,MB2,Mystery Booster 2,170,normal,uncommon,1,96663,16ab9d29-8094-47eb-8106-d29ffb0c2266,3.14,false,false,near_mint,en,USD,2026-08-01T19:02:10.622Z
collection,binder,Neutralize,PLST,The List,IKO-59,normal,uncommon,1,97574,3cb641de-1804-4e0d-a067-eefca11ad6bf,0.17,false,false,near_mint,en,USD,2026-08-01T19:02:10.623Z
collection,binder,Aven Fisher,PLST,The List,ODY-63,normal,common,1,99969,cca463c7-bd2f-48d8-a022-ab2c9e04d92d,0.04,false,false,near_mint,en,USD,2026-08-01T19:02:10.624Z
collection,binder,Fade Away,PLST,The List,EXO-34,normal,common,1,97898,79cbb670-0933-4e9a-a08a-e10b4ee5f8c1,0.3,false,false,near_mint,en,USD,2026-08-01T19:02:10.625Z
collection,binder,Cephalid Broker,PLST,The List,ODY-71,normal,uncommon,1,98457,e55e26c4-96bf-4df9-b938-594952ff3f92,0.12,false,false,near_mint,en,USD,2026-08-01T19:02:10.626Z
collection,binder,Snap,PLST,The List,ULG-43,normal,common,1,97941,81906424-7535-4d9a-ad1d-af664c24bd51,3.66,false,false,near_mint,en,USD,2026-08-01T19:02:10.627Z
collection,binder,Telekinetic Sliver,PLST,The List,TSP-84,normal,uncommon,1,98240,b84dc436-8535-4e66-8568-7776f2020f90,0.31,false,false,near_mint,en,USD,2026-08-01T19:02:10.628Z
collection,binder,Drift of Phantasms,PLST,The List,RAV-46,normal,common,1,55134,f5388f0c-d7d7-40d7-ae23-589c80ecd881,0.38,false,false,near_mint,en,USD,2026-08-01T19:02:10.629Z
collection,binder,Chemister's Insight,PLST,The List,GRN-32,normal,uncommon,1,55017,8ba2b013-a2eb-4712-b6c3-f7d37186368f,0.19,false,false,near_mint,en,USD,2026-08-01T19:02:10.630Z
collection,binder,Siren Stormtamer,PLST,The List,XLN-79,normal,uncommon,1,98023,909a4eeb-2b5b-4b79-be32-26810ea7bc5c,0.33,false,false,near_mint,en,USD,2026-08-01T19:02:10.631Z
collection,binder,Legacy's Allure,PLST,The List,TMP-71,normal,uncommon,1,97628,4955a3de-4b56-4341-a26e-59aeb02f154f,0.2,false,false,near_mint,en,USD,2026-08-01T19:02:10.632Z
collection,binder,School Daze,SPM,Marvel's Spider-Man,42,normal,uncommon,1,108590,e5b61b9d-31a2-4e09-9612-4980bf8de708,0.16,false,false,near_mint,en,USD,2026-08-01T19:02:10.633Z
collection,binder,Oscorp Research Team,SPM,Marvel's Spider-Man,40,normal,common,1,107662,a800ffb4-0c48-41eb-b221-cf1d855131d9,0.06,false,false,near_mint,en,USD,2026-08-01T19:02:10.634Z
collection,binder,"Madame Web, Clairvoyant",SPM,Marvel's Spider-Man,36,normal,uncommon,1,108558,a16ca3fc-3cdf-4333-93e0-524afafe367b,0.18,false,false,near_mint,en,USD,2026-08-01T19:02:10.637Z
collection,binder,Whoosh!,SPM,Marvel's Spider-Man,48,normal,common,1,107673,ccc05deb-ad8d-4fae-a7a4-2b2a118fc696,0.17,false,false,near_mint,en,USD,2026-08-01T19:02:10.638Z
collection,binder,Secret Identity,SPM,Marvel's Spider-Man,43,normal,uncommon,1,108632,37a31d84-e87b-406e-9249-fae1b5e23e72,0.27,false,false,near_mint,en,USD,2026-08-01T19:02:10.639Z
collection,binder,Spider-Man No More,SPM,Marvel's Spider-Man,45,normal,common,1,108642,72dbab11-96ed-43db-8b59-ceca47c8cd22,0.22,false,false,near_mint,en,USD,2026-08-01T19:02:10.643Z
collection,binder,Robotics Mastery,SPM,Marvel's Spider-Man,41,normal,uncommon,1,108578,d0e92939-6d86-44b4-8a43-1963e97a2bb3,0.12,false,false,near_mint,en,USD,2026-08-01T19:02:10.644Z
collection,binder,"Hydro-Man, Fluid Felon",SPM,Marvel's Spider-Man,33,normal,rare,1,108589,e53115a4-8959-40fa-b763-931504a1c5a2,0.32,false,false,near_mint,en,USD,2026-08-01T19:02:10.648Z
collection,binder,Amazing Acrobatics,SPM,Marvel's Spider-Man,25,normal,common,3,108554,9a2f6d84-3d83-4f48-9906-11f681171930,0.24,false,false,near_mint,en,USD,2026-08-01T19:02:10.635Z
collection,binder,Doc Ock's Henchmen,SPM,Marvel's Spider-Man,30,normal,common,3,107659,a383c442-3f4a-4115-97e4-23f0eb88465b,0.22,false,false,near_mint,en,USD,2026-08-01T19:02:10.636Z
collection,binder,"Beetle, Legacy Criminal",SPM,Marvel's Spider-Man,26,normal,common,2,107658,a194f930-c99f-4915-8a62-e20ab2b4ad1f,0.14,false,false,near_mint,en,USD,2026-08-01T19:02:10.645Z
collection,binder,Radioactive Spider,SPM,Marvel's Spider-Man,285,foil,rare,1,108501,3173112e-8975-4bba-84b7-6ba27503dc82,0.44,false,false,near_mint,en,USD,2026-08-01T19:32:48.349Z
collection,binder,Tree of Tales,DSC,Duskmourn: House of Horror Commander,319,normal,common,1,99109,3b3134b3-1bad-4b41-9e56-700125ff31fa,1.07,false,false,near_mint,en,USD,2026-08-01T19:32:48.350Z
collection,binder,Tranquil Thicket,DSC,Duskmourn: House of Horror Commander,318,normal,common,1,99221,7aed7d9d-d796-493e-98fd-c5b1a26621ed,0.3,false,false,near_mint,en,USD,2026-08-01T19:32:48.351Z
collection,binder,Dryad Arbor,DSC,Duskmourn: House of Horror Commander,273,normal,rare,1,99383,e3ddbebf-72cd-4d1b-ba0d-d94934654ab7,3.59,false,false,near_mint,en,USD,2026-08-01T19:32:48.352Z
collection,binder,Wrenn and Seven,DSC,Duskmourn: House of Horror Commander,207,normal,mythic,1,99077,213ac11e-f28f-46ed-b387-d83f59d2a82e,0.94,false,false,near_mint,en,USD,2026-08-01T19:32:48.353Z
collection,binder,"Titania, Nature's Force",DSC,Duskmourn: House of Horror Commander,202,normal,mythic,1,99055,1230be09-8436-4023-bb8b-d325456c0914,0.93,false,false,near_mint,en,USD,2026-08-01T19:32:48.354Z
collection,binder,Scavenging Ooze,DSC,Duskmourn: House of Horror Commander,196,normal,rare,1,99107,398ebc01-19db-4418-abda-cc401539db93,0.37,false,false,near_mint,en,USD,2026-08-01T19:32:48.355Z
collection,binder,"Ishkanah, Grafwidow",DSC,Duskmourn: House of Horror Commander,187,normal,mythic,1,99089,2a61bad1-f212-4d9b-8422-8ec548b8155c,1.0,false,false,near_mint,en,USD,2026-08-01T19:32:48.356Z
collection,binder,Inscription of Abundance,DSC,Duskmourn: House of Horror Commander,186,normal,rare,1,99354,d0429a79-af7a-4de1-be3a-773498cfdc22,0.67,false,false,near_mint,en,USD,2026-08-01T19:32:48.357Z
collection,binder,Hornet Queen,DSC,Duskmourn: House of Horror Commander,184,normal,rare,1,99300,b2af9184-df81-413b-abcf-331c4471e6d4,0.4,false,false,near_mint,en,USD,2026-08-01T19:32:48.358Z
collection,binder,Giant Adephage,DSC,Duskmourn: House of Horror Commander,179,normal,mythic,1,99241,893b22a7-b46c-4473-8d88-11ddf4406af1,0.38,false,false,near_mint,en,USD,2026-08-01T19:32:48.359Z
collection,binder,Deathcap Cultivator,DSC,Duskmourn: House of Horror Commander,175,normal,rare,1,99060,17f9339a-d327-4239-a0d8-12f7ff58982b,0.32,false,false,near_mint,en,USD,2026-08-01T19:32:48.360Z
collection,binder,Arachnogenesis,DSC,Duskmourn: House of Horror Commander,169,normal,rare,1,99416,f5f18431-64c0-4ae5-bdc1-1e953313f086,7.7,false,false,near_mint,en,USD,2026-08-01T19:32:48.361Z
collection,binder,Moldgraf Monstrosity,DSC,Duskmourn: House of Horror Commander,83,normal,rare,1,99205,714ba062-f8ae-4ae6-a1c2-8fa093cc0fb2,0.36,false,false,near_mint,en,USD,2026-08-01T19:32:48.362Z
collection,binder,Ursine Monstrosity,DSC,Duskmourn: House of Horror Commander,36,normal,rare,1,99211,73cc6df4-3564-4ace-bf8a-eac3e62d725a,0.33,false,false,near_mint,en,USD,2026-08-01T19:32:48.363Z
collection,binder,Formless Genesis,DSC,Duskmourn: House of Horror Commander,34,normal,rare,1,99223,7b8f0323-8027-49cb-962e-a06badb1c41b,0.32,false,false,near_mint,en,USD,2026-08-01T19:32:48.364Z
collection,binder,Demolisher Spawn,DSC,Duskmourn: House of Horror Commander,31,normal,rare,1,99059,16b97600-e4cf-4b9e-8f2d-2eb74298eb54,0.36,false,false,near_mint,en,USD,2026-08-01T19:32:48.365Z
collection,binder,Skola Grovedancer,DSC,Duskmourn: House of Horror Commander,199,normal,common,1,99351,ce7753e0-2838-49c2-acd0-80b534f43bad,0.25,false,false,near_mint,en,USD,2026-08-01T19:32:48.366Z
collection,binder,Sakura-Tribe Elder,DSC,Duskmourn: House of Horror Commander,194,normal,common,1,99220,7a0dd468-9317-42bd-946d-ef96805fc6a4,0.3,false,false,near_mint,en,USD,2026-08-01T19:32:48.367Z
collection,binder,Rampant Growth,DSC,Duskmourn: House of Horror Commander,193,normal,common,1,99130,4614738e-64f8-4ce4-8fbe-add2119c2eef,0.46,false,false,near_mint,en,USD,2026-08-01T19:32:48.368Z
collection,binder,Obsessive Skinner,DSC,Duskmourn: House of Horror Commander,191,normal,uncommon,1,99280,a4276c32-e3f8-45e0-8202-43410b1f3d2e,0.25,false,false,near_mint,en,USD,2026-08-01T19:32:48.369Z
collection,binder,Mulch,DSC,Duskmourn: House of Horror Commander,189,normal,common,1,99271,9f6afdab-b41f-4713-b74a-e90e8bbbaf0a,0.3,false,false,near_mint,en,USD,2026-08-01T19:32:48.370Z
collection,binder,Moldgraf Millipede,DSC,Duskmourn: House of Horror Commander,188,normal,common,1,99390,e812e308-1361-4131-bd4a-ccc480afaa34,0.27,false,false,near_mint,en,USD,2026-08-01T19:32:48.371Z
collection,binder,Harrow,DSC,Duskmourn: House of Horror Commander,183,normal,common,1,99317,ba887a1b-0c05-49c7-964f-54f664e41f8a,0.36,false,false,near_mint,en,USD,2026-08-01T19:32:48.372Z
collection,binder,Harmonize,DSC,Duskmourn: House of Horror Commander,182,normal,uncommon,1,99236,839b9c4c-0752-4d4f-abbb-ec2c9f9e55fa,0.35,false,false,near_mint,en,USD,2026-08-01T19:32:48.373Z
collection,binder,Gnarlwood Dryad,DSC,Duskmourn: House of Horror Commander,180,normal,uncommon,1,99250,8eae5e38-49ee-49ef-87ca-7b570d9ca2b8,0.29,false,false,near_mint,en,USD,2026-08-01T19:32:48.374Z
collection,binder,Crawling Sensation,DSC,Duskmourn: House of Horror Commander,173,normal,uncommon,1,99380,e1b6af08-5041-4a9f-a61d-aae6ff892ac3,0.32,false,false,near_mint,en,USD,2026-08-01T19:32:48.375Z
collection,binder,Grapple with the Past,DSC,Duskmourn: House of Horror Commander,82,normal,common,1,99237,8416e340-ebc9-4ea6-a331-a83baa28201c,0.3,false,false,near_mint,en,USD,2026-08-01T19:32:48.376Z
collection,binder,"Ezekiel Sims, Spider-Totem",SPM,Marvel's Spider-Man,100,normal,uncommon,2,108571,bb7c3ae2-6b01-4472-8bd1-9a7456401ddc,0.22,false,false,near_mint,en,USD,2026-08-01T19:32:48.377Z
collection,binder,"Spider-Rex, Daring Dino",SPM,Marvel's Spider-Man,116,normal,common,2,107636,5b6e0bea-f126-4adb-8808-901950a77c7b,0.18,false,false,near_mint,en,USD,2026-08-01T19:32:48.378Z
collection,binder,Golgari Grave-Troll,PLST,The List,UMA-167,normal,rare,1,97724,59760021-243b-4fb8-ada6-b13733fe2ffc,0.9,false,false,near_mint,en,USD,2026-08-01T19:32:48.379Z
collection,binder,Shared Summons,PLST,The List,M20-193,normal,rare,1,98484,eac4bcea-7012-4e26-8aef-4b57a1c804f2,1.06,false,false,near_mint,en,USD,2026-08-01T19:32:48.380Z
collection,binder,Vine Mare,PLST,The List,M19-207,normal,uncommon,1,98466,e7356b4e-cb2b-4e40-8b1e-e89350b6a425,0.13,false,false,near_mint,en,USD,2026-08-01T19:32:48.381Z
collection,binder,Invigorate,PLST,The List,MMQ-254,normal,common,1,97541,3781f2ee-5d45-4d0b-b0e1-78cc4f11373a,0.33,false,false,near_mint,en,USD,2026-08-01T19:32:48.382Z
collection,binder,Warbriar Blessing,PLST,The List,THB-204,normal,common,1,98402,d9d29f03-bb27-406b-92bb-b3e6d3b8973c,0.11,false,false,near_mint,en,USD,2026-08-01T19:32:48.383Z
collection,binder,Kraul Harpooner,PLST,The List,GRN-136,normal,uncommon,1,97759,60085f53-b989-47c1-8c63-f3f099a0be8a,0.14,false,false,near_mint,en,USD,2026-08-01T19:32:48.384Z
collection,binder,Manabond,MB2,Mystery Booster 2,208,foil,rare,1,97101,e9e9a569-4a6a-4440-a99c-aa608ee3dacc,16.13,false,false,near_mint,en,USD,2026-08-01T19:32:48.385Z
collection,binder,Elvish Reclaimer,MB2,Mystery Booster 2,205,normal,rare,1,96730,3826a901-7219-46d1-acae-07a981877149,4.41,false,false,near_mint,en,USD,2026-08-01T19:32:48.386Z
collection,binder,Diligent Farmhand,PLST,The List,ODY-237,normal,common,1,98506,ef169286-1dc3-4df8-9887-f45b6e706dee,0.19,false,false,near_mint,en,USD,2026-08-01T19:32:48.387Z
collection,binder,Nissa's Judgment,PLST,The List,DDU-21,normal,uncommon,1,98363,d10ff628-c0bd-4ed0-b927-3f2746aefa10,0.14,false,false,near_mint,en,USD,2026-08-01T19:32:48.388Z
collection,binder,Invigorating Surge,PLST,The List,M21-190,normal,uncommon,1,98579,fdb13921-c43e-4935-bef6-02089eff1cdb,0.3,false,false,near_mint,en,USD,2026-08-01T19:32:48.389Z
collection,binder,Hunter's Mark,PLST,The List,AFR-188,normal,uncommon,1,97839,6f5fdac5-c40b-43b5-b9f1-cf9bfa1664c9,0.12,false,false,near_mint,en,USD,2026-08-01T19:32:48.390Z
collection,binder,Ainok Wayfarer,TDM,Tarkir: Dragonstorm,134,normal,common,1,105133,57695a9b-8f72-4ccc-a946-5d5037b09b8f,0.21,false,false,near_mint,en,USD,2026-08-01T19:32:48.391Z
collection,binder,Krotiq Nestguard,TDM,Tarkir: Dragonstorm,148,normal,common,1,104862,a5d0a9fb-1068-478d-a78c-6fd77cc313f0,0.08,false,false,near_mint,en,USD,2026-08-01T19:32:48.392Z
collection,binder,Nature's Claim,MB2,Mystery Booster 2,69,normal,common,1,96731,382bfdec-ba99-4bf4-8461-34eee979f9dc,0.56,false,false,near_mint,en,USD,2026-08-01T19:32:48.393Z
collection,binder,Land Grant,PLST,The List,MMQ-255,normal,common,1,97408,1e3501bf-3c76-4cd7-9d96-86cf3bbdd0df,1.74,false,false,near_mint,en,USD,2026-08-01T19:32:48.394Z
collection,binder,Streetwise Negotiator,PLST,The List,MOM-207,normal,uncommon,1,98450,e4885101-989f-4c1c-94aa-69223d38c8e3,0.07,false,false,near_mint,en,USD,2026-08-01T19:32:48.395Z
collection,binder,Charge Through,PLST,The List,STX-124,normal,common,1,97648,4e083cc9-e3df-4226-a842-1d6303d0faa6,0.16,false,false,near_mint,en,USD,2026-08-01T19:32:48.396Z
collection,binder,Wirewood Guardian,PLST,The List,SCG-132,normal,common,1,97965,85dc1ff4-c37f-46a1-b2a6-8586043f0eed,0.09,false,false,near_mint,en,USD,2026-08-01T19:32:48.397Z
collection,binder,One with Nature,PLST,The List,SCG-125,normal,uncommon,1,98277,c11b64cb-6e7e-4ad9-8f65-e21c03f8d488,1.19,false,false,near_mint,en,USD,2026-08-01T19:32:48.398Z
collection,binder,Hedge Troll,PLST,The List,PLC-151,normal,uncommon,1,97321,0d630d35-caf0-4c3c-aad7-a3c08248ed1c,0.12,false,false,near_mint,en,USD,2026-08-01T19:32:48.399Z
collection,binder,Incremental Growth,PLST,The List,LRW-221,normal,uncommon,1,98205,b1fde3ae-42a8-4471-b3c0-d046c53ca5e2,0.14,false,false,near_mint,en,USD,2026-08-01T19:32:48.400Z
collection,binder,Baloth Woodcrasher,PLST,The List,ZEN-157,normal,uncommon,1,97366,15f58182-86c7-4e1a-8a28-00063a6ca778,0.11,false,false,near_mint,en,USD,2026-08-01T19:32:48.401Z
collection,binder,Scale Up,PLST,The List,MH1-179,normal,uncommon,1,98250,b9bc32cf-8e1f-41ce-a1de-163a16d063d6,0.45,false,false,near_mint,en,USD,2026-08-01T19:32:48.402Z
collection,binder,Massive Might,PLST,The List,VOW-208,normal,common,1,97508,31aae94e-9bee-4c78-8427-1efdb9229548,0.13,false,false,near_mint,en,USD,2026-08-01T19:32:48.403Z
collection,binder,Rise of the Ants,PLST,The List,MID-196,normal,uncommon,1,97906,7b00ea7e-da6e-4ebd-b39a-eb4657a1f9a5,0.07,false,false,near_mint,en,USD,2026-08-01T19:32:48.404Z
collection,binder,Evolution Charm,PLST,The List,PLC-127,normal,common,1,97764,6175774e-9c92-4653-b572-f2edb0bb3367,0.15,false,false,near_mint,en,USD,2026-08-01T19:32:48.405Z
collection,binder,Norwood Priestess,MB2,Mystery Booster 2,211,normal,rare,1,96936,99a0d1c7-651a-4018-b0de-691cad8e8a56,1.2,false,false,near_mint,en,USD,2026-08-01T19:32:48.406Z
collection,binder,Wickerbough Elder,PLST,The List,EVE-80,normal,common,1,97788,6557451d-6ae3-42af-9300-5de0a3ebc5c5,0.13,false,false,near_mint,en,USD,2026-08-01T19:32:48.407Z
collection,binder,Wirewood Channeler,PLST,The List,LGN-144,normal,uncommon,1,98266,bd9f8f0d-d274-44f2-8f6d-855b8d60f2ad,0.97,false,false,near_mint,en,USD,2026-08-01T19:32:48.408Z
collection,binder,Gaea's Gift,PLST,The List,BRO-182,normal,common,1,98104,9fb50748-97b7-43f8-ba4f-b7024d122cfb,1.0,false,false,near_mint,en,USD,2026-08-01T19:32:48.409Z
collection,binder,Sarulf's Packmate,PLST,The List,KHM-192,normal,common,1,98034,91a09c8f-24ec-4c54-916c-6d5353a335c4,0.14,false,false,near_mint,en,USD,2026-08-01T19:32:48.410Z
collection,binder,Gamekeeper,PLST,The List,UDS-106,normal,uncommon,1,97400,1cf7ce74-ffb8-4903-8927-76995b7dd566,0.21,false,false,near_mint,en,USD,2026-08-01T19:32:48.411Z
collection,binder,Oakhame Adversary,PLST,The List,ELD-167,normal,uncommon,1,97611,44f0d3cb-233a-4c4f-ac44-c87e218d0a09,0.2,false,false,near_mint,en,USD,2026-08-01T19:32:48.412Z
collection,binder,Inspiring Call,FDN,Foundations,226,normal,uncommon,1,100400,3e241642-5172-4437-b694-f6aa159d5cd9,0.36,false,false,near_mint,en,USD,2026-08-01T19:38:02.821Z
collection,binder,Dwynen's Elite,FDN,Foundations,218,normal,common,1,100800,89d94c28-ea2e-4a3d-935f-6b2d9f2efc7a,0.21,false,false,near_mint,en,USD,2026-08-01T19:38:02.822Z
collection,binder,Enduring Vitality,DSK,Duskmourn: House of Horror,176,normal,rare,1,98992,9d76a30c-0431-4334-892a-9822dda9671a,17.88,false,false,near_mint,en,USD,2026-08-01T19:38:02.823Z
collection,binder,Anthropede,DSK,Duskmourn: House of Horror,167,normal,common,1,98824,51216ab0-9806-4faa-afbd-143e95dc255b,0.05,false,false,near_mint,en,USD,2026-08-01T19:38:02.824Z
collection,binder,Cautious Survivor,DSK,Duskmourn: House of Horror,172,normal,common,1,98937,ee2b4c1a-e058-4e06-bc46-e250fd9c9b54,0.06,false,false,near_mint,en,USD,2026-08-01T19:38:02.825Z
collection,binder,Gene Pollinator,EOE,Edge of Eternities,186,foil,common,1,107772,ce7a8eec-a029-4ee1-b2d6-405d903d4640,0.42,false,false,near_mint,en,USD,2026-08-01T19:38:02.826Z
collection,binder,Thawbringer,EOE,Edge of Eternities,211,normal,common,1,107691,0b7f934f-8eb4-408b-a55f-245ec5cc4a8a,0.09,false,false,near_mint,en,USD,2026-08-01T19:38:02.827Z
collection,binder,Skystinger,EOE,Edge of Eternities,207,normal,common,1,107777,dfea9941-3675-4c0f-bc4d-981c28deed36,0.14,false,false,near_mint,en,USD,2026-08-01T19:38:02.828Z
collection,binder,Fyndhorn Elves,PLST,The List,CMR-228,normal,common,1,97688,53c31b33-d947-4776-8953-da5bc84ca5ca,1.98,false,false,near_mint,en,USD,2026-08-01T19:38:02.829Z
collection,binder,Far Wanderings,PLST,The List,TOR-125,normal,common,1,98224,b5cbc6ea-009f-435c-b5ae-c94e4ab60e08,0.24,false,false,near_mint,en,USD,2026-08-01T19:38:02.830Z
collection,binder,Silverglade Elemental,PLST,The List,MMQ-269,normal,common,1,97909,7bb44fe5-524e-4c61-b174-685edff2521c,0.15,false,false,near_mint,en,USD,2026-08-01T19:38:02.831Z
collection,binder,Cytoplast Root-Kin,PLST,The List,MM2-143,normal,uncommon,1,98248,b9772b55-ef10-4d9f-9b52-929a0d998e9a,0.13,false,false,near_mint,en,USD,2026-08-01T19:38:02.832Z
collection,binder,Briar Patch,PLST,The List,MMQ-232,normal,uncommon,1,98236,b79a2db7-f1b6-4f08-a951-1b30543c4b55,0.14,false,false,near_mint,en,USD,2026-08-01T19:38:02.833Z
collection,binder,Hydra's Growth,PLST,The List,THB-172,normal,uncommon,1,98372,d3a5e73b-770b-4514-a80d-13cf5d89d3ce,1.05,false,false,near_mint,en,USD,2026-08-01T19:38:02.834Z
collection,binder,Elven Bow,PLST,The List,KHM-166,normal,uncommon,1,98578,fd78af69-4b8e-4063-a3bb-48026054cbd2,0.16,false,false,near_mint,en,USD,2026-08-01T19:38:02.835Z
collection,binder,Heart Warden,PLST,The List,UDS-108,normal,common,1,98540,f55c84d7-3bc3-4167-a303-b27dedc47c98,0.11,false,false,near_mint,en,USD,2026-08-01T19:38:02.836Z
collection,binder,Basking Rootwalla,MB2,Mystery Booster 2,65,normal,common,1,96772,4c7bec8b-ca5e-47c6-aa14-18d02363defc,0.24,false,false,near_mint,en,USD,2026-08-01T19:38:02.837Z
collection,binder,Llanowar Visionary,PLST,The List,M21-193,normal,common,1,98271,bf25f069-4834-4d98-acc8-77f5d149deed,0.2,false,false,near_mint,en,USD,2026-08-01T19:38:02.838Z
collection,binder,Compost,PLST,The List,UDS-102,normal,uncommon,1,97485,2ce77b4d-637a-4fa3-bf31-b38e846277b0,0.88,false,false,near_mint,en,USD,2026-08-01T19:38:02.839Z
collection,binder,Natural Order,MB2,Mystery Booster 2,210,normal,mythic,1,97010,bce00c15-6f06-42c0-b72c-5d94e35a6f57,15.27,false,false,near_mint,en,USD,2026-08-01T19:38:02.840Z
collection,binder,Quirion Dryad,PLST,The List,M21-198,normal,uncommon,1,97632,49b43c4e-2cb2-4364-a697-9806aa9aa244,0.11,false,false,near_mint,en,USD,2026-08-01T19:38:02.841Z
collection,binder,Skysnare Spider,PLST,The List,ORI-197,normal,uncommon,1,98040,9265e01a-7fe6-487e-bb52-234a19886735,0.09,false,false,near_mint,en,USD,2026-08-01T19:38:02.842Z
collection,binder,Treetop Village,PLST,The List,ULG-143,normal,uncommon,2,98331,cc6c1205-2e32-4f52-a815-8566d82d5e1a,0.53,false,false,near_mint,en,USD,2026-08-01T19:38:02.843Z
collection,binder,Kenrith's Transformation,PLST,The List,AFC-162,normal,uncommon,1,97322,0d662942-4f87-42c7-a8b5-30308979611b,0.97,false,false,near_mint,en,USD,2026-08-01T19:38:02.844Z
collection,binder,Mutagenic Growth,PLST,The List,NPH-116,normal,common,1,98307,c75cf36a-a872-478d-9ed7-f4edc7a8c970,1.5,false,false,near_mint,en,USD,2026-08-01T19:38:02.845Z
collection,binder,Tail Swipe,PLST,The List,DMU-182,normal,uncommon,1,97765,619ba8ca-3eb8-4cf6-b793-ad46002de454,0.18,false,false,near_mint,en,USD,2026-08-01T19:38:02.846Z
collection,binder,Tear Asunder,PLST,The List,DMU-183,normal,uncommon,1,98329,cbd0abcc-176d-40b7-977b-c4b430a7de33,0.24,false,false,near_mint,en,USD,2026-08-01T19:38:02.847Z
collection,binder,Brood Monitor,PLST,The List,BFZ-164,normal,uncommon,1,98348,cef68b13-74b6-4a8a-8f81-1427d18044a4,0.14,false,false,near_mint,en,USD,2026-08-01T19:38:02.848Z
collection,binder,Forest Bear,MB2,Mystery Booster 2,206,normal,common,1,96873,824aaef5-94ae-447e-b8f0-d5b89426675c,0.71,false,false,near_mint,en,USD,2026-08-01T19:38:02.849Z
collection,binder,Sheltering Word,PLST,The List,AVR-192,normal,common,1,98279,c178ff60-30db-4d71-9f13-56e5b8407a6f,0.18,false,false,near_mint,en,USD,2026-08-01T19:38:02.850Z
collection,binder,Venomspout Brackus,PLST,The List,ONS-295,normal,uncommon,1,97446,26019c5d-5caf-4fb2-b35c-e3d37b8bb9e2,0.11,false,false,near_mint,en,USD,2026-08-01T19:38:02.851Z
collection,binder,Spike Colony,PLST,The List,STH-117,normal,common,1,97461,28931ae8-0718-4338-8020-2f967432e304,0.07,false,false,near_mint,en,USD,2026-08-01T19:38:02.852Z
collection,binder,Bloom Hulk,PLST,The List,WAR-154,normal,common,1,97812,6a14fc22-2c70-454b-b8ef-0e41f0e21ada,0.17,false,false,near_mint,en,USD,2026-08-01T19:38:02.853Z
collection,binder,Kapow!,SPM,Marvel's Spider-Man,103,normal,common,1,107674,cec575f6-43c9-41c6-a996-bb806bf82185,0.16,false,false,near_mint,en,USD,2026-08-01T19:38:02.856Z
collection,binder,Guy in the Chair,SPM,Marvel's Spider-Man,102,foil,common,1,107641,65e97c06-55a6-4841-be0f-055c015df90a,0.25,false,false,near_mint,en,USD,2026-08-01T19:38:02.857Z
collection,binder,Terrific Team-Up,SPM,Marvel's Spider-Man,120,foil,uncommon,1,108597,f3c587b0-66b9-46bf-90ee-a6163c006c9e,0.24,false,false,near_mint,en,USD,2026-08-01T19:38:02.858Z
collection,binder,Damage Control Crew,SPM,Marvel's Spider-Man,99,normal,uncommon,1,108565,ad2cab87-691d-44fe-ab2f-33760b1feb0f,0.15,false,false,near_mint,en,USD,2026-08-01T19:38:02.863Z
collection,binder,"Sandman, Shifting Scoundrel",SPM,Marvel's Spider-Man,112,normal,rare,1,108446,609ac18c-ec58-4fa7-bbee-3912a69d0ec6,0.35,false,false,near_mint,en,USD,2026-08-01T19:38:02.868Z
collection,binder,Kraven's Last Hunt,SPM,Marvel's Spider-Man,105,normal,rare,1,107883,d0c18ffe-a2b9-40df-a6b4-a9381e6dc467,0.25,false,false,near_mint,en,USD,2026-08-01T19:38:02.869Z
collection,binder,"Lizard, Connors's Curse",SPM,Marvel's Spider-Man,106,normal,rare,1,108530,6add5d2a-950e-4bee-9850-e68f5f6d6142,0.29,false,false,near_mint,en,USD,2026-08-01T19:38:02.870Z
collection,binder,Guy in the Chair,SPM,Marvel's Spider-Man,102,normal,common,3,107641,65e97c06-55a6-4841-be0f-055c015df90a,0.14,false,false,near_mint,en,USD,2026-08-01T19:38:02.854Z
collection,binder,Grow Extra Arms,SPM,Marvel's Spider-Man,101,normal,common,3,107640,63fab399-00db-4398-922e-c3ca3356731a,0.17,false,false,near_mint,en,USD,2026-08-01T19:38:02.855Z
collection,binder,Scout the City,SPM,Marvel's Spider-Man,113,normal,common,2,107653,90b9504d-d23d-402f-8b16-1964ebd8f6b9,0.13,false,false,near_mint,en,USD,2026-08-01T19:38:02.860Z
collection,binder,Anarchy,ICE,Ice Age,170,normal,uncommon,2,39639,28d941da-b5cb-4b7e-84f2-ece883f89af3,2.6,false,false,near_mint,en,USD,2026-08-01T19:49:36.373Z
collection,binder,You've Been Caught Stealing,CLB,Commander Legends: Battle for Baldur's Gate,211,normal,common,2,69132,82730ad9-26d1-4349-a1f0-10307d76ad97,0.24,false,false,near_mint,en,USD,2026-08-01T19:49:36.375Z
collection,binder,Faithless Looting,INR,Innistrad Remastered,151,foil,common,1,102544,52e47757-0aa9-48b0-8b43-e2483d7eed67,0.61,false,false,near_mint,en,USD,2026-08-01T19:49:36.384Z
collection,binder,Reforge the Soul,INR,Innistrad Remastered,167,normal,rare,1,101851,1c3509c6-2ae7-45be-8ac9-4d14d69db32f,6.82,false,false,near_mint,en,USD,2026-08-01T19:49:36.386Z
collection,binder,Seize the Storm,INR,Innistrad Remastered,401,normal,common,1,102457,217201eb-3340-4aa2-8d38-5d9ff2997b39,0.22,false,false,near_mint,en,USD,2026-08-01T19:49:36.388Z
collection,binder,Ranger's Firebrand,LTR,The Lord of the Rings: Tales of Middle-earth,143,normal,uncommon,2,82831,06541200-fa4c-4b98-bdc4-44708fd2ddf6,0.16,false,false,near_mint,en,USD,2026-08-01T19:49:36.391Z
collection,binder,Blasphemous Act,LTC,Tales of Middle-earth Commander,211,normal,rare,1,83523,cf9e842f-4840-49e3-b4f3-c2fad395d41a,1.08,false,false,near_mint,en,USD,2026-08-01T19:49:36.392Z
collection,binder,Faithless Looting,LTC,Tales of Middle-earth Commander,215,normal,common,1,83092,57102ba6-79ab-4487-a62a-926b30682421,0.38,false,false,near_mint,en,USD,2026-08-01T19:49:36.393Z
collection,binder,Blasphemous Act,DRC,Aetherdrift Commander,101,normal,rare,1,103283,d1fff9a2-75c1-4623-9185-7cade6531b1e,0.93,false,false,near_mint,en,USD,2026-08-01T19:49:36.394Z
collection,binder,Chain Reaction,DRC,Aetherdrift Commander,47,normal,rare,1,103038,4ec4e917-97c8-4b68-ba83-514d5c29679f,0.35,false,false,near_mint,en,USD,2026-08-01T19:49:36.395Z
collection,binder,Skewer the Critics,OTP,Breaking News,26,normal,uncommon,1,93286,9f3261b6-4f5c-4cf0-a396-1d9397603602,0.21,false,false,near_mint,en,USD,2026-08-01T19:49:36.396Z
collection,binder,Cathartic Reunion,SS3,Signature Spellbook: Chandra,2,normal,rare,1,51101,8c1a02f9-3ce7-46e9-8d0e-0d491bb13012,0.36,false,false,near_mint,en,USD,2026-08-01T19:49:36.397Z
collection,binder,Past in Flames,SS3,Signature Spellbook: Chandra,4,normal,mythic,1,47411,d1bf32c4-4f0d-4c50-b6e5-2e6a4456bd1d,2.64,false,false,near_mint,en,USD,2026-08-01T19:49:36.398Z
collection,binder,"Fear, Fire, Foes!",LTR,The Lord of the Rings: Tales of Middle-earth,125,normal,uncommon,4,82995,37be98a4-0cba-46b4-be93-a9805fe77160,0.29,false,false,near_mint,en,USD,2026-08-01T19:49:36.399Z
collection,binder,Fiery Confluence,SS3,Signature Spellbook: Chandra,3,normal,rare,1,51100,4c454a20-8ec8-41d9-b9c3-acaa510d050b,0.5,false,false,near_mint,en,USD,2026-08-01T19:49:36.400Z
collection,binder,Relentless Assault,CMR,Commander Legends,416,normal,rare,1,56136,97622209-9357-4347-8961-f77f8d2389d8,4.46,false,false,near_mint,en,USD,2026-08-01T19:49:36.401Z
collection,binder,Obliterating Bolt,FDN,Foundations,629,normal,uncommon,1,101185,d59e836b-1c7b-43ac-889b-5f94e1638c42,0.13,false,false,near_mint,en,USD,2026-08-01T19:49:36.405Z
collection,binder,Crash Through,FDN,Foundations,620,normal,common,1,100903,9eb16918-6363-4849-8d74-e26822a0ddf7,0.12,false,false,near_mint,en,USD,2026-08-01T19:49:36.407Z
collection,binder,Harmless Offering,FDN,Foundations,625,normal,rare,1,100440,47082081-bf52-4914-bac2-ace398beff56,0.18,false,false,near_mint,en,USD,2026-08-01T19:49:36.408Z
collection,binder,Goblin Negotiation,FDN,Foundations,88,normal,uncommon,1,101335,f2016585-e26c-4d13-b09f-af6383c192f7,0.27,false,false,near_mint,en,USD,2026-08-01T19:49:36.409Z
collection,binder,Seismic Rupture,FDN,Foundations,205,normal,uncommon,1,100268,2519a51a-26a0-4884-9ba8-9db135c9ee49,0.1,false,false,near_mint,en,USD,2026-08-01T19:49:36.410Z
collection,binder,Incinerating Blast,FDN,Foundations,90,normal,common,1,101603,d58e20ab-c5ca-4295-884d-78efdaa83243,0.1,false,false,near_mint,en,USD,2026-08-01T19:49:36.411Z
collection,binder,Ancestral Anger,VOW,Innistrad: Crimson Vow,142,foil,common,1,64228,5dee47ab-d603-4346-97f4-a25dc3f47765,1.35,false,false,near_mint,en,USD,2026-08-01T19:49:36.414Z
collection,binder,Into the Night,VOW,Innistrad: Crimson Vow,163,normal,uncommon,1,64378,b5a96286-0dda-4761-a1c5-241288c36275,0.26,false,false,near_mint,en,USD,2026-08-01T19:49:36.420Z
collection,binder,Vengeful Possession,DSK,Duskmourn: House of Horror,162,foil,uncommon,1,98924,d6918d50-a4c3-40d8-9480-343f14773a69,0.34,false,false,near_mint,en,USD,2026-08-01T19:49:36.432Z
collection,binder,Breath of Darigaaz,PLST,The List,INV-138,normal,uncommon,1,97367,15fdfe0a-efca-4ebd-aaf0-83309e8cb4b1,0.2,false,false,near_mint,en,USD,2026-08-01T19:49:36.434Z
collection,binder,Honor the God-Pharaoh,PLST,The List,WAR-132,normal,common,1,98209,b30fd369-68db-41f1-bb1e-eabfe4eb5356,0.08,false,false,near_mint,en,USD,2026-08-01T19:49:36.436Z
collection,binder,Reckless Impulse,PLST,The List,VOW-174,normal,common,1,97300,0a94c881-f78d-49f0-87b3-b4b4a59a9551,0.94,false,false,near_mint,en,USD,2026-08-01T19:49:36.439Z
collection,binder,Reckless Charge,PLST,The List,ODY-215,normal,common,1,97734,5bad216a-66d3-46a6-ba05-db7e082d0dc5,0.14,false,false,near_mint,en,USD,2026-08-01T19:49:36.440Z
collection,binder,Faithless Looting,MB2,Mystery Booster 2,57,normal,common,1,97005,bb50f9b8-9f6a-43e7-bacf-e172bc7734c3,0.4,false,false,near_mint,en,USD,2026-08-01T19:49:36.441Z
collection,binder,Chain Lightning,MB2,Mystery Booster 2,55,normal,common,1,97149,fda4c062-4227-486b-875d-b310573ee72b,0.26,false,false,near_mint,en,USD,2026-08-01T19:49:36.442Z
collection,binder,Wish,MB2,Mystery Booster 2,64,normal,rare,1,96724,345d6907-aebf-43f9-b70e-098b364b2ec5,0.41,false,false,near_mint,en,USD,2026-08-01T19:49:36.443Z
collection,binder,Channeled Dragonfire,TDM,Tarkir: Dragonstorm,102,normal,uncommon,1,104499,24204881-690c-4043-8771-20cb93385072,0.14,false,false,near_mint,en,USD,2026-08-01T19:49:36.444Z
collection,binder,Channeled Dragonfire,TDM,Tarkir: Dragonstorm,102,foil,uncommon,1,104499,24204881-690c-4043-8771-20cb93385072,0.27,false,false,near_mint,en,USD,2026-08-01T19:49:36.446Z
collection,binder,Reiterating Bolt,MH3,Modern Horizons 3,134,normal,uncommon,1,94446,51f57902-85d1-4c40-b79c-6cffafb4557a,0.16,false,false,near_mint,en,USD,2026-08-01T19:49:36.448Z
collection,binder,Fanged Flames,MH3,Modern Horizons 3,118,normal,common,1,94898,fcfac301-55db-49a7-9a0d-918c907703da,0.14,false,false,near_mint,en,USD,2026-08-01T19:49:36.449Z
collection,binder,Agate Assault,BLB,Bloomburrow,122,foil,common,1,96066,7dd9946b-515e-4e0d-9da2-711e126e9fa6,0.2,false,false,near_mint,en,USD,2026-08-01T19:49:36.450Z
collection,binder,Wildfire Howl,BLB,Bloomburrow,162,normal,uncommon,1,96059,7392d397-9836-4df2-944d-c930c9566811,0.17,false,false,near_mint,en,USD,2026-08-01T19:49:36.451Z
collection,binder,Agate Assault,BLB,Bloomburrow,122,normal,common,1,96066,7dd9946b-515e-4e0d-9da2-711e126e9fa6,0.14,false,false,near_mint,en,USD,2026-08-01T19:49:36.452Z
collection,binder,Explosive Singularity,NEO,Kamigawa: Neon Dynasty,140,normal,mythic,1,66829,e6cdd822-44a1-4d58-9de4-69fc56eae255,0.52,false,false,near_mint,en,USD,2026-08-01T19:49:36.454Z
collection,binder,Explosive Entry,NEO,Kamigawa: Neon Dynasty,139,foil,common,1,66890,7ba639ff-fe82-4ac3-9fb4-eac168bef053,0.25,false,false,near_mint,en,USD,2026-08-01T19:49:36.459Z
collection,binder,Quarrel's End,LTR,The Lord of the Rings: Tales of Middle-earth,141,normal,common,2,83101,5a7e61a6-c602-4089-ae45-828d8e516a63,0.17,false,false,near_mint,en,USD,2026-08-01T19:49:36.462Z
collection,binder,Rally at the Hornburg,LTR,The Lord of the Rings: Tales of Middle-earth,142,normal,common,2,83622,ee7292f7-1c7e-449c-9c52-7584d6a14c2c,0.34,false,false,near_mint,en,USD,2026-08-01T19:49:36.464Z
collection,binder,Retribution,HML,Homelands,79,normal,uncommon,2,39202,b3adf9a6-7137-4995-9a83-2d410cb3cd20,0.17,false,false,near_mint,en,USD,2026-08-01T19:49:36.370Z
collection,binder,Pillage,ALL,Alliances,76,normal,uncommon,3,38744,389ecb50-b007-4086-89fb-ec2daa5afdcf,1.05,false,false,near_mint,en,USD,2026-08-01T19:49:36.371Z
collection,binder,Seize the Storm,INR,Innistrad Remastered,170,normal,common,3,102523,45ec2af6-8397-429f-900f-846a5056f8e0,0.13,false,false,near_mint,en,USD,2026-08-01T19:49:36.377Z
collection,binder,Alchemist's Greeting,INR,Innistrad Remastered,140,normal,common,2,102847,f36e2146-b6a9-4b61-9ccf-969a2c79b747,0.2,false,false,near_mint,en,USD,2026-08-01T19:49:36.380Z
collection,binder,Ancestral Anger,INR,Innistrad Remastered,141,normal,common,3,102837,eeaca66d-23bd-4e8f-8d4a-c5864dd447be,0.19,false,false,near_mint,en,USD,2026-08-01T19:49:36.382Z
collection,binder,Dragon Fodder,FDN,Foundations,535,normal,common,2,101626,f9abe517-f601-4784-8d62-2350bd755146,0.13,false,false,near_mint,en,USD,2026-08-01T19:49:36.404Z
collection,binder,End the Festivities,VOW,Innistrad: Crimson Vow,155,normal,common,3,64392,bec748e6-7245-4a71-aeee-cefed8346948,1.17,false,false,near_mint,en,USD,2026-08-01T19:49:36.412Z
collection,binder,Ancestral Anger,VOW,Innistrad: Crimson Vow,142,normal,common,4,64228,5dee47ab-d603-4346-97f4-a25dc3f47765,0.11,false,false,near_mint,en,USD,2026-08-01T19:49:36.413Z
collection,binder,Reckless Impulse,VOW,Innistrad: Crimson Vow,174,normal,common,4,64250,6943c07f-ab0d-4f5a-bbe9-c0a83dc98546,1.51,false,false,near_mint,en,USD,2026-08-01T19:49:36.417Z
collection,binder,Wild Ride,TDM,Tarkir: Dragonstorm,132,normal,common,2,105154,abc8c6f5-6135-428e-8476-1751f82623f9,0.31,false,false,near_mint,en,USD,2026-08-01T19:49:36.445Z
collection,binder,Explosive Entry,NEO,Kamigawa: Neon Dynasty,139,normal,common,6,66890,7ba639ff-fe82-4ac3-9fb4-eac168bef053,0.27,false,false,near_mint,en,USD,2026-08-01T19:49:36.453Z
collection,binder,Foray of Orcs,LTR,The Lord of the Rings: Tales of Middle-earth,128,foil,uncommon,1,83116,5fea0c66-c776-4dc7-a235-f3822521cacd,0.28,false,false,near_mint,en,USD,2026-08-01T21:33:59.837Z
collection,binder,Game of Chaos,ICE,Ice Age,186,normal,rare,1,39623,08265332-2c0e-4c42-8c51-83ac20462eed,12.84,false,false,near_mint,en,USD,2026-08-01T21:33:59.849Z
collection,binder,Mana Clash,5ED,Fifth Edition,248,normal,rare,1,37758,37b2e818-a5a8-4b9b-93e8-121dd7fefe32,3.94,false,false,near_mint,en,USD,2026-08-01T21:33:59.850Z
collection,binder,Disintegrate,3ED,Revised Edition,142,normal,common,1,41283,ce71d4c8-3835-4065-8089-82a64846dbcb,0.31,false,false,near_mint,en,USD,2026-08-01T21:33:59.851Z
collection,binder,Lava Burst,ICE,Ice Age,198,normal,common,5,39611,79dc0e20-5790-4927-8432-cf0e9b7381d4,0.18,false,false,near_mint,en,USD,2026-08-01T21:33:59.854Z
collection,binder,Stone Rain,ICE,Ice Age,217,normal,common,4,39592,5a002e6d-ea59-4694-b3e5-075d6020b0d9,0.2,false,false,near_mint,en,USD,2026-08-01T21:33:59.862Z
collection,binder,Fireball,3ED,Revised Edition,150,normal,common,1,41275,dafb512f-536f-4f96-8440-03f1d20d8a5a,0.51,false,false,near_mint,en,USD,2026-08-01T21:33:59.866Z
collection,binder,Flashfires,3ED,Revised Edition,152,normal,uncommon,1,41273,7b23de17-d867-41f8-b965-9b3eb00db701,0.32,false,false,near_mint,en,USD,2026-08-01T21:33:59.873Z
collection,binder,Flashfires,5ED,Fifth Edition,231,normal,uncommon,1,37775,3fafab5c-3ce7-41fc-a3e7-68e322566cfd,0.35,false,false,near_mint,en,USD,2026-08-01T21:33:59.875Z
collection,binder,Pyroclasm,ICE,Ice Age,214,normal,uncommon,1,39595,88040748-ad76-4b9a-bd4e-87e5980e9816,3.59,false,false,near_mint,en,USD,2026-08-01T21:33:59.877Z
collection,binder,Foray of Orcs,LTR,The Lord of the Rings: Tales of Middle-earth,128,normal,uncommon,5,83116,5fea0c66-c776-4dc7-a235-f3822521cacd,0.23,false,false,near_mint,en,USD,2026-08-01T21:33:59.832Z
collection,binder,Evaporate,HML,Homelands,74,normal,uncommon,2,39207,a3c99939-4854-4e28-a142-4cb7f89fe898,0.18,false,false,near_mint,en,USD,2026-08-01T21:33:59.842Z
collection,binder,Meteor Shower,ICE,Ice Age,202,normal,common,5,39607,50b4851e-677b-468e-9baa-e47a3b4b8339,0.22,false,false,near_mint,en,USD,2026-08-01T21:33:59.845Z
collection,binder,Detonate,5ED,Fifth Edition,218,normal,uncommon,2,37788,5e66b93c-1510-4063-b4b0-11fa1ea81c6b,0.28,false,false,near_mint,en,USD,2026-08-01T21:33:59.846Z
collection,binder,Shatterstorm,3ED,Revised Edition,176,normal,uncommon,2,41249,52e5e508-afc6-409d-b912-33cf1d2351d1,0.29,false,false,near_mint,en,USD,2026-08-01T21:33:59.847Z
collection,binder,Earthquake,4ED,Fourth Edition,189,normal,rare,5,39998,19ec03ce-a8a3-42c3-a895-21cce1657411,1.19,false,false,near_mint,en,USD,2026-08-01T21:33:59.848Z
collection,binder,Disintegrate,5ED,Fifth Edition,219,normal,common,4,37787,2e1dce58-c0e5-472e-a575-b8d4b5958b3a,0.26,false,false,near_mint,en,USD,2026-08-01T21:33:59.853Z
collection,binder,Kaervek's Torch,MIR,Mirage,185,normal,common,3,38405,0a1624ab-e50e-48a3-acf7-457069914616,0.21,false,false,near_mint,en,USD,2026-08-01T21:33:59.858Z
collection,binder,Fireball,5ED,Fifth Edition,227,normal,common,4,37779,ad457b10-6e00-411f-b827-ff844f9b300d,0.26,false,false,near_mint,en,USD,2026-08-01T21:33:59.864Z
collection,binder,Ready to Rumble,SNC,Streets of New Capenna,119,foil,common,1,67622,16998689-345d-41e3-a368-e97b696ed689,0.17,false,false,near_mint,en,USD,2026-08-01T21:37:41.186Z
collection,binder,Strangle,SNC,Streets of New Capenna,125,normal,common,1,67734,4b91d727-c0ee-4bf0-8c7d-8475ecb88083,0.23,false,false,near_mint,en,USD,2026-08-01T21:37:41.187Z
collection,binder,Shatterstorm,PLST,The List,10E-229,normal,uncommon,1,77099,4b884c4a-a0a7-4f6b-bea6-8095ffb05183,0.3,false,false,near_mint,en,USD,2026-08-01T21:37:41.189Z
collection,binder,Light 'Em Up,SNC,Streets of New Capenna,113,normal,common,1,68076,ee31d56a-9b7e-4de0-81cb-3b7c76b6fbd5,0.09,false,false,near_mint,en,USD,2026-08-01T21:37:41.190Z
collection,binder,Markov Retribution,VOW,Innistrad: Crimson Vow,171,normal,uncommon,1,64185,48d3840c-db27-4512-bfe3-92249094e5b4,0.12,false,false,near_mint,en,USD,2026-08-01T21:37:41.191Z
collection,binder,Scorching Shot,OTJ,Outlaws of Thunder Junction,145,normal,uncommon,1,93433,f93d8357-83bd-4157-a389-68e4aa4985c8,0.26,false,false,near_mint,en,USD,2026-08-01T21:37:41.192Z
collection,binder,Hell to Pay,OTJ,Outlaws of Thunder Junction,126,normal,rare,1,91807,84ad8ed7-1429-432e-8217-a4db3b97675c,0.38,false,false,near_mint,en,USD,2026-08-01T21:37:41.194Z
collection,binder,Mass Mutiny,OTC,Outlaws of Thunder Junction Commander,174,normal,rare,1,93820,b817473f-599d-45bb-a3b0-a96986ec5102,0.39,false,false,near_mint,en,USD,2026-08-01T21:37:41.196Z
collection,binder,Megaton's Fate,PIP,Fallout,61,normal,rare,1,92826,e8492127-888d-4da0-b49f-fba6a356b0a9,0.36,false,false,near_mint,en,USD,2026-08-01T21:37:41.197Z
collection,binder,Torch the Witness,MKM,Murders at Karlov Manor,146,normal,uncommon,1,90718,22bbf709-d8e9-4e3b-8ec8-206f1b2162b3,0.1,false,false,near_mint,en,USD,2026-08-01T21:37:41.199Z
collection,binder,Hew the Entwood,LTR,The Lord of the Rings: Tales of Middle-earth,136,normal,mythic,1,83237,81940498-a5bf-4bcd-b06d-8816887b2a2b,0.53,false,false,near_mint,en,USD,2026-08-01T21:37:41.201Z
collection,binder,Lava Axe,M15,Magic 2015,154,normal,common,1,13698,63b35586-e56d-4e7a-9a4e-8879529c082d,0.17,false,false,near_mint,en,USD,2026-08-01T21:37:41.204Z
collection,binder,Bolt of Keranos,BNG,Born of the Gods,89,normal,common,1,14871,4df70b14-5d67-4a92-aaba-72480c621d10,0.08,false,false,near_mint,en,USD,2026-08-01T21:37:41.205Z
collection,binder,Twisted Fealty,WOE,Wilds of Eldraine,154,normal,uncommon,1,85347,382d6085-79b9-48f7-8949-9f44dde2c753,0.25,false,false,near_mint,en,USD,2026-08-01T21:37:41.206Z
collection,binder,Hammer of Bogardan,MIR,Mirage,181,normal,rare,1,38409,f7285f52-5df0-4f90-9cf7-a57295d90fd4,3.35,false,false,near_mint,en,USD,2026-08-01T21:37:41.215Z
collection,binder,Fit of Rage,WTH,Weatherlight,102,normal,common,1,37195,09e7b9ec-90cf-4d23-af5e-48394398ff06,0.07,false,false,near_mint,en,USD,2026-08-01T21:37:41.216Z
collection,binder,Coronation of Chaos,CLB,Commander Legends: Battle for Baldur's Gate,168,normal,common,2,69139,8647092a-9d09-42cb-bcda-4e5e7a6c8a1c,0.15,false,false,near_mint,en,USD,2026-08-01T21:37:41.188Z
collection,binder,Highway Robbery,OTJ,Outlaws of Thunder Junction,129,normal,common,2,93110,31a88429-9204-4a23-a7a8-babbd6bab79f,0.34,false,false,near_mint,en,USD,2026-08-01T21:37:41.193Z
collection,binder,Sparkmage's Gambit,OGW,Oath of the Gatewatch,117,normal,common,2,9265,736ad6c8-e275-4644-9d1e-d2d380149839,0.04,false,false,near_mint,en,USD,2026-08-01T21:37:41.198Z
collection,binder,Suspicious Detonation,MKM,Murders at Karlov Manor,145,normal,common,2,90948,6e280482-ed7e-4011-899e-096ff7bd4c41,0.08,false,false,near_mint,en,USD,2026-08-01T21:37:41.203Z
collection,binder,Builder's Bane,MIR,Mirage,160,normal,common,2,38430,fb398027-5a29-4c81-aab5-b1a2b82fd655,0.1,false,false,near_mint,en,USD,2026-08-01T21:37:41.210Z
collection,binder,"Duchess, Wayward Tavernkeep",PIP,Fallout,57,normal,rare,1,92057,38c0a17f-787b-41ac-8375-d9532dce1f4f,0.24,false,false,near_mint,en,USD,2026-08-02T03:19:17.107Z
collection,binder,"Rose, Cutthroat Raider",PIP,Fallout,66,normal,rare,1,92885,f803a510-99fe-467a-be3b-9301497ec7ec,2.08,false,false,near_mint,en,USD,2026-08-02T03:19:17.113Z
collection,binder,"Laurine, the Diversion",OTC,Outlaws of Thunder Junction Commander,172,normal,rare,1,93849,ca2b008e-e144-45b1-9bc7-eb49e03a8a8f,0.34,false,false,near_mint,en,USD,2026-08-02T03:19:17.115Z
collection,binder,"Surtr, Fiery Jötun",ACR,Assassin's Creed,293,normal,rare,1,95478,be38985c-f7a9-4885-9035-09390b4b754a,11.59,false,false,near_mint,en,USD,2026-08-02T03:19:17.116Z
collection,binder,"Livaan, Cultist of Tiamat",CLB,Commander Legends: Battle for Baldur's Gate,508,etched,uncommon,1,69027,5515eb7b-d42b-4a3d-880d-d4dec99db4b2,0.29,false,false,near_mint,en,USD,2026-08-02T03:19:17.132Z
collection,binder,"Livaan, Cultist of Tiamat",CLB,Commander Legends: Battle for Baldur's Gate,188,normal,uncommon,1,69065,616c5b52-94bc-48e3-8e4f-e2db1eca7536,0.24,false,false,near_mint,en,USD,2026-08-02T03:19:17.134Z
collection,binder,Amber Gristle O'Maul,CLB,Commander Legends: Battle for Baldur's Gate,395,normal,uncommon,1,69308,d1272ef5-4ceb-4b07-a9af-393113b58ef4,0.15,false,false,near_mint,en,USD,2026-08-02T03:19:17.135Z
collection,binder,"Grenzo, Havoc Raiser",TDC,Tarkir: Dragonstorm Commander,216,normal,rare,1,104878,aba981f9-ebc6-48ac-b768-557f632b82df,0.34,false,false,near_mint,en,USD,2026-08-02T03:19:17.136Z
collection,binder,"Sarkhan, Dragon Ascendant",TDM,Tarkir: Dragonstorm,118,foil,rare,1,104003,c2200646-7b7c-489d-bbae-16b03e1d7fb2,0.39,false,false,near_mint,en,USD,2026-08-02T03:19:17.137Z
collection,binder,"Inti, Seneschal of the Sun",LCI,The Lost Caverns of Ixalan,295,normal,rare,1,88236,0548ddb6-5301-4911-93fd-bb988275f44a,1.89,false,false,near_mint,en,USD,2026-08-02T03:19:17.138Z
collection,binder,"Zada, Hedron Grinder",PLST,The List,A25-156,normal,uncommon,1,98505,eecb62d2-9b64-4d3c-a9b3-3f11dd5a8e7e,0.13,false,false,near_mint,en,USD,2026-08-02T03:19:17.139Z
collection,binder,"Alena, Kessig Trapper",PLST,The List,CMR-160,normal,uncommon,1,97504,312a2a8d-2d84-4c4b-b2c4-cbc4e8300312,0.19,false,false,near_mint,en,USD,2026-08-02T03:19:17.140Z
collection,binder,Aisha of Sparks and Smoke,SLX,Universes Within,12,normal,rare,1,78252,093aa76d-2154-4e71-a2bf-461d1afb887b,0.69,false,false,near_mint,en,USD,2026-08-02T03:19:17.141Z
collection,binder,"Norin, Swift Survivalist",DSK,Duskmourn: House of Horror,145,normal,uncommon,1,98624,49f0fdf4-3881-4327-924f-2c1b67ccda93,0.22,false,false,near_mint,en,USD,2026-08-02T03:19:17.143Z
collection,binder,"Laurine, the Diversion",VOC,Crimson Vow Commander,63,normal,rare,1,64595,999942af-b894-44b7-837a-195a92790a17,0.42,false,false,near_mint,en,USD,2026-08-02T03:19:17.144Z
collection,binder,"Etali, Primal Storm",FDN,Foundations,194,normal,rare,1,101037,b6af9894-95b5-4c8e-902f-a9ba70f02e4a,0.49,false,false,near_mint,en,USD,2026-08-02T03:19:17.145Z
collection,binder,"Lathliss, Dragon Queen",FDN,Foundations,627,normal,rare,1,100410,409acb8f-cf03-4a56-a8c0-e4c97a01ee10,0.35,false,false,near_mint,en,USD,2026-08-02T03:19:17.146Z
collection,binder,Ian the Reckless,PIP,Fallout,59,normal,uncommon,1,92147,4cd46b6a-eb20-4ffa-94e0-47d1d2d46087,0.25,false,false,near_mint,en,USD,2026-08-02T03:19:17.147Z
collection,binder,"Drakuseth, Maw of Flames",CLB,Commander Legends: Battle for Baldur's Gate,790,normal,rare,1,69440,1c8429f1-1a91-4f29-8d56-4c061f21c183,1.08,false,false,near_mint,en,USD,2026-08-02T03:19:17.150Z
collection,binder,"Veronica, Dissident Scribe",PIP,Fallout,70,normal,rare,1,91959,2325aa29-7050-42a5-a0b4-c162db2192c9,0.35,false,false,near_mint,en,USD,2026-08-02T03:19:17.151Z
collection,binder,Pia and Kiran Nalaar,DRC,Aetherdrift Commander,105,normal,rare,1,103354,f17e68fd-9c05-460d-96aa-dd0ab8b7af37,0.29,false,false,near_mint,en,USD,2026-08-02T03:19:17.154Z
collection,binder,Éomer of the Riddermark,LTR,The Lord of the Rings: Tales of Middle-earth,121,foil,uncommon,1,83552,d920fcaf-4988-4186-962d-cdda25d79e7b,0.32,false,false,near_mint,en,USD,2026-08-02T03:19:17.155Z
collection,binder,"Éomer, Marshal of Rohan",LTR,The Lord of the Rings: Tales of Middle-earth,120,normal,rare,1,82845,0bd31ce9-9551-4efe-8bd2-b97d8efbf75e,0.4,false,false,near_mint,en,USD,2026-08-02T03:19:17.157Z
collection,binder,"Goro-Goro, Disciple of Ryusei",NEO,Kamigawa: Neon Dynasty,320,normal,rare,1,66402,862e9b05-209d-47d6-8692-ec0cb5f19e25,2.63,false,false,near_mint,en,USD,2026-08-02T03:19:17.163Z
collection,binder,"Goro-Goro, Disciple of Ryusei",NEO,Kamigawa: Neon Dynasty,145,normal,rare,1,66331,1ca736c7-35a9-48c7-b5a9-69b2a6e33ad0,0.94,false,false,near_mint,en,USD,2026-08-02T03:19:17.164Z
collection,binder,Maraxus of Keld,WTH,Weatherlight,111,normal,rare,1,37186,59329155-a423-4e8d-a7d4-c99555ff5ed1,1.56,false,false,near_mint,en,USD,2026-08-02T03:19:17.166Z
collection,binder,Eron the Relentless,HML,Homelands,73,normal,uncommon,1,39208,b6329bd9-1e03-43e6-b50b-8abe1356ffcc,0.22,false,false,near_mint,en,USD,2026-08-02T03:19:17.168Z
collection,binder,"Karlach, Fury of Avernus",CLB,Commander Legends: Battle for Baldur's Gate,186,normal,mythic,1,69109,775480ed-f574-40cb-bd9b-21102eaaff63,24.36,false,false,near_mint,en,USD,2026-08-02T03:19:17.169Z
collection,binder,"Gut, True Soul Zealot",CLB,Commander Legends: Battle for Baldur's Gate,180,normal,uncommon,2,68975,3d8ca18d-9099-4f1e-95c1-f04da58a26bd,0.14,false,false,near_mint,en,USD,2026-08-02T03:19:17.106Z
collection,binder,Amber Gristle O'Maul,CLB,Commander Legends: Battle for Baldur's Gate,159,normal,uncommon,5,68955,34806912-daf8-4e5c-804f-af0858500438,0.13,false,false,near_mint,en,USD,2026-08-02T03:19:17.108Z
collection,binder,"Ganax, Astral Hunter",CLB,Commander Legends: Battle for Baldur's Gate,176,normal,uncommon,3,69188,9f5bb319-29b2-4a7c-82e9-f8b5e47909a1,1.1,false,false,near_mint,en,USD,2026-08-02T03:19:17.111Z
collection,binder,"Heiko Yamazaki, the General",NEO,Kamigawa: Neon Dynasty,146,normal,uncommon,3,66584,9ea5e61c-d903-410b-9acf-96a917ce05cc,0.29,false,false,near_mint,en,USD,2026-08-02T03:19:17.117Z
collection,binder,"Gimli, Counter of Kills",LTR,The Lord of the Rings: Tales of Middle-earth,129,normal,uncommon,4,82948,28b41c48-0715-49d9-98e5-e82b706da816,0.26,false,false,near_mint,en,USD,2026-08-02T03:19:17.118Z
collection,binder,"Erkenbrand, Lord of Westfold",LTR,The Lord of the Rings: Tales of Middle-earth,123,normal,uncommon,2,82999,38f81e68-cddd-47f4-b1d1-a297c3298c25,0.24,false,false,near_mint,en,USD,2026-08-02T03:19:17.119Z
collection,binder,"Gimli, Counter of Kills",LTR,The Lord of the Rings: Tales of Middle-earth,312,normal,uncommon,2,83426,b72c5bd1-cca1-4735-b4fc-7a5182fb8cd6,0.28,false,false,near_mint,en,USD,2026-08-02T03:19:17.121Z
collection,binder,"Gut, True Soul Zealot",CLB,Commander Legends: Battle for Baldur's Gate,399,normal,uncommon,2,69246,b6988467-8552-4ab9-9472-c5c536ed7bae,0.23,false,false,near_mint,en,USD,2026-08-02T03:19:17.128Z
collection,binder,"Livaan, Cultist of Tiamat",CLB,Commander Legends: Battle for Baldur's Gate,402,normal,uncommon,3,68829,06bcc2a8-c7be-45c8-8048-e81638558d66,0.22,false,false,near_mint,en,USD,2026-08-02T03:19:17.129Z
collection,binder,"Ganax, Astral Hunter",CLB,Commander Legends: Battle for Baldur's Gate,398,normal,uncommon,2,69332,dc3347e3-df90-465d-9346-77d3b4fead10,0.43,false,false,near_mint,en,USD,2026-08-02T03:19:17.130Z
collection,binder,Éomer of the Riddermark,LTR,The Lord of the Rings: Tales of Middle-earth,121,normal,uncommon,2,83552,d920fcaf-4988-4186-962d-cdda25d79e7b,0.12,false,false,near_mint,en,USD,2026-08-02T03:19:17.148Z
collection,binder,Joven,HML,Homelands,77,normal,common,2,39204,0dabe3af-cd5b-461e-95a4-aad046646419,0.37,false,false,near_mint,en,USD,2026-08-02T03:19:17.167Z
collection,binder,Chandler,HML,Homelands,69,normal,common,2,39213,4dd3a8e3-9a90-44f4-996c-57242d3c47a5,0.33,false,false,near_mint,en,USD,2026-08-02T03:19:17.170Z
collection,binder,Shivan Dragon,BTD,Beatdown Box Set,44,normal,rare,1,33379,475e27c5-bc2a-4907-9c18-5c8ba82d116f,2.38,false,false,near_mint,en,USD,2026-08-02T03:26:41.777Z
collection,binder,Shivan Dragon,3ED,Revised Edition,177,normal,rare,1,41248,69199dd2-dbac-4039-b4da-eb2b0671645f,22.43,false,false,near_mint,en,USD,2026-08-02T03:26:41.779Z
collection,binder,Shivan Dragon,4ED,Fourth Edition,220,normal,rare,1,39967,70846483-9c23-42c4-9f9f-1fc5cda17c77,6.76,false,false,near_mint,en,USD,2026-08-02T03:26:41.783Z
collection,binder,Mons's Goblin Raiders,ITP,Introductory Two-Player Set,35,normal,common,1,38195,b84269fd-acc3-4a5c-b96b-84e73c4d5ddb,,false,false,near_mint,en,USD,2026-08-02T03:26:41.785Z
collection,binder,Goblin King,ATH,Anthologies,34,normal,rare,3,35584,049d96ef-f46c-44d7-8ec4-cdbcc3cd0397,5.12,false,false,near_mint,en,USD,2026-08-02T03:26:41.788Z
collection,binder,Mons's Goblin Raiders,RQS,Rivals Quick Start Set,34,normal,common,1,38626,7363955d-bf09-4e88-a1da-bc640bf5a831,,false,false,near_mint,en,USD,2026-08-02T03:26:41.791Z
collection,binder,Talruum Minotaur,MIR,Mirage,196,normal,common,1,38394,51657034-2c30-40a2-a215-a00277f01642,0.16,false,false,near_mint,en,USD,2026-08-02T03:26:41.792Z
collection,binder,Viashino Warrior,MIR,Mirage,200,normal,common,1,38390,4947cbf9-69dc-44e3-a22e-a6129f331f3c,0.11,false,false,near_mint,en,USD,2026-08-02T03:26:41.793Z
collection,binder,Raging Spirit,MIR,Mirage,188,normal,common,2,38402,a196c21b-e9f5-4ae8-8a1e-668685ef4cf0,0.1,false,false,near_mint,en,USD,2026-08-02T03:26:41.795Z
collection,binder,Nemesis Phoenix,CLB,Commander Legends: Battle for Baldur's Gate,403,normal,uncommon,1,69026,54d0aded-3db0-45a7-b9ab-5831c714096f,0.14,false,false,near_mint,en,USD,2026-08-02T03:26:41.796Z
collection,binder,Amethyst Dragon // Explosive Crystal,CLB,Commander Legends: Battle for Baldur's Gate,160,normal,uncommon,1,69038,57adbd6e-88ec-4472-a9c9-90b679fa881f,0.19,false,false,near_mint,en,USD,2026-08-02T03:26:41.797Z
collection,binder,Kami of Industry,NEO,Kamigawa: Neon Dynasty,149,normal,common,3,66809,d3d00e61-3007-43da-960b-823e9ead2acf,0.17,false,false,near_mint,en,USD,2026-08-02T03:26:41.801Z
collection,binder,Unstoppable Ogre,NEO,Kamigawa: Neon Dynasty,169,normal,common,3,66385,719f20d9-2baa-49b3-8c6a-89f21a07d538,0.12,false,false,near_mint,en,USD,2026-08-02T03:26:41.803Z
collection,binder,Akki Ronin,NEO,Kamigawa: Neon Dynasty,131,normal,common,2,66759,96f15754-1ca6-45b0-a7de-2fe507df2a1a,0.28,false,false,near_mint,en,USD,2026-08-02T03:26:41.804Z
collection,binder,Upriser Renegade,NEO,Kamigawa: Neon Dynasty,170,normal,uncommon,2,66378,62d878c2-a340-4751-adaa-e50b0bb85423,0.19,false,false,near_mint,en,USD,2026-08-02T03:26:41.805Z
collection,binder,Twinshot Sniper,NEO,Kamigawa: Neon Dynasty,168,normal,uncommon,2,66322,08a86009-4637-4b6c-9d36-367151583668,0.28,false,false,near_mint,en,USD,2026-08-02T03:26:41.807Z
collection,binder,Spartan Veteran,ACR,Assassin's Creed,292,normal,common,2,95467,b16fba05-25d7-4495-a9f6-cec6b3aabbbd,0.13,false,false,near_mint,en,USD,2026-08-02T03:26:41.808Z
collection,binder,Sokenzan Smelter,NEO,Kamigawa: Neon Dynasty,164,normal,uncommon,1,66392,758724f9-93c9-4178-ae40-3fefc75a010e,0.21,false,false,near_mint,en,USD,2026-08-02T03:26:41.815Z
collection,binder,Akki Ronin,NEO,Kamigawa: Neon Dynasty,319,normal,common,1,66847,fa16ee8e-d33a-40e9-9956-e345f0511819,0.16,false,false,near_mint,en,USD,2026-08-02T03:26:41.816Z
collection,binder,Atog,3ED,Revised Edition,139,normal,common,4,41286,976121fd-a21d-42cd-a7d0-310c8648e307,0.25,false,false,near_mint,en,USD,2026-08-02T03:26:41.755Z
collection,binder,Rock Hydra,3ED,Revised Edition,173,normal,rare,3,41252,c2a08993-d6c5-45ad-82dc-093c8b912a56,3.61,false,false,near_mint,en,USD,2026-08-02T03:26:41.756Z
collection,binder,Dwarven Warriors,5ED,Fifth Edition,222,normal,common,4,37784,d217942b-1253-4d4b-b0d2-09fc4e15cc62,0.21,false,false,near_mint,en,USD,2026-08-02T03:26:41.757Z
collection,binder,Dragon Whelp,4ED,Fourth Edition,186,normal,uncommon,5,40001,349ff6e6-b914-4787-bb90-ea77a3550d23,0.23,false,false,near_mint,en,USD,2026-08-02T03:26:41.761Z
collection,binder,Shivan Dragon,5ED,Fifth Edition,267,normal,rare,2,37739,64b05edd-4128-4150-9457-8aff895bd0b7,5.74,false,false,near_mint,en,USD,2026-08-02T03:26:41.762Z
collection,binder,Roc of Kher Ridges,3ED,Revised Edition,172,normal,rare,4,41253,ad034b0a-655b-465b-a8bb-3d4eee59abdf,1.73,false,false,near_mint,en,USD,2026-08-02T03:26:41.764Z
collection,binder,Dragon Whelp,3ED,Revised Edition,143,normal,uncommon,3,41282,643d6f5b-6a17-434d-945a-6b9a05015493,0.43,false,false,near_mint,en,USD,2026-08-02T03:26:41.765Z
collection,binder,Brothers of Fire,5ED,Fifth Edition,214,normal,common,2,37792,b3400509-7de8-4c1d-8546-a3df9bee1e75,0.13,false,false,near_mint,en,USD,2026-08-02T03:26:41.771Z
collection,binder,Beasts of Bogardan,CHR,Chronicles,45,normal,uncommon,2,39381,cec0fe2c-e7e6-42d1-8128-58d70a7f1177,0.2,false,false,near_mint,en,USD,2026-08-02T03:26:41.774Z
collection,binder,Granite Gargoyle,3ED,Revised Edition,156,normal,rare,2,41269,03dfa7f7-8f08-49f6-96fd-eebf16ceb499,2.09,false,false,near_mint,en,USD,2026-08-02T03:26:41.775Z
collection,binder,Mons's Goblin Raiders,3ED,Revised Edition,167,normal,common,2,41258,6e81e219-c840-4844-be87-0449ab0fa645,0.16,false,false,near_mint,en,USD,2026-08-02T03:26:41.787Z
collection,binder,Burning Palm Efreet,MIR,Mirage,161,normal,uncommon,2,38429,a194488a-1d6f-4bc3-8f30-82e2c3c91389,0.17,false,false,near_mint,en,USD,2026-08-02T03:26:41.790Z
collection,binder,Towashi Songshaper,NEO,Kamigawa: Neon Dynasty,167,normal,common,3,66928,f7ff9be1-765f-4001-a0ac-39c8099924eb,0.1,false,false,near_mint,en,USD,2026-08-02T03:26:41.798Z
collection,binder,Scrapyard Steelbreaker,NEO,Kamigawa: Neon Dynasty,160,normal,common,4,66875,5776e576-5562-45ea-a29b-185410317e17,0.1,false,false,near_mint,en,USD,2026-08-02T03:26:41.799Z
collection,binder,Reinforced Ronin,NEO,Kamigawa: Neon Dynasty,323,normal,uncommon,2,66775,a69eec2f-eec0-491f-944c-ca944d9d320b,0.33,false,false,near_mint,en,USD,2026-08-02T03:26:41.800Z
collection,binder,Akki Ember-Keeper,NEO,Kamigawa: Neon Dynasty,130,normal,common,4,66363,4d83e837-fcd1-4833-9117-e6f1bb53caad,0.24,false,false,near_mint,en,USD,2026-08-02T03:26:41.806Z
collection,binder,Peerless Samurai,NEO,Kamigawa: Neon Dynasty,156,normal,common,4,66616,e5b2176d-8925-4474-9d3e-1c97192715fb,0.28,false,false,near_mint,en,USD,2026-08-02T03:26:41.811Z
collection,binder,Reinforced Ronin,NEO,Kamigawa: Neon Dynasty,158,normal,uncommon,1,66747,89a18961-8f0b-4e98-9de4-aba97e91ad9a,0.29,false,false,near_mint,en,USD,2026-08-02T03:52:44.999Z
collection,binder,Upriser Renegade,NEO,Kamigawa: Neon Dynasty,324,normal,uncommon,1,66366,52af0f2d-de2e-4554-ae32-c88bc7ba7c71,0.17,false,false,near_mint,en,USD,2026-08-02T03:52:45.001Z
collection,binder,Crimson Caravaneer,PIP,Fallout,56,normal,uncommon,1,92067,3acc522b-6297-455e-8bb5-6187061496d0,0.31,false,false,near_mint,en,USD,2026-08-02T03:52:45.005Z
collection,binder,Fearful Villager // Fearsome Werewolf,VOW,Innistrad: Crimson Vow,157,normal,common,7,64229,5eb3a08e-1d31-4ab9-854f-a86b060696ec,0.18,false,false,near_mint,en,USD,2026-08-02T03:52:45.006Z
collection,binder,Tiamat's Fanatics,CLB,Commander Legends: Battle for Baldur's Gate,202,foil,common,1,68925,279c2ec3-abfc-4054-bdd9-3c8fa7d8b426,0.38,false,false,near_mint,en,USD,2026-08-02T03:52:45.007Z
collection,binder,Goblin Digging Team,CHR,Chronicles,49,normal,common,1,39377,bc8fdbaa-bf48-4ed9-b3fd-c2c5d497a0be,0.13,false,false,near_mint,en,USD,2026-08-02T03:52:45.010Z
collection,binder,Gearbane Orangutan,MKM,Murders at Karlov Manor,129,normal,common,1,90933,6900a344-a155-4ee1-a3ac-d6c28e024270,0.25,false,false,near_mint,en,USD,2026-08-02T03:52:45.012Z
collection,binder,Goblin King,4ED,Fourth Edition,198,normal,rare,1,39989,92dd4aef-6d15-4d74-96cf-1cc51812b541,8.48,false,false,near_mint,en,USD,2026-08-02T03:52:45.013Z
collection,binder,Cunning Coyote,OTJ,Outlaws of Thunder Junction,118,normal,uncommon,1,93176,5b4ac6ea-c67b-4f90-be4f-aa25882f5794,0.17,false,false,near_mint,en,USD,2026-08-02T03:52:45.014Z
collection,binder,Magebane Lizard,OTJ,Outlaws of Thunder Junction,134,normal,uncommon,1,93189,62e12566-375f-4f31-aa91-1b13a96d9ece,0.67,false,false,near_mint,en,USD,2026-08-02T03:52:45.015Z
collection,binder,Iron-Fist Pulverizer,OTJ,Outlaws of Thunder Junction,131,normal,common,1,93352,cd7f984a-0b56-45df-958d-6178e4da61ed,0.11,false,false,near_mint,en,USD,2026-08-02T03:52:45.016Z
collection,binder,Resilient Roadrunner,OTJ,Outlaws of Thunder Junction,141,normal,uncommon,2,93383,e07d3ee9-d3c4-4f07-839e-ec81c2587ae0,0.12,false,false,near_mint,en,USD,2026-08-02T03:52:45.017Z
collection,binder,Elturel Survivors,CLB,Commander Legends: Battle for Baldur's Gate,172,normal,rare,1,69345,e376b59a-5702-4706-b713-01cab4e253cc,0.78,false,false,near_mint,en,USD,2026-08-02T03:52:45.018Z
collection,binder,Wee Champion,UNF,Unfinity,127,normal,common,5,73154,7338aa7e-09d0-485c-a223-9395ed9704e3,0.02,false,false,near_mint,en,USD,2026-08-02T03:52:45.019Z
collection,binder,Minotaur de Force,UNF,Unfinity,114,normal,common,3,73320,e8994e99-2a63-4b2f-906f-373065aa3319,0.18,false,false,near_mint,en,USD,2026-08-02T03:52:45.020Z
collection,binder,Voltaic Visionary // Volt-Charged Berserker,VOW,Innistrad: Crimson Vow,183,normal,uncommon,4,64362,a8b85386-462b-46f8-9412-fd47ed1dc1da,0.11,false,false,near_mint,en,USD,2026-08-02T03:52:45.021Z
collection,binder,Hellspur Brute,OTJ,Outlaws of Thunder Junction,127,foil,uncommon,1,93130,3b99db5b-cd13-4e69-98b7-753e72c781f8,0.22,false,false,near_mint,en,USD,2026-08-02T03:52:45.023Z
collection,binder,Flamecache Gecko,BLB,Bloomburrow,135,normal,uncommon,1,96142,fb8e7c97-8393-41b8-bb0b-3983dcc5e7f4,0.15,false,false,near_mint,en,USD,2026-08-02T03:52:45.025Z
collection,binder,Bronzeplate Boar,NEO,Kamigawa: Neon Dynasty,135,normal,uncommon,1,66398,7c8f5da8-13a8-4b39-8ddc-7661892924af,0.22,false,false,near_mint,en,USD,2026-08-02T03:52:45.034Z
collection,binder,Scrap Welder,NEO,Kamigawa: Neon Dynasty,159,normal,rare,1,66328,14057067-2325-4229-8580-d9a6397ae343,0.32,false,false,near_mint,en,USD,2026-08-02T03:52:45.037Z
collection,binder,Mysterious Stranger,PIP,Fallout,63,normal,rare,1,91840,063ca0fa-1947-48da-86f9-76dd00dfb550,0.34,false,false,near_mint,en,USD,2026-08-02T03:52:45.042Z
collection,binder,Thundering Raiju,NEO,Kamigawa: Neon Dynasty,166,normal,rare,1,66834,ec1a2920-6d39-4276-921c-65cc16a45f17,0.53,false,false,near_mint,en,USD,2026-08-02T03:52:45.046Z
collection,binder,Rohirrim Lancer,LTR,The Lord of the Rings: Tales of Middle-earth,146,normal,common,3,82963,2f506f9f-4c0d-44e8-9f81-8403d808d0e4,0.14,false,false,near_mint,en,USD,2026-08-02T03:52:45.053Z
collection,binder,Warbeast of Gorgoroth,LTR,The Lord of the Rings: Tales of Middle-earth,152,normal,common,2,83112,5eeecb9e-fbde-429b-b3da-18a4dbadf6de,0.14,false,false,near_mint,en,USD,2026-08-02T03:52:45.056Z
collection,binder,Battle-Scarred Goblin,LTR,The Lord of the Rings: Tales of Middle-earth,115,normal,common,1,83436,b91859de-1983-4c9c-a9e6-289c7dba1eb4,0.14,false,false,near_mint,en,USD,2026-08-02T03:52:45.058Z
collection,binder,Erebor Flamesmith,LTR,The Lord of the Rings: Tales of Middle-earth,122,normal,common,2,83086,552730c5-e3a6-468f-91b2-82c272dda400,0.37,false,false,near_mint,en,USD,2026-08-02T03:52:45.060Z
collection,binder,Oliphaunt,LTR,The Lord of the Rings: Tales of Middle-earth,139,normal,common,2,83161,6989018c-37b1-4282-a4af-9cc97f160b4d,0.36,false,false,near_mint,en,USD,2026-08-02T03:52:45.061Z
collection,binder,Dire Fleet Daredevil,OTC,Outlaws of Thunder Junction Commander,162,normal,rare,1,93768,9de2ad47-c6d5-4cd8-ae32-66ae167e25a0,0.36,false,false,near_mint,en,USD,2026-08-02T03:52:45.070Z
collection,binder,Boarding Party,CMR,Commander Legends,163,normal,common,1,56012,186adacf-434b-475b-9b85-749615ae002b,0.25,false,false,near_mint,en,USD,2026-08-02T03:52:45.071Z
collection,binder,Longhorn Sharpshooter,OTJ,Outlaws of Thunder Junction,132,normal,uncommon,2,93123,398d9a16-d72c-42e2-a0ea-d9da642ee046,0.05,false,false,near_mint,en,USD,2026-08-02T03:52:45.073Z
collection,binder,Prickly Pair,OTJ,Outlaws of Thunder Junction,137,normal,common,2,93398,e70f2278-8857-46e4-aa2b-fff5589b750f,0.07,false,false,near_mint,en,USD,2026-08-02T03:52:45.074Z
collection,binder,Pharagax Giant,BNG,Born of the Gods,104,normal,common,1,14856,9eef1b9b-58f1-40af-a7c2-06cdaf1ec974,0.13,false,false,near_mint,en,USD,2026-08-02T03:52:45.075Z
collection,binder,Edgewall Pack,WOE,Wilds of Eldraine,126,normal,common,1,85648,acda9d02-00fc-49e2-a9f3-176e9c0a8c5f,0.11,false,false,near_mint,en,USD,2026-08-02T03:52:45.076Z
collection,binder,Wrecking Crew,SNC,Streets of New Capenna,132,normal,common,1,67883,92691507-b1ce-40d0-87e7-b79e81370511,0.13,false,false,near_mint,en,USD,2026-08-02T03:52:45.077Z
collection,binder,Peerless Samurai,NEO,Kamigawa: Neon Dynasty,322,normal,common,1,66507,247c362c-bf21-4bca-89d4-54eb60806f10,0.21,false,false,near_mint,en,USD,2026-08-02T03:52:45.078Z
collection,binder,Ogre-Head Helm,NEO,Kamigawa: Neon Dynasty,155,normal,rare,2,66678,3a0d5f7d-4e8a-42ad-8875-610004bd9796,0.24,false,false,near_mint,en,USD,2026-08-02T03:52:45.083Z
collection,binder,Thrill-Kill Disciple,PIP,Fallout,68,normal,rare,1,92186,5628e781-9f12-49ed-a575-6b467d39510b,0.23,false,false,near_mint,en,USD,2026-08-02T03:52:45.086Z
collection,binder,Minecart Daredevil // Ride the Rails,WOE,Wilds of Eldraine,141,normal,common,2,85421,5b2a02f3-3921-4f40-9ffa-70bc08b052e1,0.16,false,false,near_mint,en,USD,2026-08-02T03:52:45.087Z
collection,binder,Rimrock Knight // Boulder Rush,ELD,Throne of Eldraine,137,normal,common,1,46201,a3d13d84-01e4-4429-93db-e5afff811527,0.19,false,false,near_mint,en,USD,2026-08-02T03:52:45.088Z
collection,binder,Person of Interest,MKM,Murders at Karlov Manor,139,normal,common,1,90997,7d56ebff-67c8-4bc7-a533-ddde4ce0c2af,0.04,false,false,near_mint,en,USD,2026-08-02T03:52:45.089Z
collection,binder,Offender at Large,MKM,Murders at Karlov Manor,138,normal,common,1,91301,f096ff4a-85f4-46f1-9478-e8921f21309d,0.09,false,false,near_mint,en,USD,2026-08-02T03:52:45.090Z
collection,binder,Bolrac-Clan Basher,MKM,Murders at Karlov Manor,112,normal,uncommon,1,91151,b87683f7-8a61-4e4a-8b8b-3bf812454096,0.06,false,false,near_mint,en,USD,2026-08-02T03:52:45.091Z
collection,binder,Innocent Bystander,MKM,Murders at Karlov Manor,133,normal,common,1,90634,085f4595-4ae5-428e-a934-e918774df6fd,0.07,false,false,near_mint,en,USD,2026-08-02T03:52:45.092Z
collection,binder,Erebor Flamesmith,LTR,The Lord of the Rings: Tales of Middle-earth,122,foil,common,1,83086,552730c5-e3a6-468f-91b2-82c272dda400,0.8,false,false,near_mint,en,USD,2026-08-02T03:52:45.093Z
collection,binder,Riveteers Requisitioner,SNC,Streets of New Capenna,121,normal,uncommon,1,67868,8ab5152d-767a-47d5-acfc-f439810aaeea,0.27,false,false,near_mint,en,USD,2026-08-02T03:52:45.094Z
collection,binder,Valley Dasher,KTK,Khans of Tarkir,125,normal,common,1,13273,8543adbd-0dd1-47d3-ac41-2ec72d6a5d35,0.04,false,false,near_mint,en,USD,2026-08-02T03:52:45.095Z
collection,binder,Smoldering Efreet,FRF,Fate Reforged,115,normal,common,1,12011,af33b204-6b50-4404-b986-9f6b970a7f06,0.06,false,false,near_mint,en,USD,2026-08-02T03:52:45.096Z
collection,binder,Satyr Firedancer,BNG,Born of the Gods,108,normal,rare,1,14852,7fc6a735-cbf5-4af2-b15c-7ced82f0d9da,0.32,false,false,near_mint,en,USD,2026-08-02T03:52:45.097Z
collection,binder,Bladetusk Boar,JOU,Journey into Nyx,90,normal,common,1,14559,5f157fb0-81ac-4108-aafc-7ee81df965a9,0.03,false,false,near_mint,en,USD,2026-08-02T03:52:45.098Z
collection,binder,Furnace Whelp,M15,Magic 2015,279,normal,uncommon,1,13573,d44f74e9-aaa6-41d3-8070-bf0ead4a7d77,0.23,false,false,near_mint,en,USD,2026-08-02T03:52:45.099Z
collection,binder,Minotaur Skullcleaver,THS,Theros,130,normal,common,1,15534,6854c913-d4bd-42f7-901c-f3c25be5c4b2,0.08,false,false,near_mint,en,USD,2026-08-02T03:52:45.100Z
collection,binder,Everflame Eidolon,BNG,Born of the Gods,92,normal,uncommon,1,14868,a018d5ea-5229-40ca-b7c5-31d3e8ebb894,0.18,false,false,near_mint,en,USD,2026-08-02T03:52:45.101Z
collection,binder,Fire Elemental,M13,Magic 2013,130,normal,common,1,17693,d39716c6-6c4f-4cd3-9d9c-893f883e6e70,0.04,false,false,near_mint,en,USD,2026-08-02T03:52:45.102Z
collection,binder,Kessig Wolf,ISD,Innistrad,151,normal,common,1,18747,3255480b-c1cf-43d9-a40e-43e38112bb18,0.18,false,false,near_mint,en,USD,2026-08-02T03:52:45.103Z
collection,binder,Two-Headed Cerberus,THS,Theros,146,normal,common,1,15518,f8d2f75c-ef2a-4d30-86d1-c47307fc47ac,0.04,false,false,near_mint,en,USD,2026-08-02T03:52:45.104Z
collection,binder,Skitter of Lizards,WWK,Worldwake,91,normal,common,1,22100,153c1465-9cbc-424b-8147-79e95fd45b3d,0.26,false,false,near_mint,en,USD,2026-08-02T03:52:45.105Z
collection,binder,Miner's Bane,M15,Magic 2015,157,normal,common,1,13695,c52d48ac-1685-4061-9907-31248ae38cc9,0.05,false,false,near_mint,en,USD,2026-08-02T03:52:45.106Z
collection,binder,Plasma Jockey,SNC,Streets of New Capenna,115,normal,common,2,67831,741ed811-cbcd-4178-a874-dc79d2a5d6f1,0.13,false,false,near_mint,en,USD,2026-08-02T03:52:45.107Z
collection,binder,Roughshod Duo,BLB,Bloomburrow,150,normal,common,3,96343,78cdcfb9-a247-4c2d-a098-5b57570f8cd5,0.23,false,false,near_mint,en,USD,2026-08-02T03:52:45.024Z
collection,binder,Raccoon Rallier,BLB,Bloomburrow,148,normal,common,2,96104,b5b5180f-5a1c-4df8-9019-195e65a50ce3,0.2,false,false,near_mint,en,USD,2026-08-02T03:52:45.027Z
collection,binder,Rabbit Battery,NEO,Kamigawa: Neon Dynasty,157,normal,uncommon,2,66716,5d33a5b7-797b-4079-8d62-edd124c0fb5a,0.35,false,false,near_mint,en,USD,2026-08-02T03:52:45.030Z
collection,binder,Simian Sling,NEO,Kamigawa: Neon Dynasty,163,normal,common,6,66351,37a00f95-d563-4d51-a5f2-af139261921a,0.27,false,false,near_mint,en,USD,2026-08-02T03:52:45.038Z
collection,binder,Reckless Lackey,OTJ,Outlaws of Thunder Junction,140,normal,common,2,93262,912fcd14-5e81-418c-997b-771f2f38f63d,0.28,false,false,near_mint,en,USD,2026-08-02T03:52:45.044Z
collection,binder,Labyrinth Adversary,ACR,Assassin's Creed,290,normal,uncommon,3,95512,ddc770fd-d513-420b-94f8-f2d28d8ed8d1,0.12,false,false,near_mint,en,USD,2026-08-02T03:52:45.050Z
collection,binder,Olog-hai Crusher,LTR,The Lord of the Rings: Tales of Middle-earth,140,normal,common,6,83476,c33bf593-62e0-491a-a31a-328bce6d8735,0.13,false,false,near_mint,en,USD,2026-08-02T03:52:45.055Z
collection,binder,Goblin Assailant,LTR,The Lord of the Rings: Tales of Middle-earth,295,normal,common,3,83414,b4bda198-7ab4-4c6b-9fb1-93ac54c06a85,0.2,false,false,near_mint,en,USD,2026-08-02T03:52:45.057Z
collection,binder,Goblin Fireleaper,LTR,The Lord of the Rings: Tales of Middle-earth,133,normal,uncommon,5,83620,ec120dae-8c40-4053-9341-1f7774464634,0.13,false,false,near_mint,en,USD,2026-08-02T03:52:45.059Z
collection,binder,Lightning Mauler,INR,Innistrad Remastered,163,normal,uncommon,1,102829,ea45c4fe-6e39-4c5f-b7f0-233dee1eff90,0.2,false,false,near_mint,en,USD,2026-08-02T04:01:16.365Z
collection,binder,Smoldering Werewolf // Erupting Dreadwolf,INR,Innistrad Remastered,465,normal,uncommon,1,102780,ca129694-150c-47c6-bdda-c3ba3d1fdc61,0.2,false,false,near_mint,en,USD,2026-08-02T04:01:16.375Z
collection,binder,Lightning Mauler,INR,Innistrad Remastered,399,normal,uncommon,1,102681,959a0170-7949-4e4a-937d-0ae732c10062,0.15,false,false,near_mint,en,USD,2026-08-02T04:01:16.378Z
collection,binder,Voldaren Epicure,INR,Innistrad Remastered,182,foil,common,1,102824,e8fe855c-fe94-4de7-a033-9892a9d6ee0e,0.38,false,false,near_mint,en,USD,2026-08-02T04:01:16.379Z
collection,binder,Mirrorwing Dragon,INR,Innistrad Remastered,165,normal,mythic,1,102513,409aa60d-ce4f-4019-b5b9-702ab94ed429,0.53,false,false,near_mint,en,USD,2026-08-02T04:01:16.380Z
collection,binder,Voldaren Epicure,INR,Innistrad Remastered,405,normal,common,1,102448,1cd8c532-132d-4291-b111-8f1ff6064bf6,0.87,false,false,near_mint,en,USD,2026-08-02T04:01:16.381Z
collection,binder,Smoldering Werewolf // Erupting Dreadwolf,INR,Innistrad Remastered,171,normal,uncommon,1,102820,e724d16c-d44b-4b8f-9616-64923e2cdeb2,0.21,false,false,near_mint,en,USD,2026-08-02T04:01:16.388Z
collection,binder,Voldaren Ambusher,INR,Innistrad Remastered,180,normal,uncommon,1,102733,b2f493be-7e6f-4634-999b-a5c35fa45447,0.13,false,false,near_mint,en,USD,2026-08-02T04:01:16.390Z
collection,binder,Ulrich's Kindred,INR,Innistrad Remastered,176,normal,uncommon,1,102707,a461ca76-ce52-4f6a-bbc0-601c683eaaa0,0.22,false,false,near_mint,en,USD,2026-08-02T04:01:16.392Z
collection,binder,Bloodmad Vampire,INR,Innistrad Remastered,145,foil,common,1,102662,8a9747c1-ef2c-4c61-9529-abfb6ae0f964,0.3,false,false,near_mint,en,USD,2026-08-02T04:01:16.393Z
collection,binder,Kruin Outlaw // Terror of Kruin Pass,INR,Innistrad Remastered,161,foil,rare,1,102506,3c6ee666-9b5b-428a-9ddb-37c36a6272cb,0.43,false,false,near_mint,en,USD,2026-08-02T04:01:16.396Z
collection,binder,Hanweir Garrison,INR,Innistrad Remastered,157,normal,rare,1,102441,1811b4fa-fed6-46ea-a6de-bb7624a5b1de,1.88,false,false,near_mint,en,USD,2026-08-02T04:01:16.397Z
collection,binder,Zealous Conscripts,INR,Innistrad Remastered,183,normal,rare,1,102742,b5ca6c08-bfe0-4021-b6ad-e235c8905661,0.33,false,false,near_mint,en,USD,2026-08-02T04:01:16.398Z
collection,binder,Geier Reach Bandit // Vildin-Pack Alpha,INR,Innistrad Remastered,156,normal,uncommon,2,102841,f0af234d-ce14-49ac-b877-00b0dd1f11e2,0.35,false,false,near_mint,en,USD,2026-08-02T04:01:16.401Z
collection,binder,Proficient Pyrodancer,UNF,Unfinity,120,normal,uncommon,3,72858,9e10062a-4406-478d-a594-0be78a982c76,0.03,false,false,near_mint,en,USD,2026-08-02T04:01:16.422Z
collection,binder,Grabby Giant // That's Mine,WOE,Wilds of Eldraine,133,normal,common,1,85852,fab7646a-61e8-446b-9dba-ac6e0db82f10,0.22,false,false,near_mint,en,USD,2026-08-02T04:01:16.427Z
collection,binder,Relentless Rohirrim,LTR,The Lord of the Rings: Tales of Middle-earth,144,normal,common,1,82924,21b7606a-6a4c-4bf0-b311-1883383161d2,0.13,false,false,near_mint,en,USD,2026-08-02T04:01:16.432Z
collection,binder,Merry Bards,WOE,Wilds of Eldraine,140,foil,common,1,85658,b0058b9b-e919-45eb-9da0-690f62aa252e,0.14,false,false,near_mint,en,USD,2026-08-02T04:01:16.436Z
collection,binder,Impulsive Pilferer,OTC,Outlaws of Thunder Junction Commander,171,normal,common,1,93479,0f020359-5ad1-43c4-8588-172be635cccc,0.4,false,false,near_mint,en,USD,2026-08-02T04:01:16.437Z
collection,binder,Foundry Street Denizen,M15,Magic 2015,141,normal,common,1,13711,08835364-f82d-4047-8f35-bd8b64760dfc,0.21,false,false,near_mint,en,USD,2026-08-02T04:01:16.438Z
collection,binder,Mad Ratter,ELD,Throne of Eldraine,130,normal,uncommon,1,46208,9a4cabcc-fb29-4bf2-b5ba-32b8c96aefd6,0.16,false,false,near_mint,en,USD,2026-08-02T04:01:16.439Z
collection,binder,Goblin Kaboomist,M15,Magic 2015,144,normal,rare,1,13708,80e1d85a-18e5-4c6a-85fd-a009bd8fda38,0.39,false,false,near_mint,en,USD,2026-08-02T04:01:16.440Z
collection,binder,Kazuul's Toll Collector,OGW,Oath of the Gatewatch,112,normal,uncommon,1,9270,6824f48d-6808-4458-a2fd-1ffd0a10d72a,0.14,false,false,near_mint,en,USD,2026-08-02T04:01:16.441Z
collection,binder,Krenko's Enforcer,M15,Magic 2015,152,normal,common,1,13700,ce2ceeb0-03b6-48bc-a084-069176ebccb2,0.06,false,false,near_mint,en,USD,2026-08-02T04:01:16.442Z
collection,binder,Fugitive Codebreaker,MKM,Murders at Karlov Manor,348,foil,rare,1,90806,3cbb3378-291c-4de6-be98-dd09daa3b828,0.15,false,false,near_mint,en,USD,2026-08-02T04:01:16.443Z
collection,binder,Stirring Bard,CLB,Commander Legends: Battle for Baldur's Gate,195,normal,common,2,69303,d06d9d83-d1e6-4499-a1ac-6f865159f6b6,0.28,false,false,near_mint,en,USD,2026-08-02T04:01:16.444Z
collection,binder,Insufferable Balladeer,CLB,Commander Legends: Battle for Baldur's Gate,184,normal,common,1,68843,0c7f401e-1403-49f8-a39e-1eed05b41c34,0.13,false,false,near_mint,en,USD,2026-08-02T04:01:16.445Z
collection,binder,Patron of the Arts,CLB,Commander Legends: Battle for Baldur's Gate,191,normal,common,1,68857,10b2b8ca-7433-4bfe-abab-e19128e46a1d,0.36,false,false,near_mint,en,USD,2026-08-02T04:01:16.446Z
collection,binder,Furnace Punisher,ONE,Phyrexia: All Will Be One,291,normal,uncommon,1,78617,6f66c086-bb19-45d1-8387-17348f2c5c78,0.13,false,false,near_mint,en,USD,2026-08-02T04:01:16.449Z
collection,binder,Shrapnel Slinger,ONE,Phyrexia: All Will Be One,148,normal,common,1,78751,a6147bdc-4e02-48be-9ab9-c212f70d9194,0.13,false,false,near_mint,en,USD,2026-08-02T04:01:16.450Z
collection,binder,Sprouting Goblin,DMU,Dominaria United,145,normal,uncommon,1,71488,602f5370-d096-4765-b612-16bcec3aafa7,0.14,false,false,near_mint,en,USD,2026-08-02T04:01:16.451Z
collection,binder,Ghitu Amplifier,DMU,Dominaria United,127,normal,common,1,71699,b1845806-7585-40d5-9d3a-f13667e6a9d2,0.07,false,false,near_mint,en,USD,2026-08-02T04:01:16.452Z
collection,binder,Goblin Picker,DMU,Dominaria United,128,normal,common,1,71519,6d8f1f06-dde5-41f2-923c-67d1d4d13fab,0.16,false,false,near_mint,en,USD,2026-08-02T04:01:16.453Z
collection,binder,Steampath Charger,BLB,Bloomburrow,153,normal,common,1,95890,03bf1296-e347-4070-8c6f-5c362c2f9364,0.17,false,false,near_mint,en,USD,2026-08-02T04:01:16.454Z
collection,binder,Valley Flamecaller,BLB,Bloomburrow,158,normal,rare,1,96091,a0812db4-b7d1-4cf7-aaa5-9c0e784079a1,0.27,false,false,near_mint,en,USD,2026-08-02T04:01:16.455Z
collection,binder,Roughshod Duo,BLB,Bloomburrow,150,foil,common,1,96343,78cdcfb9-a247-4c2d-a098-5b57570f8cd5,0.26,false,false,near_mint,en,USD,2026-08-02T04:01:16.458Z
collection,binder,Heartfire Hero,BLB,Bloomburrow,138,normal,uncommon,1,95870,48ace959-66b2-40c8-9bff-fd7ed9c99a82,0.28,false,false,near_mint,en,USD,2026-08-02T04:01:16.460Z
collection,binder,Hearthborn Battler,BLB,Bloomburrow,139,foil,rare,1,95965,bef1cf5c-9738-4062-8cb1-87a372d36687,0.33,false,false,near_mint,en,USD,2026-08-02T04:01:16.462Z
collection,binder,Whiskerquill Scribe,BLB,Bloomburrow,161,normal,common,1,96124,da653996-9bd4-40bd-afb4-48c7e070a269,0.17,false,false,near_mint,en,USD,2026-08-02T04:01:16.464Z
collection,binder,Conduit of Storms // Conduit of Emrakul,INR,Innistrad Remastered,150,normal,common,3,102710,a60c3aa0-9c6b-4fb2-8ece-b9a02c64c1cf,0.15,false,false,near_mint,en,USD,2026-08-02T04:01:16.364Z
collection,binder,Hanweir Watchkeep // Bane of Hanweir,INR,Innistrad Remastered,158,normal,common,3,102786,d067706b-e2cc-4ad5-b992-28222a8af4ad,0.13,false,false,near_mint,en,USD,2026-08-02T04:01:16.366Z
collection,binder,Bloodmad Vampire,INR,Innistrad Remastered,145,normal,common,3,102662,8a9747c1-ef2c-4c61-9529-abfb6ae0f964,0.26,false,false,near_mint,en,USD,2026-08-02T04:01:16.367Z
collection,binder,Festival Crasher,INR,Innistrad Remastered,153,normal,common,3,102800,d8d050c1-ae0c-46c1-8aa7-7cde4606105b,0.22,false,false,near_mint,en,USD,2026-08-02T04:01:16.369Z
collection,binder,Furyblade Vampire,INR,Innistrad Remastered,155,normal,uncommon,2,102683,95a38a53-d83a-4df7-8caa-40995b0c4235,0.19,false,false,near_mint,en,USD,2026-08-02T04:01:16.370Z
collection,binder,Stromkirk Occultist,INR,Innistrad Remastered,173,normal,uncommon,2,102730,b11fa9f0-82d1-4dd6-8f2d-45d73f908277,0.19,false,false,near_mint,en,USD,2026-08-02T04:01:16.376Z
collection,binder,Voldaren Epicure,INR,Innistrad Remastered,182,normal,common,3,102824,e8fe855c-fe94-4de7-a033-9892a9d6ee0e,0.32,false,false,near_mint,en,USD,2026-08-02T04:01:16.377Z
collection,binder,Hungry Ridgewolf,INR,Innistrad Remastered,160,normal,common,3,102611,770fc080-ac42-4a5a-846f-6e49b4aaf4ba,0.19,false,false,near_mint,en,USD,2026-08-02T04:01:16.385Z
collection,binder,Voldaren Duelist,INR,Innistrad Remastered,181,normal,common,3,102629,7e2df669-a996-4692-9c04-7ba236595076,0.1,false,false,near_mint,en,USD,2026-08-02T04:01:16.386Z
collection,binder,Village Messenger // Moonrise Intruder,INR,Innistrad Remastered,179,normal,common,2,102663,8bdc98cd-d03a-4c24-8642-b9ffb1f144c6,0.26,false,false,near_mint,en,USD,2026-08-02T04:01:16.387Z
collection,binder,Blood Petal Celebrant,INR,Innistrad Remastered,144,normal,common,3,102686,96db3d95-c0b8-42ff-956c-837f5f9cd40d,0.13,false,false,near_mint,en,USD,2026-08-02T04:01:16.391Z
collection,binder,Haradrim Spearmaster,LTR,The Lord of the Rings: Tales of Middle-earth,135,normal,common,3,83118,6050cf98-cdce-4825-9ab8-2294a2b63faf,0.11,false,false,near_mint,en,USD,2026-08-02T04:01:16.406Z
collection,binder,_____ Goblin,UNF,Unfinity,107,normal,common,3,73127,5819e3f3-da49-4003-88ce-f3b7bb495787,0.53,false,false,near_mint,en,USD,2026-08-02T04:01:16.411Z
collection,binder,Goblin Airbrusher,UNF,Unfinity,108,normal,uncommon,2,73181,85a42d2c-8ef3-4789-a0c9-eacdc9005fc2,0.09,false,false,near_mint,en,USD,2026-08-02T04:01:16.414Z
collection,binder,Non-Human Cannonball,UNF,Unfinity,115,normal,common,4,73271,cbc051b2-9119-4a12-a8eb-8369954442be,0.09,false,false,near_mint,en,USD,2026-08-02T04:01:16.416Z
collection,binder,Big Winner,UNF,Unfinity,101,normal,common,2,73345,f68808b7-b22f-47c6-b654-16d95fc9169b,0.06,false,false,near_mint,en,USD,2026-08-02T04:01:16.417Z
collection,binder,Merry Bards,WOE,Wilds of Eldraine,140,normal,common,2,85658,b0058b9b-e919-45eb-9da0-690f62aa252e,0.11,false,false,near_mint,en,USD,2026-08-02T04:01:16.426Z
collection,binder,Bhaal's Invoker,CLB,Commander Legends: Battle for Baldur's Gate,163,normal,common,2,68982,3fd3e535-8412-4f79-a2b1-dfda9db1c496,0.28,false,false,near_mint,en,USD,2026-08-02T04:01:16.430Z
collection,binder,Frilled Sparkshooter,BLB,Bloomburrow,136,normal,common,3,95934,674bbd6d-e329-42cf-963d-88d1ce8fe51e,0.18,false,false,near_mint,en,USD,2026-08-02T04:01:16.447Z
collection,binder,Harnesser of Storms,BLB,Bloomburrow,137,normal,uncommon,2,95962,b56beeb6-88ca-475e-8654-1d4e8b4aa3c0,0.26,false,false,near_mint,en,USD,2026-08-02T04:01:16.457Z
collection,binder,Falkenrath Celebrants,VOW,Innistrad: Crimson Vow,156,normal,common,4,64200,4c3c5778-4760-4a8c-8d8d-693e29a0a74b,0.18,false,false,near_mint,en,USD,2026-08-02T04:13:06.403Z
collection,binder,Voldaren Epicure,VOW,Innistrad: Crimson Vow,182,normal,common,3,64370,ae154e64-f626-45fb-bd52-840c1c27b2d3,0.4,false,false,near_mint,en,USD,2026-08-02T04:13:06.404Z
collection,binder,Irreverent Gremlin,DSK,Duskmourn: House of Horror,142,normal,uncommon,1,98869,8da254f5-53f2-41d2-a4f0-a90b3dd6209c,0.24,false,false,near_mint,en,USD,2026-08-02T04:13:06.405Z
collection,binder,Blood Petal Celebrant,VOW,Innistrad: Crimson Vow,303,foil,common,1,64179,4592609d-48f5-4762-b95c-b2eaa2ea4d51,0.17,false,false,near_mint,en,USD,2026-08-02T04:13:06.407Z
collection,binder,Guttersnipe,FDN,Foundations,716,foil,uncommon,1,101229,dde674d6-f4e7-410b-acf0-34021290576d,0.22,false,false,near_mint,en,USD,2026-08-02T04:13:06.408Z
collection,binder,Fanatical Firebrand,FDN,Foundations,195,normal,common,1,101598,d1296316-7781-4e98-95e6-7020648be6a5,0.28,false,false,near_mint,en,USD,2026-08-02T04:13:06.410Z
collection,binder,Flamewake Phoenix,FDN,Foundations,198,normal,rare,1,100955,a94f008e-48a0-406b-83fa-99cd396831f8,0.21,false,false,near_mint,en,USD,2026-08-02T04:13:06.415Z
collection,binder,Sower of Chaos,FDN,Foundations,95,foil,common,1,101556,7ff50606-491c-4946-8d03-719b01cfad77,0.16,false,false,near_mint,en,USD,2026-08-02T04:13:06.417Z
collection,binder,Tiamat's Fanatics,CLB,Commander Legends: Battle for Baldur's Gate,202,normal,common,1,68925,279c2ec3-abfc-4054-bdd9-3c8fa7d8b426,0.25,false,false,near_mint,en,USD,2026-08-02T04:13:06.421Z
collection,binder,Herald of Slaanesh,40K,"Warhammer 40,000 Commander",77,normal,uncommon,1,72268,04a1852a-9b23-4834-852e-b018df88f497,6.19,false,false,near_mint,en,USD,2026-08-02T04:13:06.422Z
collection,binder,Stromkirk Noble,FDN,Foundations,632,normal,rare,1,100164,0f306c7e-cacc-4c26-a3f1-fad4f3ff7cf3,0.12,false,false,near_mint,en,USD,2026-08-02T04:13:06.424Z
collection,binder,Ravenous Giant,FDN,Foundations,630,normal,uncommon,1,100108,050b70c4-9086-4db4-8e65-f9bb5f67cf1b,0.05,false,false,near_mint,en,USD,2026-08-02T04:13:06.425Z
collection,binder,Viashino Pyromancer,FDN,Foundations,634,normal,common,1,100905,9f52ada2-cabc-46a3-99df-271833a86909,0.12,false,false,near_mint,en,USD,2026-08-02T04:13:06.426Z
collection,binder,Dragon Mage,FDN,Foundations,621,normal,uncommon,1,100526,5525cfde-a92b-4fb5-8f15-a05efebecd3d,0.2,false,false,near_mint,en,USD,2026-08-02T04:13:06.427Z
collection,binder,Giant Cindermaw,FDN,Foundations,624,normal,uncommon,1,101190,d65f5298-0e57-49cf-aaf5-2bb16f3e636c,0.1,false,false,near_mint,en,USD,2026-08-02T04:13:06.429Z
collection,binder,Hoarding Dragon,FDN,Foundations,626,normal,uncommon,1,101101,c3a35b3b-0c92-4b40-8210-86a5b5f275eb,0.11,false,false,near_mint,en,USD,2026-08-02T04:13:06.431Z
collection,binder,Mindsparker,FDN,Foundations,628,normal,uncommon,1,100469,4c8b3e58-be07-451e-a5c7-61c70cc3a5a2,0.08,false,false,near_mint,en,USD,2026-08-02T04:13:06.432Z
collection,binder,Taunting Kobold,CLB,Commander Legends: Battle for Baldur's Gate,404,normal,uncommon,1,68930,28d4f041-c485-464e-91b1-73597b1e7f73,0.24,false,false,near_mint,en,USD,2026-08-02T04:13:06.433Z
collection,binder,Vengeful Ancestor,TDC,Tarkir: Dragonstorm Commander,242,normal,rare,1,104918,bcaa3213-6fc9-43c7-9819-657e16a578f1,0.39,false,false,near_mint,en,USD,2026-08-02T04:13:06.435Z
collection,binder,Sigiled Skink,JOU,Journey into Nyx,111,normal,common,1,14538,37f84b4d-82db-4e3a-a099-2e438c0a6418,0.05,false,false,near_mint,en,USD,2026-08-02T04:13:06.436Z
collection,binder,Lightning Runner,DRC,Aetherdrift Commander,103,normal,mythic,1,103130,80e06596-fb1a-4d89-8d91-c6b95014f132,0.21,false,false,near_mint,en,USD,2026-08-02T04:13:06.437Z
collection,binder,Combustible Gearhulk,DRC,Aetherdrift Commander,102,normal,mythic,1,103028,4be99ea7-331a-406d-8a75-5bcfe64d1890,0.31,false,false,near_mint,en,USD,2026-08-02T04:13:06.438Z
collection,binder,Territorial Aetherkite,DRC,Aetherdrift Commander,12,normal,rare,1,103257,c1e2f2af-dbba-4e4c-9c60-ac4d245e1431,0.15,false,false,near_mint,en,USD,2026-08-02T04:13:06.439Z
collection,binder,Captivating Crew,OTC,Outlaws of Thunder Junction Commander,159,normal,rare,1,93494,13710c49-496d-41f9-87a4-5794dea9145d,0.4,false,false,near_mint,en,USD,2026-08-02T04:13:06.440Z
collection,binder,Young Pyromancer,SS3,Signature Spellbook: Chandra,8,normal,rare,1,51099,2dd80b9f-5c35-438b-ba52-da0e3e8ff781,0.43,false,false,near_mint,en,USD,2026-08-02T04:13:06.442Z
collection,binder,Hellspur Brute,OTJ,Outlaws of Thunder Junction,127,normal,uncommon,1,93130,3b99db5b-cd13-4e69-98b7-753e72c781f8,0.28,false,false,near_mint,en,USD,2026-08-02T04:13:06.443Z
collection,binder,Borderland Marauder,M15,Magic 2015,131,normal,common,1,13721,12e29b2b-5fe3-4dee-b247-10cd139fe2d0,0.03,false,false,near_mint,en,USD,2026-08-02T04:13:06.444Z
collection,binder,Reckless Fireweaver,DRC,Aetherdrift Commander,106,normal,common,1,102997,3e626e3e-1d08-4d6c-b29b-71157e568b45,0.38,false,false,near_mint,en,USD,2026-08-02T04:13:06.445Z
collection,binder,Loyal Apprentice,DRC,Aetherdrift Commander,104,normal,uncommon,1,102893,072e502a-c340-4f50-9f51-62d50242b17c,0.27,false,false,near_mint,en,USD,2026-08-02T04:13:06.446Z
collection,binder,Redcap Gutter-Dweller,FDN,Foundations,631,normal,rare,1,101115,c6c7f55a-bcc7-4ca3-853d-fc6e260d9429,0.12,false,false,near_mint,en,USD,2026-08-02T04:13:06.450Z
collection,binder,Taurean Mauler,FDN,Foundations,633,normal,rare,1,101391,fca7caa5-d920-4f06-90bd-214aa4e85cb3,0.61,false,false,near_mint,en,USD,2026-08-02T04:13:06.451Z
collection,binder,Ball Lightning,FDN,Foundations,618,normal,rare,1,100569,5f27dbf0-6818-40ea-832d-10686b4c2900,0.26,false,false,near_mint,en,USD,2026-08-02T04:13:06.452Z
collection,binder,Dragonmaster Outcast,TDC,Tarkir: Dragonstorm Commander,211,normal,mythic,1,104857,a485edea-07cd-48dd-97e7-daeba85553d6,0.41,false,false,near_mint,en,USD,2026-08-02T04:13:06.453Z
collection,binder,Anger,LTC,Tales of Middle-earth Commander,210,normal,uncommon,1,83099,59773a37-371f-44b8-9418-9d9a875b992c,0.99,false,false,near_mint,en,USD,2026-08-02T04:13:06.455Z
collection,binder,Guttersnipe,LTC,Tales of Middle-earth Commander,220,normal,uncommon,1,83529,d1ade999-a59c-4594-a787-b68fbf90bbb2,0.38,false,false,near_mint,en,USD,2026-08-02T04:13:06.456Z
collection,binder,Goblin Cratermaker,LTC,Tales of Middle-earth Commander,218,normal,uncommon,1,83267,88670dcc-715e-4570-8b0c-f4772a2c99e2,0.23,false,false,near_mint,en,USD,2026-08-02T04:13:06.457Z
collection,binder,Cavern-Hoard Dragon,LTC,Tales of Middle-earth Commander,31,normal,rare,1,83490,c67e509e-a219-4f7f-b7eb-8c446cc0620a,13.89,false,false,near_mint,en,USD,2026-08-02T04:13:06.458Z
collection,binder,Orcish Siegemaster,LTC,Tales of Middle-earth Commander,33,normal,rare,1,82917,1e9f9869-0f43-4eac-892f-26cd8a614330,0.43,false,false,near_mint,en,USD,2026-08-02T04:13:06.459Z
collection,binder,Rampaging War Mammoth,LTC,Tales of Middle-earth Commander,34,normal,rare,1,83563,dc13dbf0-c0ff-4c76-96c6-d3ee88ab2fce,0.29,false,false,near_mint,en,USD,2026-08-02T04:13:06.460Z
collection,binder,Goblin Dark-Dwellers,LTC,Tales of Middle-earth Commander,219,normal,rare,1,83504,cb2091cb-4c20-4210-9917-6632c1d39dc1,0.23,false,false,near_mint,en,USD,2026-08-02T04:13:06.461Z
collection,binder,Inferno Titan,LTC,Tales of Middle-earth Commander,223,normal,mythic,1,83559,db61b57c-b870-41af-87b7-037ec52fe063,0.31,false,false,near_mint,en,USD,2026-08-02T04:13:06.462Z
collection,binder,Knollspine Dragon,LTC,Tales of Middle-earth Commander,224,normal,rare,1,82920,20dcd98d-01c8-45be-97ed-993a73b01b9c,0.36,false,false,near_mint,en,USD,2026-08-02T04:13:06.463Z
collection,binder,Scourge of the Throne,LTC,Tales of Middle-earth Commander,225,normal,mythic,1,83269,89b46f36-6115-4d86-82a3-9397a123091c,0.45,false,false,near_mint,en,USD,2026-08-02T04:13:06.464Z
collection,binder,Siege-Gang Commander,LTC,Tales of Middle-earth Commander,228,normal,rare,1,83324,98b913e1-c26d-4a7d-9671-50d483304ba3,0.32,false,false,near_mint,en,USD,2026-08-02T04:13:06.465Z
collection,binder,Treasure Nabber,LTC,Tales of Middle-earth Commander,230,normal,rare,1,82947,27822718-27eb-484d-94b9-55fbe3fc03cc,2.14,false,false,near_mint,en,USD,2026-08-02T04:13:06.466Z
collection,binder,Moria Marauder,LTR,The Lord of the Rings: Tales of Middle-earth,138,normal,rare,1,83637,f33d5394-2248-4654-bec5-33b144752586,0.53,false,false,near_mint,en,USD,2026-08-02T04:13:06.468Z
collection,binder,Wildfire Emissary,MIR,Mirage,203,normal,uncommon,1,38387,6d99204c-b42d-48bc-9a93-fae5660665c7,0.29,false,false,near_mint,en,USD,2026-08-02T04:13:06.473Z
collection,binder,Burning Shield Askari,MIR,Mirage,162,normal,common,1,38428,486547cd-d2e7-4c46-9f7b-81c4267d65cc,0.11,false,false,near_mint,en,USD,2026-08-02T04:13:06.475Z
collection,binder,Ekundu Cyclops,MIR,Mirage,171,normal,common,1,38419,9047d292-8f5c-4a6b-b74e-c8dbf3e0ab24,0.12,false,false,near_mint,en,USD,2026-08-02T04:13:06.476Z
collection,binder,Searing Spear Askari,MIR,Mirage,191,normal,common,1,38399,5cf66916-7f6b-412f-acd6-f96ad4539a46,0.13,false,false,near_mint,en,USD,2026-08-02T04:13:06.477Z
collection,binder,Crimson Roc,MIR,Mirage,168,normal,uncommon,1,38422,2e63836c-37af-49c1-84a1-8650ed072805,0.21,false,false,near_mint,en,USD,2026-08-02T04:13:06.478Z
collection,binder,Bestial Fury,ALL,Alliances,67a,normal,common,1,38758,626225b9-2cfd-4cf5-b11c-89e5a231b09e,0.16,false,false,near_mint,en,USD,2026-08-02T04:13:06.481Z
collection,binder,Cinder Giant,WTH,Weatherlight,93,normal,uncommon,1,37204,de97c939-2c44-4c43-9d66-1087bcee692b,0.4,false,false,near_mint,en,USD,2026-08-02T04:13:06.482Z
collection,binder,Sawtooth Ogre,WTH,Weatherlight,114,normal,common,1,37183,4a237580-f7f6-4d6b-a342-0d11fc0b5a59,0.07,false,false,near_mint,en,USD,2026-08-02T04:13:06.483Z
collection,binder,Dwarven Berserker,WTH,Weatherlight,97,normal,common,1,37200,7bc734e9-fb09-4094-94b6-76c0458649e9,0.2,false,false,near_mint,en,USD,2026-08-02T04:13:06.484Z
collection,binder,Blistering Barrier,MIR,Mirage,159,normal,common,1,38431,56d000d8-24e1-4cf3-bed9-e68a89c8f569,0.12,false,false,near_mint,en,USD,2026-08-02T04:13:06.485Z
collection,binder,Goblin Vandal,WTH,Weatherlight,105,normal,common,1,37192,b7ad3b81-f706-4b33-b1ec-7600182a5232,0.19,false,false,near_mint,en,USD,2026-08-02T04:13:06.487Z
collection,binder,Orcish Squatters,ICE,Ice Age,211,normal,rare,1,39598,f3ee7bd5-612b-4916-a914-1294805b8f64,0.52,false,false,near_mint,en,USD,2026-08-02T04:13:06.489Z
collection,binder,Subterranean Spirit,MIR,Mirage,195,normal,rare,1,38395,132e8aac-9698-45fa-8d64-b460fd5deffc,0.98,false,false,near_mint,en,USD,2026-08-02T04:13:06.490Z
collection,binder,Orcish Librarian,ICE,Ice Age,209,normal,rare,1,39600,8ed908d6-6d06-4ccb-9577-37ef2d01c1a5,0.9,false,false,near_mint,en,USD,2026-08-02T04:13:06.494Z
collection,binder,Dwarven Miner,MIR,Mirage,169,normal,uncommon,1,38421,b7142196-c379-4932-9402-97642ad2ebdb,1.21,false,false,near_mint,en,USD,2026-08-02T04:13:06.495Z
collection,binder,Falkenrath Gorger,INR,Innistrad Remastered,152,normal,rare,1,101849,16c376f5-f69b-49d4-95f4-92bdd68c564c,0.31,false,false,near_mint,en,USD,2026-08-02T04:13:06.498Z
collection,binder,Lightning Mauler,INR,Innistrad Remastered,163,foil,uncommon,1,102829,ea45c4fe-6e39-4c5f-b7f0-233dee1eff90,0.2,false,false,near_mint,en,USD,2026-08-02T04:13:06.499Z
collection,binder,Crackling Cyclops,FDN,Foundations,83,normal,common,2,101541,6e5b899a-52f7-471b-ad50-4fa6566758fd,0.15,false,false,near_mint,en,USD,2026-08-02T04:13:06.409Z
collection,binder,Heartfire Immolator,FDN,Foundations,201,normal,uncommon,3,100390,3ca38f4d-01f5-4a02-9000-01261a440dbf,0.17,false,false,near_mint,en,USD,2026-08-02T04:13:06.412Z
collection,binder,Strongbox Raider,FDN,Foundations,96,normal,uncommon,2,101006,b2223eb8-59f9-489b-a3f3-b6496218cb79,0.14,false,false,near_mint,en,USD,2026-08-02T04:13:06.413Z
collection,binder,Ghitu Lavarunner,FDN,Foundations,623,normal,common,2,100794,8940d76d-c09f-4d72-a037-439c70ee8d9d,0.11,false,false,near_mint,en,USD,2026-08-02T04:13:06.428Z
collection,binder,Pyric Salamander,MIR,Mirage,187,normal,common,2,38403,7f2dc1a7-4b70-4643-90a8-fdc7877c01ca,0.12,false,false,near_mint,en,USD,2026-08-02T04:13:06.472Z
collection,binder,Goblin Hero,DRK,The Dark,66,normal,common,4,40437,7135a569-e5d3-4a1f-924b-bdb86926b4e1,0.28,false,false,near_mint,en,USD,2026-08-02T04:13:06.479Z
collection,binder,Balduvian Hydra,ICE,Ice Age,173,normal,rare,2,39636,c3a3b37f-daa6-4502-bb12-c72afe3df035,1.12,false,false,near_mint,en,USD,2026-08-02T04:13:06.480Z
collection,binder,Goblin Digging Team,DRK,The Dark,65,normal,common,3,40438,8a538b9d-351e-40bb-be11-9ba08c16352b,0.26,false,false,near_mint,en,USD,2026-08-02T04:13:06.488Z
collection,binder,Most Valuable Slayer,DSK,Duskmourn: House of Horror,144,foil,common,1,98910,c2b7b635-4c72-4129-bf95-1eef05cce3d3,0.11,false,false,near_mint,en,USD,2026-08-02T04:23:26.441Z
collection,binder,Lambholt Raconteur // Lambholt Ravager,VOW,Innistrad: Crimson Vow,167,normal,uncommon,1,64086,0cbee24c-9147-46cb-a5f9-8d919c021aa4,0.31,false,false,near_mint,en,USD,2026-08-02T04:23:26.444Z
collection,binder,Runebound Wolf,VOW,Innistrad: Crimson Vow,176,normal,uncommon,1,64261,6f9615f0-376f-4ac0-b269-5f497f2b5223,0.24,false,false,near_mint,en,USD,2026-08-02T04:23:26.446Z
collection,binder,Ballista Watcher // Ballista Wielder,VOW,Innistrad: Crimson Vow,143,normal,uncommon,1,64247,63d96c52-66ce-4b46-9a0b-7cd9a43f9253,0.27,false,false,near_mint,en,USD,2026-08-02T04:23:26.449Z
collection,binder,Most Valuable Slayer,DSK,Duskmourn: House of Horror,144,normal,common,1,98910,c2b7b635-4c72-4129-bf95-1eef05cce3d3,0.1,false,false,near_mint,en,USD,2026-08-02T04:23:26.466Z
collection,binder,Infernal Phantom,DSK,Duskmourn: House of Horror,141,normal,uncommon,1,98678,f0c5999f-a185-4fc7-86fa-c4e5b091e768,0.13,false,false,near_mint,en,USD,2026-08-02T04:23:26.467Z
collection,binder,Bedhead Beastie,DSK,Duskmourn: House of Horror,125,normal,common,1,99216,77c72b5b-dd81-4eb4-80d9-a0124e27e1dc,0.09,false,false,near_mint,en,USD,2026-08-02T04:23:26.468Z
collection,binder,Fear of Burning Alive,DSK,Duskmourn: House of Horror,135,normal,uncommon,1,98900,b282f8e3-8b79-47e9-8c18-62284211442b,0.23,false,false,near_mint,en,USD,2026-08-02T04:23:26.469Z
collection,binder,Clockwork Percussionist,DSK,Duskmourn: House of Horror,130,normal,common,2,98695,10986e5a-9fc6-41e2-8352-289328245171,0.26,false,false,near_mint,en,USD,2026-08-02T04:23:26.470Z
collection,binder,Mirage Phalanx,VOC,Crimson Vow Commander,35,normal,rare,1,64450,e67c7b3b-38c0-43ec-9cee-5605fc402af6,1.4,false,false,near_mint,en,USD,2026-08-02T04:23:26.476Z
collection,binder,Manaform Hellkite,VOW,Innistrad: Crimson Vow,170,normal,mythic,1,64210,52e59170-aa80-45e1-ad0d-ce4818e78d2a,0.43,false,false,near_mint,en,USD,2026-08-02T04:23:26.493Z
collection,binder,Slumbering Cerberus,FDN,Foundations,94,normal,uncommon,1,100892,9d06faa8-201d-45db-b398-ad56f7b01848,0.16,false,false,near_mint,en,USD,2026-08-02T04:23:26.511Z
collection,binder,Voldaren Epicure,VOW,Innistrad: Crimson Vow,308,foil,common,1,64489,feda6bb3-ee22-489c-bcfd-52ef04841024,0.36,false,false,near_mint,en,USD,2026-08-02T04:23:26.512Z
collection,binder,Belligerent Guest,VOW,Innistrad: Crimson Vow,144,foil,common,1,64113,1bb844c4-f41c-4411-a80a-c19e1d97b272,0.23,false,false,near_mint,en,USD,2026-08-02T04:23:26.513Z
collection,binder,Rampaging Soulrager,DSK,Duskmourn: House of Horror,151,normal,common,2,98973,569c914b-95af-428f-a142-6f20e418bc59,0.02,false,false,near_mint,en,USD,2026-08-02T04:23:26.440Z
collection,binder,Pyre Spawn,VOW,Innistrad: Crimson Vow,173,normal,common,5,64286,80255777-de00-4ffa-a8a0-f522bf4198fb,0.13,false,false,near_mint,en,USD,2026-08-02T04:23:26.443Z
collection,binder,Kessig Flamebreather,VOW,Innistrad: Crimson Vow,164,normal,common,4,64150,303ad78a-b02a-44dc-afe6-7f95781a5062,3.76,false,false,near_mint,en,USD,2026-08-02T04:23:26.448Z
collection,binder,Daybreak Combatants,VOW,Innistrad: Crimson Vow,153,normal,common,4,64296,8697a861-0f67-4ed3-bed8-f264fc78565e,0.09,false,false,near_mint,en,USD,2026-08-02T04:23:26.451Z
collection,binder,Weary Prisoner // Wrathful Jailbreaker,VOW,Innistrad: Crimson Vow,184,normal,common,5,64448,e641467b-ac2e-4d29-aed7-5cc227c3b1ce,0.24,false,false,near_mint,en,USD,2026-08-02T04:23:26.452Z
collection,binder,Lightning Wolf,VOW,Innistrad: Crimson Vow,168,normal,common,3,64265,7211e4c3-e940-41da-88e4-4630eab447a6,0.14,false,false,near_mint,en,USD,2026-08-02T04:23:26.453Z
collection,binder,Hungry Ridgewolf,VOW,Innistrad: Crimson Vow,161,normal,common,4,64287,804e0e1d-9c9c-46e6-8533-88e18a91ceff,0.28,false,false,near_mint,en,USD,2026-08-02T04:23:26.456Z
collection,binder,Creepy Puppeteer,VOW,Innistrad: Crimson Vow,151,normal,rare,2,64084,0bd17b9f-fd93-47d4-9cc4-cd333d0004f5,0.19,false,false,near_mint,en,USD,2026-08-02T04:23:26.459Z
collection,binder,Frenzied Devils,VOW,Innistrad: Crimson Vow,159,normal,uncommon,2,64379,b7912206-6de3-4085-b5f6-a2e90ea55b90,0.06,false,false,near_mint,en,USD,2026-08-02T04:23:26.463Z
collection,binder,Belligerent Guest,VOW,Innistrad: Crimson Vow,144,normal,common,4,64113,1bb844c4-f41c-4411-a80a-c19e1d97b272,0.17,false,false,near_mint,en,USD,2026-08-02T04:23:26.472Z
collection,binder,Blood Hypnotist,VOW,Innistrad: Crimson Vow,302,normal,uncommon,3,64451,e7a5fafe-951f-44c5-8de9-7d2261525c05,0.24,false,false,near_mint,en,USD,2026-08-02T04:23:26.475Z
collection,binder,Alluring Suitor // Deadly Dancer,VOW,Innistrad: Crimson Vow,141,normal,uncommon,3,64159,397ffd01-c090-4233-9f5a-5f765886d498,0.19,false,false,near_mint,en,USD,2026-08-02T04:23:26.479Z
collection,binder,Blood Petal Celebrant,VOW,Innistrad: Crimson Vow,303,normal,common,2,64179,4592609d-48f5-4762-b95c-b2eaa2ea4d51,0.17,false,false,near_mint,en,USD,2026-08-02T04:23:26.489Z
collection,binder,Humble Defector,OTC,Outlaws of Thunder Junction Commander,170,normal,uncommon,1,93870,d17c10a1-12fe-4a58-81ed-03a8bdd06686,0.41,false,false,near_mint,en,USD,2026-08-02T04:32:28.248Z
collection,binder,Young Red Dragon // Bathe in Gold,CLB,Commander Legends: Battle for Baldur's Gate,210,normal,common,1,69305,d0b9865a-be87-48fd-a325-be6aca8a31e9,0.21,false,false,near_mint,en,USD,2026-08-02T04:32:28.251Z
collection,binder,Rodeo Pyromancers,OTJ,Outlaws of Thunder Junction,143,foil,common,1,93381,df877a29-06e1-474d-8600-410bbec674ae,0.28,false,false,near_mint,en,USD,2026-08-02T04:32:28.256Z
collection,binder,Swashbuckler Extraordinaire,CLB,Commander Legends: Battle for Baldur's Gate,198,normal,uncommon,1,69226,b06604f3-c70c-44d6-b1b9-e915552084e0,0.3,false,false,near_mint,en,USD,2026-08-02T04:32:28.257Z
collection,binder,Warehouse Thief,CLB,Commander Legends: Battle for Baldur's Gate,205,normal,common,1,69058,5e7a5951-4f71-47a0-ad80-f236f61d3f22,0.06,false,false,near_mint,en,USD,2026-08-02T04:32:28.258Z
collection,binder,Professional Face-Breaker,SNC,Streets of New Capenna,116,normal,rare,1,67719,42acbf52-b137-44f0-a815-2817fe8d2da2,6.29,false,false,near_mint,en,USD,2026-08-02T04:32:28.263Z
collection,binder,Amped Raptor,MH3,Modern Horizons 3,114,normal,uncommon,1,94362,1ac0e78b-0fdd-44f9-8b7b-c4f28a32782e,0.22,false,false,near_mint,en,USD,2026-08-02T04:32:28.267Z
collection,binder,Thriving Skyclaw,MH3,Modern Horizons 3,141,normal,common,1,94851,465857f2-df08-4f7b-b4fe-b16831ac0eb1,0.15,false,false,near_mint,en,USD,2026-08-02T04:32:28.268Z
collection,binder,Assaultron Dominator,PIP,Fallout,54,normal,rare,1,92099,4112fadb-da03-441a-beeb-1dc90425e3f3,0.36,false,false,near_mint,en,USD,2026-08-02T04:32:28.269Z
collection,binder,Synth Eradicator,PIP,Fallout,67,normal,rare,1,92408,87fc7b54-26e5-4b0d-b2bb-be8f977f752b,0.33,false,false,near_mint,en,USD,2026-08-02T04:32:28.270Z
collection,binder,Reckless Pyrosurfer,MH3,Modern Horizons 3,133,normal,uncommon,1,94395,2d1bb8ac-7125-4537-b2da-e23a8c28df79,0.21,false,false,near_mint,en,USD,2026-08-02T04:32:28.271Z
collection,binder,Molten Gatekeeper,MH3,Modern Horizons 3,128,normal,common,1,94877,9f5ba065-2806-4e99-a330-168cfe76250f,0.32,false,false,near_mint,en,USD,2026-08-02T04:32:28.272Z
collection,binder,Lightning Wolf,VOW,Innistrad: Crimson Vow,168,foil,common,1,64265,7211e4c3-e940-41da-88e4-4630eab447a6,0.32,false,false,near_mint,en,USD,2026-08-02T04:32:28.273Z
collection,binder,Rummaging Goblin,CMR,Commander Legends,198,normal,common,1,56024,254391a3-c12a-4944-9da5-ae166094480f,0.19,false,false,near_mint,en,USD,2026-08-02T04:32:28.274Z
collection,binder,Powder Ganger,PIP,Fallout,65,normal,rare,1,92350,7bb57c73-a454-450d-9db9-67501bf4559d,0.29,false,false,near_mint,en,USD,2026-08-02T04:32:28.275Z
collection,binder,Scrapyard Mongrel,M15,Magic 2015,160,normal,common,1,13692,eb00bd3a-833e-4226-a73e-17c9043c0994,0.06,false,false,near_mint,en,USD,2026-08-02T04:32:28.276Z
collection,binder,Iridescent Tiger,TDM,Tarkir: Dragonstorm,109,normal,uncommon,1,105170,e3abbc8b-2bf8-478e-a541-f8019d150054,0.15,false,false,near_mint,en,USD,2026-08-02T04:32:28.277Z
collection,binder,Infernal Captor,MH3,Modern Horizons 3,125,foil,common,1,94862,6b30243d-511b-47b8-bbed-0395d3de903d,0.19,false,false,near_mint,en,USD,2026-08-02T04:32:28.279Z
collection,binder,Unruly Catapult,WOE,Wilds of Eldraine,156,foil,common,1,85358,3dc275f8-f060-4c15-9b8f-63cf3857eaa7,0.37,false,false,near_mint,en,USD,2026-08-02T04:32:28.280Z
collection,binder,Devoted Duelist,TDM,Tarkir: Dragonstorm,104,normal,common,1,104354,bbf9c673-37b4-48ed-a9ea-13f8e3e6c47b,0.16,false,false,near_mint,en,USD,2026-08-02T04:32:28.284Z
collection,binder,Jeskai Devotee,TDM,Tarkir: Dragonstorm,110,normal,common,1,104257,27f31f9c-7149-4608-9b18-b3530a2efd4a,0.06,false,false,near_mint,en,USD,2026-08-02T04:32:28.285Z
collection,binder,Devoted Duelist,TDM,Tarkir: Dragonstorm,104,foil,common,1,104354,bbf9c673-37b4-48ed-a9ea-13f8e3e6c47b,0.22,false,false,near_mint,en,USD,2026-08-02T04:32:28.286Z
collection,binder,Stormshriek Feral // Flush Out,TDM,Tarkir: Dragonstorm,124,normal,common,1,104447,0ec92c44-7cf0-48a5-a3ca-bc633496d887,0.2,false,false,near_mint,en,USD,2026-08-02T04:32:28.287Z
collection,binder,Stormshriek Feral // Flush Out,TDM,Tarkir: Dragonstorm,124,foil,common,1,104447,0ec92c44-7cf0-48a5-a3ca-bc633496d887,0.26,false,false,near_mint,en,USD,2026-08-02T04:32:28.288Z
collection,binder,Lava Hounds,PLST,The List,WTH-109,normal,uncommon,1,98556,f94cabe1-1877-4d59-adc5-012a6f2ce3cb,0.05,false,false,near_mint,en,USD,2026-08-02T04:32:28.290Z
collection,binder,Fireslinger,PLST,The List,TMP-173,normal,common,1,97714,57a559f1-8f9e-447b-9c7f-cbd21326affe,0.14,false,false,near_mint,en,USD,2026-08-02T04:32:28.291Z
collection,binder,Smelted Chargebug,MH3,Modern Horizons 3,139,normal,common,1,94865,7dad40bf-2cd0-47f5-a878-9a289d1d58d0,0.13,false,false,near_mint,en,USD,2026-08-02T04:32:28.292Z
collection,binder,Gathan Raiders,PLST,The List,FUT-99,normal,common,1,97257,01cd8300-66b9-4792-8103-7d6d3ece00ea,0.03,false,false,near_mint,en,USD,2026-08-02T04:32:28.293Z
collection,binder,Cragsmasher Yeti,PLST,The List,MOM-333,normal,common,1,97669,5037b069-1d1c-4165-b392-0dca21714912,0.09,false,false,near_mint,en,USD,2026-08-02T04:32:28.294Z
collection,binder,Spiteful Prankster,PLST,The List,JMP-26,normal,uncommon,1,98461,e5c22150-c980-497d-b1a2-faadcae6bf8f,0.18,false,false,near_mint,en,USD,2026-08-02T04:32:28.295Z
collection,binder,Keldon Strike Team,PLST,The List,DMU-136,normal,common,1,98573,fc9a1d19-dd3b-4a35-9430-88e2c855489e,0.04,false,false,near_mint,en,USD,2026-08-02T04:32:28.297Z
collection,binder,Rimrock Knight // Boulder Rush,PLST,The List,ELD-137,normal,common,1,98410,dbcdb47f-f23b-4945-bc65-10e28502cc1c,0.09,false,false,near_mint,en,USD,2026-08-02T04:32:28.298Z
collection,binder,Axgard Cavalry,FDN,Foundations,189,normal,common,1,101631,fe3cc41a-adae-4c9b-b4d3-03f3ca862fed,0.16,false,false,near_mint,en,USD,2026-08-02T04:32:28.299Z
collection,binder,Embereth Shieldbreaker // Battle Display,PLST,The List,ELD-122,normal,uncommon,1,98064,9823f7c1-577b-4865-b1c1-55dc31bd1e29,0.12,false,false,near_mint,en,USD,2026-08-02T04:32:28.302Z
collection,binder,Goblin Goliath,PLST,The List,GNT-4,normal,mythic,1,97330,0ec86780-0a66-498c-b86b-1d1836532dd4,0.41,false,false,near_mint,en,USD,2026-08-02T04:32:28.303Z
collection,binder,Magmaw,PLST,The List,UMA-138,normal,uncommon,1,90173,bafe9e20-bae3-4f63-bd55-e82b07c73bf8,0.06,false,false,near_mint,en,USD,2026-08-02T04:32:28.305Z
collection,binder,Renegade Warlord,PLST,The List,TMP-197,normal,uncommon,1,97379,18a40111-4df9-4903-845e-82072be58228,0.1,false,false,near_mint,en,USD,2026-08-02T04:32:28.306Z
collection,binder,Rabbit Battery,PLST,The List,NEO-157,normal,uncommon,1,97803,69005ccd-13d4-41a3-a3a4-ee2193ca2eaa,0.21,false,false,near_mint,en,USD,2026-08-02T04:32:28.309Z
collection,binder,Firewing Phoenix,PLST,The List,UMA-130,normal,uncommon,1,97667,4fff9446-aa6e-4264-84bb-d895159017e8,0.08,false,false,near_mint,en,USD,2026-08-02T04:32:28.312Z
collection,binder,Goblin Instigator,PLST,The List,M19-142,normal,common,1,97853,71c818eb-3846-471f-967a-76e1cb809b9f,0.3,false,false,near_mint,en,USD,2026-08-02T04:32:28.313Z
collection,binder,Rapacious Dragon,PLST,The List,2XM-140,normal,common,1,97652,4ebfacc6-6c26-4170-84af-0d5341ceb4ec,0.19,false,false,near_mint,en,USD,2026-08-02T04:32:28.317Z
collection,binder,Crimson Fleet Commodore,CMM,Commander Masters,211,normal,common,1,85025,edf54657-5943-4a45-a296-dc91c41109d4,0.25,false,false,near_mint,en,USD,2026-08-02T04:32:28.318Z
collection,binder,Pardic Collaborator,PLST,The List,TOR-106,normal,uncommon,1,97616,46297ba4-c0d6-4a1e-8380-80786dee5400,0.17,false,false,near_mint,en,USD,2026-08-02T04:32:28.319Z
collection,binder,Mogg Maniac,PLST,The List,STH-94,normal,uncommon,1,97841,6f95224d-666f-4515-892a-2d711dfa6285,0.39,false,false,near_mint,en,USD,2026-08-02T04:32:28.320Z
collection,binder,Capricious Hellraiser,ONE,Phyrexia: All Will Be One,125,normal,mythic,1,78450,23afca1a-62a8-497f-994f-ceb479d020ba,0.31,false,false,near_mint,en,USD,2026-08-02T04:32:28.322Z
collection,binder,Razorkin Hordecaller,DSK,Duskmourn: House of Horror,152,normal,uncommon,1,98945,f7fb0f11-d1d0-4941-a1a7-a2db88f30394,0.14,false,false,near_mint,en,USD,2026-08-02T04:32:28.324Z
collection,binder,Ripchain Razorkin,DSK,Duskmourn: House of Horror,154,normal,common,1,99402,effad662-3309-434c-addc-4394db1f359c,0.09,false,false,near_mint,en,USD,2026-08-02T04:32:28.325Z
collection,binder,Sarkhan's Whelp,PLST,The List,M19-299,normal,uncommon,1,97830,6da718a4-558c-44f1-be6b-aef370c38f19,0.12,false,false,near_mint,en,USD,2026-08-02T04:32:28.327Z
collection,binder,Rodeo Pyromancers,OTJ,Outlaws of Thunder Junction,143,normal,common,2,93381,df877a29-06e1-474d-8600-410bbec674ae,0.26,false,false,near_mint,en,USD,2026-08-02T04:32:28.250Z
collection,binder,"Frodo, Adventurous Hobbit",LTC,Tales of Middle-earth Commander,2,foil,mythic,1,82979,328df403-7428-4b17-bdd1-9759fc0f32d8,0.37,false,false,near_mint,en,USD,2026-08-03T03:55:57.791Z
collection,binder,"Sam, Loyal Attendant",LTC,Tales of Middle-earth Commander,7,normal,mythic,1,83157,687a2b76-3f05-4732-bd9b-513d06d16300,0.34,false,false,near_mint,en,USD,2026-08-03T03:55:57.792Z
collection,binder,Frodo Baggins,LTR,The Lord of the Rings: Tales of Middle-earth,205,normal,uncommon,2,83576,de1c0399-9db8-4901-b72e-0010eb9b92b0,0.17,false,false,near_mint,en,USD,2026-08-03T03:55:57.793Z
collection,binder,Samwise Gamgee,LTR,The Lord of the Rings: Tales of Middle-earth,327,normal,rare,1,83512,cd3ecb73-2720-4c1c-8f67-78983f16e584,0.92,false,false,near_mint,en,USD,2026-08-03T03:55:57.794Z
collection,binder,Spire of Industry,DRC,Aetherdrift Commander,172,normal,rare,1,103017,47b550aa-5304-491e-b486-58a6258986b7,0.29,false,false,near_mint,en,USD,2026-08-03T03:55:57.795Z
collection,binder,Command Tower,DRC,Aetherdrift Commander,60,normal,common,1,102903,0bf28443-7124-44e1-b387-95c3bd1a9da2,0.28,false,false,near_mint,en,USD,2026-08-03T03:55:57.796Z
collection,binder,Frontier Bivouac,DRC,Aetherdrift Commander,157,normal,uncommon,1,103163,8e629e32-c3c3-4582-b319-e70b8fd6403d,0.33,false,false,near_mint,en,USD,2026-08-03T03:55:57.797Z
collection,binder,Path of Ancestry,OTC,Outlaws of Thunder Junction Commander,310,normal,common,1,93514,1b0431c1-4310-46f8-8d1e-b6e56de7453d,0.27,false,false,near_mint,en,USD,2026-08-03T03:55:57.798Z
collection,binder,Command Tower,FDC,Foundations Commander,3,foil,common,1,100615,667b6c3b-75cc-4adf-b205-80925ca76d2a,0.35,false,false,near_mint,en,USD,2026-08-03T03:55:57.799Z
collection,binder,Thriving Isle,J25,Foundations Jumpstart,778,normal,common,1,100454,48ffa526-85a6-4a1e-a495-b5c5322244d8,0.26,false,false,near_mint,en,USD,2026-08-03T03:55:57.802Z
collection,binder,Edgewall Inn,WOE,Wilds of Eldraine,255,foil,uncommon,1,85809,ec435e54-628a-43bd-8804-cbc37e375bce,0.26,false,false,near_mint,en,USD,2026-08-03T03:55:57.804Z
collection,binder,Thriving Isle,DSC,Duskmourn: House of Horror Commander,316,normal,common,1,99139,4a67f455-f193-4999-9286-bbccee546fa3,0.18,false,false,near_mint,en,USD,2026-08-03T03:55:57.805Z
collection,binder,Arcane Sanctum,DSC,Duskmourn: House of Horror Commander,259,normal,uncommon,1,99340,c75eeb97-3249-4762-84b0-387f27fb255f,0.4,false,false,near_mint,en,USD,2026-08-03T03:55:57.806Z
collection,binder,Evolving Wilds,DRC,Aetherdrift Commander,154,normal,common,1,103090,6a28f0c0-6673-4fe1-b2a1-1f9ed236eff7,0.19,false,false,near_mint,en,USD,2026-08-03T03:55:57.819Z
collection,binder,Evolving Wilds,VOW,Innistrad: Crimson Vow,263,foil,common,1,64453,e80fe230-745d-42ae-a1f5-a8cc950783d0,0.25,false,false,near_mint,en,USD,2026-08-03T03:55:57.824Z
collection,binder,Evolving Wilds,J25,Foundations Jumpstart,765,normal,common,1,100287,2861c9f5-0141-49ac-9b4b-623226d67b22,0.17,false,false,near_mint,en,USD,2026-08-03T03:55:57.826Z
collection,binder,Obscura Storefront,DSC,Duskmourn: House of Horror Commander,291,normal,common,1,99363,d8eaf8d2-8029-49d9-a94b-a72dc31fc81f,0.31,false,false,near_mint,en,USD,2026-08-03T03:55:57.833Z
collection,binder,Foreboding Landscape,MH3,Modern Horizons 3,221,normal,common,1,94748,57fb0fa7-0c5c-4a75-9461-c51403c30282,0.27,false,false,near_mint,en,USD,2026-08-03T03:55:57.837Z
collection,binder,Bountiful Landscape,MH3,Modern Horizons 3,217,normal,common,1,94797,b277752b-430a-4f09-8a98-b72f813dd52e,0.25,false,false,near_mint,en,USD,2026-08-03T03:55:57.838Z
collection,binder,Tranquil Landscape,MH3,Modern Horizons 3,231,normal,common,1,94709,113f48b9-a972-4e2c-af95-05ab078e01f2,0.27,false,false,near_mint,en,USD,2026-08-03T03:55:57.839Z
collection,binder,Seething Landscape,MH3,Modern Horizons 3,225,normal,common,1,94751,661fc907-7003-45c6-820c-9616e9a71c30,0.26,false,false,near_mint,en,USD,2026-08-03T03:55:57.840Z
collection,binder,Evolving Wilds,INR,Innistrad Remastered,278,normal,common,3,102813,e3056678-4ef0-4847-af08-df218ef5fb2b,0.3,false,false,near_mint,en,USD,2026-08-03T03:55:57.842Z
collection,binder,Evolving Wilds,INR,Innistrad Remastered,278,foil,common,1,102813,e3056678-4ef0-4847-af08-df218ef5fb2b,0.35,false,false,near_mint,en,USD,2026-08-03T03:55:57.844Z
collection,binder,Evolving Wilds,C15,Commander 2015,283,normal,common,1,9753,e7ee2fa1-5aed-4612-bfa9-cfbf5d282c9b,0.18,false,false,near_mint,en,USD,2026-08-03T03:55:57.845Z
collection,binder,Evolving Wilds,M15,Magic 2015,243,normal,common,3,13609,2553b8ae-e5af-40ba-8b3b-d5652919c9bb,0.16,false,false,near_mint,en,USD,2026-08-03T03:55:57.848Z
collection,binder,Ash Barrens,MB2,Mystery Booster 2,103,normal,uncommon,1,96917,92bc86e3-9dc3-4687-a55f-762eb4a5cdc8,0.26,false,false,near_mint,en,USD,2026-08-03T03:55:57.850Z
collection,binder,Uncharted Haven,BLB,Bloomburrow,261,normal,common,2,96053,68b90f54-d629-4126-82cc-13b51d6c1c3e,0.2,false,false,near_mint,en,USD,2026-08-03T03:55:57.800Z
collection,binder,Thriving Grove,J25,Foundations Jumpstart,776,normal,common,2,101024,b548551d-756b-496e-a1c0-4fa77707663d,0.25,false,false,near_mint,en,USD,2026-08-03T03:55:57.801Z
collection,binder,Sandsteppe Citadel,TDM,Tarkir: Dragonstorm,266,normal,uncommon,2,104603,47f47e7f-39ba-4807-8e32-7262a61dfbba,0.31,false,false,near_mint,en,USD,2026-08-03T03:55:57.809Z
collection,binder,Thriving Grove,CLU,Ravnica: Clue Edition,250,normal,common,2,91069,9b56c554-b731-4b16-a0a3-5eeb7f60e823,0.13,false,false,near_mint,en,USD,2026-08-03T03:55:57.810Z
collection,binder,Thriving Isle,CLU,Ravnica: Clue Edition,252,normal,common,3,90809,3deb238c-cee5-47fb-9e80-4acfcba2537a,0.1,false,false,near_mint,en,USD,2026-08-03T03:55:57.813Z
collection,binder,Evolving Wilds,WOE,Wilds of Eldraine,256,normal,common,2,85495,74f9c819-719a-461b-8e7e-a26c88e8099b,0.25,false,false,near_mint,en,USD,2026-08-03T03:55:57.822Z
collection,binder,Evolving Wilds,FDN,Foundations,262,normal,common,2,100376,3a0b9356-5b91-4542-8802-f0f7275238e1,0.36,false,false,near_mint,en,USD,2026-08-03T03:55:57.823Z
collection,binder,Evolving Wilds,BRO,The Brothers' War,261,normal,common,2,75344,238de888-b1bd-4cce-9aa2-d0dd69ae7f0d,0.2,false,false,near_mint,en,USD,2026-08-03T03:55:57.830Z
collection,binder,Twisted Landscape,MH3,Modern Horizons 3,232,normal,common,2,94815,d0e3e7b3-7ba9-47a2-b46c-a40bffb445e2,0.3,false,false,near_mint,en,USD,2026-08-03T03:55:57.831Z
collection,binder,Desolate Lighthouse,LTC,Tales of Middle-earth Commander,303,normal,rare,1,83633,f18bfb4f-6af7-48f0-98c1-c69008039773,0.35,false,false,near_mint,en,USD,2026-08-04T05:51:39.046Z
collection,binder,Treasure Vault,DRC,Aetherdrift Commander,180,normal,rare,1,103355,f183b2d3-961a-499a-aa04-595793f01edc,1.06,false,false,near_mint,en,USD,2026-08-04T05:51:39.047Z
collection,binder,Aether Hub,DRC,Aetherdrift Commander,145,normal,uncommon,1,103246,bb6a8c30-e824-4137-b83e-b9d175a0d037,0.29,false,false,near_mint,en,USD,2026-08-04T05:51:39.048Z
collection,binder,Academy Ruins,DRC,Aetherdrift Commander,58,normal,rare,1,102919,128deed2-b9bc-4065-95c9-ccd7b08f1230,5.64,false,false,near_mint,en,USD,2026-08-04T05:51:39.049Z
collection,binder,"Duskmantle, House of Shadow",RAV,Ravnica: City of Guilds,277,normal,uncommon,1,27733,2d3c85e2-58a5-4469-85ea-7e89268f310c,0.2,false,false,near_mint,en,USD,2026-08-04T05:51:39.050Z
collection,binder,Den of the Bugbear,AFR,Adventures in the Forgotten Realms,351,foil,rare,1,60242,565be37a-4c14-420b-a07c-18e21f7fd731,4.01,false,false,near_mint,en,USD,2026-08-04T05:51:39.051Z
collection,binder,Access Tunnel,OTC,Outlaws of Thunder Junction Commander,270,normal,uncommon,1,93898,de71e040-bf32-4469-bc18-567dace97dc8,2.59,false,false,near_mint,en,USD,2026-08-04T05:51:39.052Z
collection,binder,Demolition Field,FDN,Foundations,687,normal,uncommon,1,100150,0c7e51b6-4898-4632-b39c-3ce438caa882,0.28,false,false,near_mint,en,USD,2026-08-04T05:51:39.054Z
collection,binder,Cryptic Caves,FDN,Foundations,686,normal,uncommon,1,100943,a7976098-b560-458a-ad3c-18f7873add21,0.16,false,false,near_mint,en,USD,2026-08-04T05:51:39.055Z
collection,binder,Crawling Barrens,FDN,Foundations,685,normal,rare,1,100979,ac2aff0e-1319-4d3b-903c-fa1ce3db7602,0.15,false,false,near_mint,en,USD,2026-08-04T05:51:39.056Z
collection,binder,Rogue's Passage,FDN,Foundations,264,normal,uncommon,1,100922,a2a424ea-ef32-4ac5-8f8c-3ea1839f01d4,0.43,false,false,near_mint,en,USD,2026-08-04T05:51:39.057Z
collection,binder,Maze's End,FDN,Foundations,727,foil,mythic,1,101299,ea9a4d1a-79dd-4b15-8e3b-f111f16d6bfc,0.37,false,false,near_mint,en,USD,2026-08-04T05:51:39.058Z
collection,binder,Seat of the Synod,J25,Foundations Jumpstart,773,normal,common,1,101327,f0cff35c-de07-4465-b3da-efe4a78eb6d0,0.74,false,false,near_mint,en,USD,2026-08-04T05:51:39.059Z
collection,binder,Hidden Courtyard,LCI,The Lost Caverns of Ixalan,274,foil,common,1,88838,b8685d46-99fc-44b3-be95-707a4b7b8327,0.35,false,false,near_mint,en,USD,2026-08-04T05:51:39.060Z
collection,binder,Tolaria West,FUT,Future Sight,173,normal,uncommon,1,26164,a9e80f06-ea05-4151-920f-7ddc88952169,1.96,false,false,near_mint,en,USD,2026-08-04T05:51:39.061Z
collection,binder,Guildless Commons,CMR,Commander Legends,351,normal,uncommon,1,55886,c6c8d290-b5d2-412c-8db9-5a6246f430e8,1.72,false,false,near_mint,en,USD,2026-08-04T05:51:39.062Z
collection,binder,Ghost Town,PLST,The List,TMP-318,normal,uncommon,1,97564,3a2c5fd9-0ad8-49c8-a68d-f767a014a4eb,1.63,false,false,near_mint,en,USD,2026-08-04T05:51:39.065Z
collection,binder,Arena,MB2,Mystery Booster 2,239,normal,rare,1,96703,2a972559-249a-4a35-92e6-71e7e0474c9d,0.78,false,false,near_mint,en,USD,2026-08-04T05:51:39.066Z
collection,binder,Unstable Frontier,PLST,The List,CON-145,normal,uncommon,1,97638,4b182723-afb3-4e17-ae55-89be1b9208c9,0.13,false,false,near_mint,en,USD,2026-08-04T05:51:39.067Z
collection,binder,Halimar Depths,DSC,Duskmourn: House of Horror Commander,282,normal,common,1,99181,63eb18e0-c723-4de4-8498-c5362c75b2b4,0.42,false,false,near_mint,en,USD,2026-08-04T05:51:39.068Z
collection,binder,Hall of Heliod's Generosity,DSC,Duskmourn: House of Horror Commander,283,normal,rare,1,99403,f08dfd99-59fa-4a6c-bd69-c647f639de4d,12.14,false,false,near_mint,en,USD,2026-08-04T05:51:39.069Z
collection,binder,Bojuka Bog,MB2,Mystery Booster 2,105,normal,common,1,96857,7afabc06-8e28-46df-ae46-1c527845da66,1.28,false,false,near_mint,en,USD,2026-08-04T05:51:39.070Z
collection,binder,Arena,MB2,Mystery Booster 2,239,foil,rare,1,96703,2a972559-249a-4a35-92e6-71e7e0474c9d,7.06,false,false,near_mint,en,USD,2026-08-04T05:51:39.071Z
collection,binder,Kishla Village,TDM,Tarkir: Dragonstorm,259,normal,rare,1,104840,9f0ff90d-7312-44df-afc5-29c768fa7758,0.31,false,false,near_mint,en,USD,2026-08-04T05:51:39.072Z
collection,binder,Mistrise Village,TDM,Tarkir: Dragonstorm,261,normal,rare,1,104982,d44bccbf-6fab-46e4-8ddb-6577e27ec6e8,8.71,false,false,near_mint,en,USD,2026-08-04T05:51:39.073Z
collection,binder,HELIOS One,PIP,Fallout,149,normal,rare,1,92098,4102d28e-437b-440b-bf9b-8b4f6fb85a6c,0.35,false,false,near_mint,en,USD,2026-08-04T05:51:39.074Z
collection,binder,Cephalid Coliseum,MH3,Modern Horizons 3,300,normal,uncommon,1,94394,2cb9c743-8793-48e6-bb3d-0d9b76fd1a62,0.31,false,false,near_mint,en,USD,2026-08-04T05:51:39.075Z
collection,binder,Ramunap Ruins,HOU,Hour of Devastation,181,normal,uncommon,1,4494,af11d41a-0d29-45e9-9d27-a41282b9e292,0.34,false,false,near_mint,en,USD,2026-08-04T05:51:39.076Z
collection,binder,"Westvale Abbey // Ormendahl, Profane Prince",INR,Innistrad Remastered,287,normal,rare,1,102562,5fbc6091-a161-45b0-9932-543b569caaee,3.69,false,false,near_mint,en,USD,2026-08-04T05:51:39.077Z
collection,binder,Lake of the Dead,ALL,Alliances,140,normal,rare,1,38662,aee806ce-effa-4244-9659-43246e944d80,116.43,false,false,near_mint,en,USD,2026-08-04T05:51:39.078Z
collection,binder,Memorial to Glory,PIP,Fallout,271,normal,uncommon,1,92896,fb3cc476-3d5b-42d3-afe2-54c639770181,0.3,false,false,near_mint,en,USD,2026-08-04T05:51:39.079Z
collection,binder,Urza's Tower,ATQ,Antiquities,85c,normal,uncommon,1,41426,4a03554a-0ee7-4106-b3e4-4bc51f48032d,17.74,false,false,near_mint,en,USD,2026-08-04T05:51:39.080Z
collection,binder,Crystal Vein,MIR,Mirage,325,normal,uncommon,1,38265,1afb6e29-058e-44c5-a3fa-56c462f070a0,9.45,false,false,near_mint,en,USD,2026-08-04T05:51:39.081Z
collection,binder,Temple of the False God,OTC,Outlaws of Thunder Junction Commander,334,normal,uncommon,1,93938,f55a1775-9672-4f0c-9aab-30ba90f0d1e6,0.29,false,false,near_mint,en,USD,2026-08-04T05:51:39.083Z
collection,binder,Windbrisk Heights,PIP,Fallout,315,normal,rare,1,91956,22b7b9f1-8428-4c04-a918-7c0e1d3906ed,0.34,false,false,near_mint,en,USD,2026-08-04T05:51:39.084Z
collection,binder,Urza's Mine,CHR,Chronicles,114a,normal,uncommon,3,39312,2ee60a99-762b-4f82-9a26-3d3b5682f46b,0.75,false,false,near_mint,en,USD,2026-08-04T05:51:39.085Z
collection,binder,Urza's Tower,CHR,Chronicles,116a,normal,uncommon,1,39304,530d6fd5-57f2-497d-8144-b3ce64a6c5cb,0.98,false,false,near_mint,en,USD,2026-08-04T05:51:39.086Z
collection,binder,Urza's Tower,CHR,Chronicles,116b,normal,uncommon,2,39303,e2424487-fffb-4af6-8f0f-b99ebf6360d6,1.13,false,false,near_mint,en,USD,2026-08-04T05:51:39.087Z
collection,binder,Urza's Power Plant,CHR,Chronicles,115a,normal,uncommon,2,39308,df2a9344-38b5-4def-bb6e-87d837e6da54,0.66,false,false,near_mint,en,USD,2026-08-04T05:51:39.088Z
collection,binder,Urza's Power Plant,CHR,Chronicles,115d,normal,uncommon,1,39305,222dc48a-335d-48e2-ba3d-048ae4c5c925,0.91,false,false,near_mint,en,USD,2026-08-04T05:51:39.089Z
collection,binder,Gemstone Mine,WTH,Weatherlight,164,normal,uncommon,2,37133,09507f7f-c58f-4f57-b878-b39811a5b619,12.42,false,false,near_mint,en,USD,2026-08-04T05:51:39.090Z
collection,binder,Urza's Mine,CHR,Chronicles,114b,normal,uncommon,1,39311,897a79db-ec7a-450c-98ec-53337c564baa,0.66,false,false,near_mint,en,USD,2026-08-04T05:51:39.091Z
collection,binder,Urza's Power Plant,CHR,Chronicles,115c,normal,uncommon,1,39306,e01bf216-3e4c-4373-8021-26a7110b5421,1.06,false,false,near_mint,en,USD,2026-08-04T05:51:39.092Z
collection,binder,Maze of Ith,DRK,The Dark,117,normal,uncommon,3,40386,42dcceee-2a47-4eaa-a6a3-2931b3d50244,30.38,false,false,near_mint,en,USD,2026-08-04T05:51:39.094Z
collection,binder,Scavenger Grounds,PIP,Fallout,287,normal,rare,1,92634,bc8fa97c-f796-4fb7-bd4d-f55b5f66c36e,0.38,false,false,near_mint,en,USD,2026-08-04T05:51:39.096Z
collection,binder,Basilisk Gate,CLB,Commander Legends: Battle for Baldur's Gate,346,normal,common,1,69001,4a306025-d429-4006-b7ed-bdb287e83f57,0.36,false,false,near_mint,en,USD,2026-08-04T05:51:39.098Z
collection,binder,Junktown,PIP,Fallout,150,normal,rare,1,92222,5e24c687-f070-469d-a09d-acf4ac6ed374,0.29,false,false,near_mint,en,USD,2026-08-04T05:51:39.100Z
collection,binder,Diamond City,PIP,Fallout,147,normal,rare,1,92085,3e9bd49a-e9f1-4543-b04a-777a9e5a55ec,3.67,false,false,near_mint,en,USD,2026-08-04T05:51:39.101Z
collection,binder,Havengul Laboratory // Havengul Mystery,SLX,Universes Within,9,normal,rare,1,67441,823b019e-10c0-4712-8167-d4f37a71e782,0.76,false,false,near_mint,en,USD,2026-08-04T05:51:39.102Z
collection,binder,Nesting Grounds,PIP,Fallout,276,normal,rare,1,91860,0a1cf348-7434-4b43-907a-87a86eac735f,0.32,false,false,near_mint,en,USD,2026-08-04T05:51:39.103Z
collection,binder,Mariposa Military Base,PIP,Fallout,151,normal,rare,1,92712,cd7be9d4-f9fa-44a3-9902-7e9e226ccf56,0.35,false,false,near_mint,en,USD,2026-08-04T05:51:39.104Z
collection,binder,Mishra's Factory,4ED,Fourth Edition,361,normal,uncommon,1,39826,aff8d4f1-eaad-4afb-9097-2afab133f707,9.41,false,false,near_mint,en,USD,2026-08-04T05:51:39.105Z
collection,binder,Roadside Reliquary,PIP,Fallout,282,normal,uncommon,1,92788,deca57c8-ac90-4fce-83b5-74adf45622e5,0.33,false,false,near_mint,en,USD,2026-08-04T05:51:39.106Z
collection,binder,Mech Hangar,NEO,Kamigawa: Neon Dynasty,270,normal,uncommon,3,66797,c093984d-38cd-4b49-b179-1e289ab442d1,0.41,false,false,near_mint,en,USD,2026-08-04T05:51:39.108Z
collection,binder,City of Brass,CHR,Chronicles,112,normal,rare,1,39314,61e9c770-f05b-40df-a01f-82b734db1733,34.79,false,false,near_mint,en,USD,2026-08-04T05:51:39.109Z
collection,binder,Echoing Deeps,LCI,The Lost Caverns of Ixalan,271,normal,rare,1,88346,244c06b3-532d-426e-8bee-ee9461d092a6,0.76,false,false,near_mint,en,USD,2026-08-04T05:51:39.110Z
collection,binder,The Mycosynth Gardens,ONE,Phyrexia: All Will Be One,256,normal,rare,1,78566,5a931463-25f6-4e31-95b4-bb4a9388009b,1.18,false,false,near_mint,en,USD,2026-08-04T05:51:39.111Z
collection,binder,Hidden Necropolis,LCI,The Lost Caverns of Ixalan,275,foil,common,1,89040,f67fd04f-05da-4418-97de-abeb7346cc69,0.28,false,false,near_mint,en,USD,2026-08-04T05:51:39.112Z
collection,binder,Bottomless Vault,FEM,Fallen Empires,92,normal,rare,3,40207,639ae988-d1d1-4ead-b0f8-47fc39eb64a0,1.38,false,false,near_mint,en,USD,2026-08-04T05:51:39.082Z
collection,binder,Safe Haven,CHR,Chronicles,113,normal,rare,2,39313,031ad642-9c2c-4462-802c-bb35c124e0bb,0.58,false,false,near_mint,en,USD,2026-08-04T05:51:39.095Z
collection,binder,Arid Archway,OTJ,Outlaws of Thunder Junction,252,normal,uncommon,2,93133,3f8c8fa2-12ab-4f6a-9f7a-2bc69e9ba024,0.76,false,false,near_mint,en,USD,2026-08-04T05:51:39.099Z
collection,binder,Skycloud Expanse,PIP,Fallout,291,normal,rare,1,92175,53b8f769-57c8-45e7-b451-7b4fe7e80bf8,0.24,false,false,near_mint,en,USD,2026-08-04T06:12:56.125Z
collection,binder,Temple of Enlightenment,PIP,Fallout,304,normal,rare,1,92251,658fec13-a62d-4701-ad8b-9cb08d960253,0.26,false,false,near_mint,en,USD,2026-08-04T06:12:56.126Z
collection,binder,Skybridge Towers,SNC,Streets of New Capenna,354,normal,common,1,67966,b906bdba-534c-4f47-b00b-bb93f92774cd,0.12,false,false,near_mint,en,USD,2026-08-04T06:12:56.127Z
collection,binder,Skybridge Towers,SNC,Streets of New Capenna,256,normal,common,1,68050,e28c871f-a96a-4e7d-a159-2e93aeb276d4,0.25,false,false,near_mint,en,USD,2026-08-04T06:12:56.128Z
collection,binder,Skybridge Towers,SNC,Streets of New Capenna,354,foil,common,1,67966,b906bdba-534c-4f47-b00b-bb93f92774cd,0.24,false,false,near_mint,en,USD,2026-08-04T06:12:56.129Z
collection,binder,Lonely Arroyo,OTJ,Outlaws of Thunder Junction,260,normal,common,2,93150,4b778b63-e5fc-4d63-a93b-4372f32cade2,0.2,false,false,near_mint,en,USD,2026-08-04T06:12:56.130Z
collection,binder,Golgari Rot Farm,CLU,Ravnica: Clue Edition,236,normal,common,1,91049,902d9c56-5c72-4df8-83e4-ee252fc97443,0.26,false,false,near_mint,en,USD,2026-08-04T06:12:56.131Z
collection,binder,Simic Growth Chamber,CLU,Ravnica: Clue Edition,247,normal,common,1,91054,92f8b669-cfb1-4a07-80c6-a2e372c04c6e,0.24,false,false,near_mint,en,USD,2026-08-04T06:12:56.132Z
collection,binder,Prairie Stream,PIP,Fallout,280,normal,rare,1,92746,d69dd983-757e-4de8-9824-a5123b906c62,0.34,false,false,near_mint,en,USD,2026-08-04T06:12:56.136Z
collection,binder,Blossoming Sands,NEO,Kamigawa: Neon Dynasty,265,normal,common,1,66914,d290ec6b-15a6-49e8-abd2-b8c4d0f556eb,0.18,false,false,near_mint,en,USD,2026-08-04T06:12:56.137Z
collection,binder,Canopy Vista,PIP,Fallout,255,normal,rare,1,92021,3076b36b-292a-4b14-8284-28e623c20e30,0.36,false,false,near_mint,en,USD,2026-08-04T06:12:56.139Z
collection,binder,Simic Guildgate,CLU,Ravnica: Clue Edition,248,normal,common,1,90952,6f26aa65-c579-4581-9e36-dd5e0b7bf2f4,0.12,false,false,near_mint,en,USD,2026-08-04T06:12:56.144Z
collection,binder,Golgari Guildgate,CLU,Ravnica: Clue Edition,235,normal,common,1,91333,fcb21026-d157-488a-a91c-e1efae01279d,0.13,false,false,near_mint,en,USD,2026-08-04T06:12:56.145Z
collection,binder,Viridescent Bog,PIP,Fallout,154,normal,rare,1,92833,ea4ce16b-39bb-4580-9c38-a7c6b9a33609,0.34,false,false,near_mint,en,USD,2026-08-04T06:12:56.147Z
collection,binder,Tainted Wood,PIP,Fallout,301,normal,uncommon,1,92424,8aed044e-d9c8-429f-b618-62446fa688cc,0.56,false,false,near_mint,en,USD,2026-08-04T06:12:56.148Z
collection,binder,Woodland Cemetery,PIP,Fallout,316,normal,rare,1,92763,d98edea5-a974-4475-b518-e79a91fe4371,0.97,false,false,near_mint,en,USD,2026-08-04T06:12:56.149Z
collection,binder,Temple of Malady,PIP,Fallout,306,normal,rare,1,91964,23a280c4-9cc6-4b48-9124-0ddb7fd05626,0.33,false,false,near_mint,en,USD,2026-08-04T06:12:56.150Z
collection,binder,Festering Gulch,OTJ,Outlaws of Thunder Junction,257,normal,common,1,93148,4ad841eb-da0d-43d4-8b60-efe30922990b,0.29,false,false,near_mint,en,USD,2026-08-04T06:12:56.151Z
collection,binder,Botanical Plaza,SNC,Streets of New Capenna,247,normal,common,1,67919,9f8a6f93-1fc8-4690-add4-538763277f8e,0.24,false,false,near_mint,en,USD,2026-08-04T06:12:56.153Z
collection,binder,Temple of Plenty,PIP,Fallout,309,normal,rare,1,92270,694d6658-4126-4aea-a2ab-0cffa168e101,0.3,false,false,near_mint,en,USD,2026-08-04T06:12:56.156Z
collection,binder,Sunpetal Grove,PIP,Fallout,297,normal,rare,1,91824,011bd068-32f4-4055-930d-afd2015fb41a,0.53,false,false,near_mint,en,USD,2026-08-04T06:12:56.157Z
collection,binder,Sungrass Prairie,PIP,Fallout,295,normal,rare,1,92677,c61db976-f33e-4904-829c-b9ec11a7eeb0,0.31,false,false,near_mint,en,USD,2026-08-04T06:12:56.158Z
collection,binder,Lush Oasis,OTJ,Outlaws of Thunder Junction,261,foil,common,1,93276,988e44c5-4632-4ebb-b6ae-c3886e49d637,0.34,false,false,near_mint,en,USD,2026-08-04T06:12:56.160Z
collection,binder,Selesnya Sanctuary,CLU,Ravnica: Clue Edition,246,normal,common,2,91337,fdc53c6a-8e28-4314-9bcf-b31b6c6f56d7,0.31,false,false,near_mint,en,USD,2026-08-04T06:12:56.163Z
collection,binder,Razortide Bridge,PIP,Fallout,281,normal,common,1,92272,697d872f-111f-4810-baf2-d4c6f2f48dd5,0.34,false,false,near_mint,en,USD,2026-08-04T06:12:56.166Z
collection,binder,Glacial Fortress,PIP,Fallout,266,normal,rare,1,92524,9f303a30-e3d9-4b31-aa67-608a627fc6ff,0.37,false,false,near_mint,en,USD,2026-08-04T06:12:56.167Z
collection,binder,Submerged Boneyard,ACR,Assassin's Creed,301,normal,uncommon,3,95411,78f04f32-f672-443a-86c0-63f5f4747c67,0.18,false,false,near_mint,en,USD,2026-08-04T06:12:56.168Z
collection,binder,Thornwood Falls,FDN,Foundations,269,normal,common,2,100424,42799f51-0f8c-444b-974e-dae281a5c697,0.19,false,false,near_mint,en,USD,2026-08-04T06:12:56.169Z
collection,binder,Jungle Hollow,FDN,Foundations,263,normal,common,2,101224,dc758e14-d370-45e4-bbc5-938fb4d21127,0.28,false,false,near_mint,en,USD,2026-08-04T06:12:56.170Z
collection,binder,Tranquil Cove,FDN,Foundations,270,normal,common,2,100719,7c9cabca-5bcc-4b97-b2ac-a345ad3ee43c,0.21,false,false,near_mint,en,USD,2026-08-04T06:12:56.171Z
collection,binder,Blossoming Sands,FDN,Foundations,260,normal,common,2,100364,37676ed8-588c-4bca-8065-874b74d84807,0.27,false,false,near_mint,en,USD,2026-08-04T06:12:56.172Z
collection,binder,Dismal Backwater,FDN,Foundations,261,normal,common,2,101220,dbb0df36-8467-4a41-8e1c-6c3584d4fd10,0.31,false,false,near_mint,en,USD,2026-08-04T06:12:56.173Z
collection,binder,Etched Cornfield,DSK,Duskmourn: House of Horror,258,normal,common,1,98681,f8900b89-0e10-4602-bba2-da8d60ea5885,0.17,false,false,near_mint,en,USD,2026-08-04T06:12:56.174Z
collection,binder,Dreamroot Cascade,VOW,Innistrad: Crimson Vow,282,normal,rare,1,64138,2997c3b1-0255-41be-9189-03da53838f63,3.86,false,false,near_mint,en,USD,2026-08-04T06:12:56.175Z
collection,binder,Peculiar Lighthouse,DSK,Duskmourn: House of Horror,265,normal,common,1,98620,3a6e40c0-e70e-4353-a920-9851cfac71dd,0.22,false,false,near_mint,en,USD,2026-08-04T06:12:56.176Z
collection,binder,Raucous Carnival,DSK,Duskmourn: House of Horror,266,normal,common,1,98618,3604a211-9bf7-474e-bd78-32a862f4259c,0.25,false,false,near_mint,en,USD,2026-08-04T06:12:56.177Z
collection,binder,Lakeside Shack,DSK,Duskmourn: House of Horror,262,normal,common,1,98660,a9367acd-393a-4966-ba60-af2ecd4e7596,0.18,false,false,near_mint,en,USD,2026-08-04T06:12:56.178Z
collection,binder,Radiant Grove,DMU,Dominaria United,253,normal,common,1,71810,e0f9dca6-e5ae-4714-8a59-2ef1d8f1e82d,0.3,false,false,near_mint,en,USD,2026-08-04T06:12:56.179Z
collection,binder,Lakeside Shack,DSK,Duskmourn: House of Horror,262,foil,common,1,98660,a9367acd-393a-4966-ba60-af2ecd4e7596,0.22,false,false,near_mint,en,USD,2026-08-04T06:12:56.180Z
collection,binder,Idyllic Beachfront,DMU,Dominaria United,249,normal,common,1,71751,c50ec22c-decb-419f-ae52-78ea1706eb11,0.26,false,false,near_mint,en,USD,2026-08-04T06:12:56.181Z
collection,binder,Rejuvenating Springs,CMM,Commander Masters,662,foil,rare,1,84001,054a392e-ea3b-4de2-beeb-72772a546070,15.12,false,false,near_mint,en,USD,2026-08-04T06:12:56.182Z
collection,binder,Training Center,CMM,Commander Masters,434,foil,rare,1,84512,78a39d22-5e3b-4ba0-b728-dbf16b61fc8f,17.48,false,false,near_mint,en,USD,2026-08-04T06:12:56.183Z
collection,binder,Tainted Wood,PLST,The List,TOR-143,normal,uncommon,1,97807,6996d63b-acf1-40d0-8c03-e54eb2e28874,0.27,false,false,near_mint,en,USD,2026-08-04T06:12:56.184Z
collection,binder,Izzet Boilerworks,PLST,The List,IMA-241,foil,uncommon,1,67351,56451d43-93b0-4237-a889-6a662cfc3e67,0.39,false,false,near_mint,en,USD,2026-08-04T06:12:56.185Z
collection,binder,Rimewood Falls,PLST,The List,KHM-266,normal,common,1,82732,55db3506-8aca-4feb-960d-011d735963d1,0.6,false,false,near_mint,en,USD,2026-08-04T06:12:56.186Z
collection,binder,Tainted Isle,DSC,Duskmourn: House of Horror Commander,303,normal,uncommon,1,99202,70e8e7e2-e9ea-4358-805e-c5110c8d8443,2.45,false,false,near_mint,en,USD,2026-08-04T06:12:56.187Z
collection,binder,Azorius Chancery,DSC,Duskmourn: House of Horror Commander,261,normal,uncommon,1,99152,50ef0ac3-e911-4d67-a751-8d86160ae843,0.34,false,false,near_mint,en,USD,2026-08-04T06:12:56.188Z
collection,binder,Dimir Aqueduct,DSC,Duskmourn: House of Horror Commander,270,normal,uncommon,1,99238,84bf9d60-64b8-4209-acfe-e07eefc6bf1f,0.39,false,false,near_mint,en,USD,2026-08-04T06:12:56.189Z
collection,binder,Underground River,DSC,Duskmourn: House of Horror Commander,321,normal,rare,1,99172,5e50c8d5-6b22-4fc6-87ea-3d7d77ced17f,1.99,false,false,near_mint,en,USD,2026-08-04T06:12:56.190Z
collection,binder,Temple of Deceit,DSC,Duskmourn: House of Horror Commander,307,normal,rare,1,99395,ebb2cc74-d8dc-47e8-8227-c1b203b52dc4,0.37,false,false,near_mint,en,USD,2026-08-04T06:12:56.191Z
collection,binder,Temple of Enlightenment,DSC,Duskmourn: House of Horror Commander,308,normal,rare,1,99117,3dbee324-5df0-470e-96fb-1f87f377cdfc,0.31,false,false,near_mint,en,USD,2026-08-04T06:12:56.192Z
collection,binder,Rugged Highlands,TDM,Tarkir: Dragonstorm,265,normal,common,1,104267,31261eca-28ad-407c-84ef-0c124d0d7451,0.15,false,false,near_mint,en,USD,2026-08-04T06:12:56.193Z
collection,binder,Dismal Backwater,TDM,Tarkir: Dragonstorm,254,foil,common,1,104238,082b52c9-c46e-44d3-b723-546ba528e07b,0.26,false,false,near_mint,en,USD,2026-08-04T06:12:56.194Z
collection,binder,Tranquil Cove,TDM,Tarkir: Dragonstorm,270,normal,common,1,104249,1c4efa6c-4f29-41cd-a728-bf0e479ace05,0.2,false,false,near_mint,en,USD,2026-08-04T06:12:56.195Z
collection,binder,Wind-Scarred Crag,TDM,Tarkir: Dragonstorm,271,normal,common,1,104286,4912e4d0-b16a-4aa6-a583-3430d26bd591,0.16,false,false,near_mint,en,USD,2026-08-04T06:12:56.196Z
collection,binder,Swiftwater Cliffs,TDM,Tarkir: Dragonstorm,268,normal,common,1,104361,ca53fb19-b8ca-485b-af1a-5117ae54bfe3,0.12,false,false,near_mint,en,USD,2026-08-04T06:12:56.197Z
collection,binder,Jungle Hollow,TDM,Tarkir: Dragonstorm,258,normal,common,1,104375,ea13440b-3f7b-4182-9541-27c1fa3121e5,0.17,false,false,near_mint,en,USD,2026-08-04T06:12:56.199Z
collection,binder,Deserted Beach,INR,Innistrad Remastered,276,normal,rare,1,102774,c819de09-dac2-407a-98c8-775865e9bdf8,5.56,false,false,near_mint,en,USD,2026-08-04T06:12:56.200Z
collection,binder,Drowned Catacomb,PIP,Fallout,262,normal,rare,1,92792,e033971a-3460-43a1-abf6-6dab433a9c3f,2.16,false,false,near_mint,en,USD,2026-08-04T06:12:56.206Z
collection,binder,Drowned Catacomb,PIP,Fallout,494,normal,rare,1,91826,0301ab57-e06e-4965-8182-a048fc98a01e,5.53,false,false,near_mint,en,USD,2026-08-04T06:12:56.208Z
collection,binder,Tainted Isle,PIP,Fallout,299,normal,uncommon,1,92487,96cc20d1-c3be-4630-b860-49b9fdb6f6c4,3.42,false,false,near_mint,en,USD,2026-08-04T06:12:56.209Z
collection,binder,Morphic Pool,CLB,Commander Legends: Battle for Baldur's Gate,357,normal,rare,1,67505,48e40927-dd87-42ed-b805-0ae8ba81f5fb,29.4,false,false,near_mint,en,USD,2026-08-04T06:12:56.210Z
collection,binder,Sunken Hollow,PIP,Fallout,296,normal,rare,1,92219,5cb4d725-cb54-4617-bbfd-45e2f2d3dec8,0.4,false,false,near_mint,en,USD,2026-08-04T06:12:56.211Z
collection,binder,Sulfur Falls,PIP,Fallout,294,normal,rare,1,92679,c6821409-3793-4a7c-962b-7d501fa50fe5,0.39,false,false,near_mint,en,USD,2026-08-04T06:12:56.212Z
collection,binder,Glasswing Grace // Age-Graced Chapel,MH3,Modern Horizons 3,254,normal,uncommon,1,94539,90630b20-fc83-475f-bcd5-8bcfee0cf241,0.36,false,false,near_mint,en,USD,2026-08-04T06:12:56.213Z
collection,binder,Tanglepool Bridge,DRC,Aetherdrift Commander,175,normal,common,1,102958,2adf277c-945e-49b4-88d7-ac720863d0d6,0.32,false,false,near_mint,en,USD,2026-08-04T06:12:56.214Z
collection,binder,Slagwoods Bridge,DRC,Aetherdrift Commander,171,normal,common,1,102988,39a60957-eaee-4154-824f-148dba07161a,0.34,false,false,near_mint,en,USD,2026-08-04T06:12:56.215Z
collection,binder,Scattered Groves,PIP,Fallout,286,normal,rare,1,92778,dc924137-6f0d-41bd-bb94-b7a6e1a13be1,0.35,false,false,near_mint,en,USD,2026-08-04T06:12:56.218Z
collection,binder,Canopy Vista,PIP,Fallout,488,normal,rare,1,92827,e8510d85-e078-471e-a3dc-2720eb4f3bab,1.29,false,false,near_mint,en,USD,2026-08-04T06:12:56.219Z
collection,binder,Clifftop Retreat,OTC,Outlaws of Thunder Junction Commander,278,normal,rare,1,93660,5f6b7995-faf8-4fba-8be8-12ee71bd53bf,1.39,false,false,near_mint,en,USD,2026-08-04T06:12:56.220Z
collection,binder,Frostboil Snarl,DRC,Aetherdrift Commander,158,normal,rare,1,103143,85ca1a50-7627-4a6e-aaf7-83761abc31b9,0.27,false,false,near_mint,en,USD,2026-08-04T06:12:56.222Z
collection,binder,Hinterland Harbor,DRC,Aetherdrift Commander,160,normal,rare,1,102911,105c31a5-6e63-4442-b87a-56f324ab816e,0.35,false,false,near_mint,en,USD,2026-08-04T06:12:56.223Z
collection,binder,Karplusan Forest,DRC,Aetherdrift Commander,163,normal,rare,1,103280,cffc9b01-2f61-4eb1-8bfa-cbe746a7104b,0.42,false,false,near_mint,en,USD,2026-08-04T06:12:56.224Z
collection,binder,Overflowing Basin,DRC,Aetherdrift Commander,165,normal,rare,1,103179,93a361a8-ecf2-4901-a948-c2fda6bd3aa9,0.19,false,false,near_mint,en,USD,2026-08-04T06:12:56.225Z
collection,binder,Rootbound Crag,DRC,Aetherdrift Commander,168,normal,rare,1,103099,70ea3d14-a1e6-4150-98c5-44be53473bd1,0.41,false,false,near_mint,en,USD,2026-08-04T06:12:56.226Z
collection,binder,Sheltered Thicket,DRC,Aetherdrift Commander,169,normal,rare,1,103370,f6af5583-bb1d-4405-95b1-5e2683580c19,0.28,false,false,near_mint,en,USD,2026-08-04T06:12:56.227Z
collection,binder,Shivan Reef,DRC,Aetherdrift Commander,170,normal,rare,1,102960,2c6275ea-0565-436b-ab9a-ac17c465e14b,0.36,false,false,near_mint,en,USD,2026-08-04T06:12:56.228Z
collection,binder,Sulfur Falls,DRC,Aetherdrift Commander,173,normal,rare,1,103337,eb24d2b9-8683-454b-b911-d694202d1081,0.34,false,false,near_mint,en,USD,2026-08-04T06:12:56.229Z
collection,binder,Temple of Epiphany,DRC,Aetherdrift Commander,177,normal,rare,1,103079,6263bd52-081a-4307-918d-a9aeb4419a16,0.23,false,false,near_mint,en,USD,2026-08-04T06:12:56.230Z
collection,binder,Vineglimmer Snarl,DRC,Aetherdrift Commander,183,normal,rare,1,103026,4b1003ca-809c-4e91-8368-e6b8fa870f23,0.3,false,false,near_mint,en,USD,2026-08-04T06:12:56.231Z
collection,binder,Yavimaya Coast,DRC,Aetherdrift Commander,184,normal,rare,1,103200,9fbdd138-142d-4712-954e-8673d02d8079,0.33,false,false,near_mint,en,USD,2026-08-04T06:12:56.232Z
collection,binder,Eroded Canyon,OTJ,Outlaws of Thunder Junction,256,foil,common,1,93177,5c9d080f-28d7-41d6-a4e0-5b3e3a5ed770,0.31,false,false,near_mint,en,USD,2026-08-04T06:12:56.235Z
collection,binder,Ferrous Lake,PIP,Fallout,148,normal,rare,1,91828,0406ff96-419b-44bc-b836-a39eaa55ae78,0.36,false,false,near_mint,en,USD,2026-08-04T06:12:56.236Z
collection,binder,Izzet Guildgate,RTR,Return to Ravnica,242,normal,common,1,17180,6951d84f-2d3c-4203-8d31-e08f4bc707f0,0.12,false,false,near_mint,en,USD,2026-08-04T06:12:56.237Z
collection,binder,Silverbluff Bridge,PIP,Fallout,290,normal,common,1,92380,820485ab-0a31-4278-9316-ec5b909f4d11,0.36,false,false,near_mint,en,USD,2026-08-04T06:12:56.238Z
collection,binder,Temple of Deceit,PIP,Fallout,303,normal,rare,1,92177,5460711e-dd15-476c-922f-3f1cd582d3f6,0.34,false,false,near_mint,en,USD,2026-08-04T06:12:56.240Z
collection,binder,Temple of Epiphany,PIP,Fallout,305,normal,rare,1,92024,311d6842-0ba6-494d-b10c-9ac47f78c757,0.33,false,false,near_mint,en,USD,2026-08-04T06:12:56.241Z
collection,binder,Waterfront District,SNC,Streets of New Capenna,259,normal,common,1,68043,debf7aac-4d31-49b4-955b-79036258df69,0.24,false,false,near_mint,en,USD,2026-08-04T06:12:56.242Z
collection,binder,Darkwater Catacombs,PIP,Fallout,260,normal,rare,1,91899,15b3d4b7-972f-447f-a512-f40ceeba5d9c,0.39,false,false,near_mint,en,USD,2026-08-04T06:12:56.243Z
collection,binder,Dimir Aqueduct,OTC,Outlaws of Thunder Junction Commander,288,normal,uncommon,1,93560,2f527759-84c9-4bd3-9763-a2105c9d93f9,0.36,false,false,near_mint,en,USD,2026-08-04T06:12:56.244Z
collection,binder,Temple of Deceit,OTC,Outlaws of Thunder Junction Commander,328,normal,rare,1,93507,18275b40-8e5d-4ac7-9c62-92d1b1c662ab,0.37,false,false,near_mint,en,USD,2026-08-04T06:12:56.245Z
collection,binder,Temple of Mystery,OTC,Outlaws of Thunder Junction Commander,332,normal,rare,1,93767,9d3d1d58-c76f-4c06-8c48-382362e932da,0.24,false,false,near_mint,en,USD,2026-08-04T06:12:56.246Z
collection,binder,Temple of Malady,OTC,Outlaws of Thunder Junction Commander,330,normal,rare,1,93608,4a717a93-a19b-4f8a-9133-e56466ea8576,0.42,false,false,near_mint,en,USD,2026-08-04T06:12:56.247Z
collection,binder,Dimir Guildgate,FDN,Foundations,688,normal,common,1,101376,f9b8a159-5e58-4432-8ecd-62f39afa96da,0.15,false,false,near_mint,en,USD,2026-08-04T06:12:56.248Z
collection,binder,Golgari Guildgate,FDN,Foundations,689,normal,common,1,100836,92d4646c-a375-4835-aa58-8bb77d1a5abf,0.13,false,false,near_mint,en,USD,2026-08-04T06:12:56.249Z
collection,binder,Gruul Guildgate,FDN,Foundations,690,normal,common,1,100381,3ab6c240-c97d-4a5c-bc39-860c2d9901c2,0.1,false,false,near_mint,en,USD,2026-08-04T06:12:56.250Z
collection,binder,Izzet Guildgate,FDN,Foundations,691,normal,common,1,101219,db9e6fc9-813d-4a71-8a68-8e0f83fa945d,0.12,false,false,near_mint,en,USD,2026-08-04T06:12:56.251Z
collection,binder,Selesnya Guildgate,FDN,Foundations,694,normal,common,1,100619,6718d4e7-768e-473f-8064-a68422e977f6,0.16,false,false,near_mint,en,USD,2026-08-04T06:12:56.252Z
collection,binder,Simic Guildgate,FDN,Foundations,695,normal,common,1,100853,96590855-1ee5-4d69-9070-776e23f71976,0.13,false,false,near_mint,en,USD,2026-08-04T06:12:56.253Z
collection,binder,Temple of Abandon,FDN,Foundations,696,normal,rare,1,100803,8a990a92-8d0f-489f-ae97-68c90fc5ccf1,0.15,false,false,near_mint,en,USD,2026-08-04T06:12:56.255Z
collection,binder,Temple of Deceit,FDN,Foundations,697,normal,rare,1,101244,e18748ce-e52e-4cd1-89d4-cd2578a0d574,0.21,false,false,near_mint,en,USD,2026-08-04T06:12:56.256Z
collection,binder,Temple of Epiphany,FDN,Foundations,699,normal,rare,1,100258,224e8255-7bc6-44a2-86af-14f8446f4f77,0.18,false,false,near_mint,en,USD,2026-08-04T06:12:56.257Z
collection,binder,Temple of Malady,FDN,Foundations,700,normal,rare,1,100167,10e7d0d5-2329-42a6-b6ff-a5197ba5f1d0,0.18,false,false,near_mint,en,USD,2026-08-04T06:12:56.258Z
collection,binder,Temple of Malice,FDN,Foundations,701,normal,rare,1,101199,d78eccc4-1500-43f1-94f5-b39c160b6381,0.21,false,false,near_mint,en,USD,2026-08-04T06:12:56.259Z
collection,binder,Temple of Mystery,FDN,Foundations,702,normal,rare,1,101075,bd581f1d-d8ba-47f9-b10b-b7b6d46239ce,0.14,false,false,near_mint,en,USD,2026-08-04T06:12:56.260Z
collection,binder,Temple of Plenty,FDN,Foundations,703,normal,rare,1,100624,69762774-c8e1-42de-90b3-5a4d50f5d84d,0.15,false,false,near_mint,en,USD,2026-08-04T06:12:56.261Z
collection,binder,Temple of Enlightenment,FDN,Foundations,698,normal,rare,1,100088,01f23c1a-a0fe-4520-88ed-045aa4044567,0.13,false,false,near_mint,en,USD,2026-08-04T06:12:56.262Z
collection,binder,Azorius Guildgate,FDN,Foundations,683,normal,common,1,101375,f98a7264-0a83-42c8-a94d-05ad4c234242,0.13,false,false,near_mint,en,USD,2026-08-04T06:12:56.263Z
collection,binder,Rugged Highlands,FDN,Foundations,265,normal,common,2,101400,fd6eaf8e-8881-4d7b-bafc-75e4ca5cbef6,0.22,false,false,near_mint,en,USD,2026-08-04T06:12:56.264Z
collection,binder,Swiftwater Cliffs,FDN,Foundations,268,normal,common,2,101389,fb88667d-7088-4889-960f-317486ebe856,0.29,false,false,near_mint,en,USD,2026-08-04T06:12:56.265Z
collection,binder,Bountiful Promenade,CLB,Commander Legends: Battle for Baldur's Gate,348,normal,rare,2,67506,5125a8d8-344d-4419-b37a-ddf343493c5f,11.14,false,false,near_mint,en,USD,2026-08-04T06:12:56.133Z
collection,binder,Jungle Hollow,NEO,Kamigawa: Neon Dynasty,269,normal,common,2,66921,deadca61-0be9-4eeb-ba12-bc73a49bae74,0.25,false,false,near_mint,en,USD,2026-08-04T06:12:56.138Z
collection,binder,Thornwood Falls,NEO,Kamigawa: Neon Dynasty,279,normal,common,2,66916,d5af3569-3e66-4a50-aca0-c17c799dca28,0.16,false,false,near_mint,en,USD,2026-08-04T06:12:56.140Z
collection,binder,Tranquil Cove,NEO,Kamigawa: Neon Dynasty,280,normal,common,3,66885,68f822b7-efc5-42c8-93ea-7dd17b4c3e7a,0.22,false,false,near_mint,en,USD,2026-08-04T06:12:56.142Z
collection,binder,Selesnya Guildgate,CLU,Ravnica: Clue Edition,245,normal,common,2,91142,b48471b4-fb3f-4910-b2d0-5c08cfd44f51,0.19,false,false,near_mint,en,USD,2026-08-04T06:12:56.143Z
collection,binder,Sea of Clouds,CLB,Commander Legends: Battle for Baldur's Gate,360,normal,rare,2,67528,d4fb722f-40af-4bd1-b660-e8186b98f233,19.74,false,false,near_mint,en,USD,2026-08-04T06:12:56.146Z
collection,binder,Botanical Plaza,SNC,Streets of New Capenna,350,normal,common,3,67938,ac068b57-568b-41f6-90d2-7b0eef99a74d,0.13,false,false,near_mint,en,USD,2026-08-04T06:12:56.152Z
collection,binder,Graypelt Refuge,LTC,Tales of Middle-earth Commander,316,normal,uncommon,2,82835,07e81ace-4d75-4d79-ab99-c42288580def,0.34,false,false,near_mint,en,USD,2026-08-04T06:12:56.155Z
collection,binder,Dismal Backwater,NEO,Kamigawa: Neon Dynasty,267,normal,common,3,66929,fab0660b-81f8-40ca-8098-5f8d51219a40,0.16,false,false,near_mint,en,USD,2026-08-04T06:12:56.203Z
collection,binder,Dimir Guildgate,CLU,Ravnica: Clue Edition,234,normal,common,2,90909,5d0962de-d96d-4ea8-90d7-d7631f84f649,0.09,false,false,near_mint,en,USD,2026-08-04T06:12:56.204Z
collection,binder,Dimir Aqueduct,CLU,Ravnica: Clue Edition,233,normal,common,2,91020,83f4c3a8-e1fc-4bf2-8135-bf906c639f6d,0.27,false,false,near_mint,en,USD,2026-08-04T06:12:56.205Z
collection,binder,Swiftwater Cliffs,NEO,Kamigawa: Neon Dynasty,277,normal,common,3,66926,ea6c2670-e6fd-40d6-afe0-7d3c4db96a4d,0.21,false,false,near_mint,en,USD,2026-08-04T06:12:56.207Z
collection,binder,Snow-Covered Wastes,MB2,Mystery Booster 2,121,normal,uncommon,1,96736,3bce79b7-f964-4442-b3db-3ecffbba8d92,1.39,false,false,near_mint,en,USD,2026-08-04T06:16:11.556Z
collection,binder,Snow-Covered Wastes,MH3,Modern Horizons 3,229,foil,uncommon,1,93018,87870792-e429-4eba-8193-cdce5c7b6c55,1.0,false,false,near_mint,en,USD,2026-08-04T06:16:11.557Z
collection,binder,Hymn of the Wilds,PLST,The List,CN2-7,normal,mythic,1,97614,45c9f647-227a-453d-a861-a7b59f8bd9a4,0.14,false,false,near_mint,en,USD,2026-08-04T06:16:11.558Z
collection,binder,Balloon Stand,UNF,Unfinity,200d,normal,uncommon,2,72680,26bb8928-8178-439b-803e-35f5681b8ff4,0.28,false,false,near_mint,en,USD,2026-08-04T06:16:11.572Z
collection,binder,Costume Shop,UNF,Unfinity,206d,normal,common,4,72629,0610d3b7-1066-4dbf-af12-55e2d9a984b5,0.11,false,false,near_mint,en,USD,2026-08-04T06:16:11.563Z
collection,binder,Thundersteel Colossus,NEO,Kamigawa: Neon Dynasty,261,normal,common,9,66904,b7d49f9c-2dd3-4aed-9b78-e1bcad354a35,0.21,false,false,near_mint,en,USD,2026-08-04T06:24:01.273Z
collection,binder,Brute Suit,NEO,Kamigawa: Neon Dynasty,241,normal,common,4,66866,363cb43a-e358-4380-a42f-9b095ca522c6,0.24,false,false,near_mint,en,USD,2026-08-04T06:24:01.274Z
collection,binder,Thundersteel Colossus,NEO,Kamigawa: Neon Dynasty,261,foil,common,2,66904,b7d49f9c-2dd3-4aed-9b78-e1bcad354a35,0.32,false,false,near_mint,en,USD,2026-08-04T06:24:01.275Z
collection,binder,Cultivator's Caravan,FDN,Foundations,670,normal,rare,2,100265,249aa94c-85ab-4606-aa2c-c902bd83ac21,0.15,false,false,near_mint,en,USD,2026-08-04T06:24:01.276Z
collection,binder,Tangle Tumbler,BLB,Bloomburrow,250,normal,uncommon,3,96010,258ef349-5042-4992-bae9-9f8f54b55db0,0.18,false,false,near_mint,en,USD,2026-08-04T06:24:01.277Z
collection,binder,High-Speed Hoverbike,NEO,Kamigawa: Neon Dynasty,247,normal,uncommon,3,66397,7c619116-1eae-439d-9b1f-639643458a23,0.26,false,false,near_mint,en,USD,2026-08-04T06:24:01.278Z
collection,binder,_____ _____ Rocketship,UNF,Unfinity,191,normal,uncommon,3,72847,97957307-f8ec-412f-a720-9b03b93fac56,0.06,false,false,near_mint,en,USD,2026-08-04T06:24:01.279Z
collection,binder,Surgehacker Mech,NEO,Kamigawa: Neon Dynasty,260,normal,rare,1,66353,3c4bf679-01cc-4786-a3bd-89c8ae70fdfa,0.34,false,false,near_mint,en,USD,2026-08-04T06:24:01.280Z
collection,binder,Clown Car,UNF,Unfinity,186,normal,rare,1,72924,c6667e4f-f0f6-4416-940a-d03bed75f5a7,10.24,false,false,near_mint,en,USD,2026-08-04T06:24:01.281Z
collection,binder,Mighty Servant of Leuk-o,CLB,Commander Legends: Battle for Baldur's Gate,324,normal,rare,1,68920,257f12c2-db58-413f-9896-6e556bd9c0d9,0.38,false,false,near_mint,en,USD,2026-08-04T06:24:01.282Z
collection,binder,Nautiloid Ship,CLB,Commander Legends: Battle for Baldur's Gate,328,normal,mythic,1,69316,d4e2f75e-75f3-4255-969f-0eab32f7bd1e,14.36,false,false,near_mint,en,USD,2026-08-04T06:24:01.283Z
collection,binder,Unlicensed Hearse,OTP,Breaking News,64,normal,rare,1,93163,5447a777-769d-4773-ab64-31c67e310e15,0.35,false,false,near_mint,en,USD,2026-08-04T06:24:01.284Z
collection,binder,Recon Craft Theta,PIP,Fallout,141,normal,rare,1,91949,21aa59d3-e786-4ba0-9802-01b57597cda2,1.85,false,false,near_mint,en,USD,2026-08-04T06:24:01.285Z
collection,binder,Brotherhood Vertibird,PIP,Fallout,128,normal,rare,1,92662,c207c76d-5f10-4fd9-9826-cf0611bfa2d0,0.36,false,false,near_mint,en,USD,2026-08-04T06:24:01.286Z
collection,binder,"Sting, the Glinting Dagger",LTR,The Lord of the Rings: Tales of Middle-earth,250,normal,rare,1,83396,afbec7e7-f5b9-407e-bf96-2e088710e791,3.53,false,false,near_mint,en,USD,2026-08-04T06:24:01.287Z
collection,binder,Barrow-Blade,LTR,The Lord of the Rings: Tales of Middle-earth,237,normal,uncommon,1,83629,f0eb7284-78a5-4b5e-8f6d-6be540e0bef8,0.25,false,false,near_mint,en,USD,2026-08-04T06:24:01.288Z
collection,binder,Bilbo's Ring,LTR,The Lord of the Rings: Tales of Middle-earth,298,normal,rare,1,83297,91dbeac4-1c39-4a4f-84e7-1b71f7468c8f,15.06,false,false,near_mint,en,USD,2026-08-04T06:24:01.289Z
collection,binder,Cliffhaven Kitesail,J25,Foundations Jumpstart,748,normal,common,1,100638,6b21b1dc-a0a7-44c6-8412-4a9330fb3de8,0.27,false,false,near_mint,en,USD,2026-08-04T06:24:01.291Z
collection,binder,Conductive Machete,DSK,Duskmourn: House of Horror,244,normal,uncommon,1,98958,1cf37c1a-096b-4306-97cf-bc4d4c47d4a1,0.1,false,false,near_mint,en,USD,2026-08-04T06:24:01.293Z
collection,binder,Haunted Cloak,CMM,Commander Masters,389,foil,common,1,84733,abffd0a3-ea7a-43cf-b92d-d9f436bef58e,0.6,false,false,near_mint,en,USD,2026-08-04T06:24:01.294Z
collection,binder,Hidden Blade,ACR,Assassin's Creed,73,foil,uncommon,1,91730,a07a488f-cb64-4f4c-9c2e-6cdb5d563f13,0.32,false,false,near_mint,en,USD,2026-08-04T06:24:01.295Z
collection,binder,Umbral Mantle,MB2,Mystery Booster 2,101,normal,uncommon,1,96963,a8da2a6c-f63e-4724-bbdb-19d35b85a640,6.34,false,false,near_mint,en,USD,2026-08-04T06:24:01.296Z
collection,binder,Leather Armor,AFR,Adventures in the Forgotten Realms,248,foil,common,1,60479,e62d4e76-cdb0-48c7-aa1c-b1f514057b68,0.41,false,false,near_mint,en,USD,2026-08-04T06:24:01.297Z
collection,binder,Stitcher's Graft,INR,Innistrad Remastered,271,foil,rare,1,102709,a5dad4be-599b-4c4d-a957-3fe6b52b4141,0.17,false,false,near_mint,en,USD,2026-08-04T06:24:01.299Z
collection,binder,Neglected Heirloom // Ashmouth Blade,INR,Innistrad Remastered,269,normal,uncommon,1,102614,7813cd70-bb60-4953-a35d-9876f5230c42,0.23,false,false,near_mint,en,USD,2026-08-04T06:24:01.300Z
collection,binder,Neglected Heirloom // Ashmouth Blade,INR,Innistrad Remastered,473,normal,uncommon,1,102734,b2f7a3e4-de61-4766-88ce-2e8b5d4ec227,0.24,false,false,near_mint,en,USD,2026-08-04T06:24:01.303Z
collection,binder,Butcher's Cleaver,INR,Innistrad Remastered,256,normal,uncommon,1,102505,3c55bce1-8746-4554-9876-f443c37a125b,0.26,false,false,near_mint,en,USD,2026-08-04T06:24:01.305Z
collection,binder,Lightning Greaves,DRC,Aetherdrift Commander,55,normal,uncommon,1,103027,4b8bfdd3-7c73-4d13-8a8d-50b6dd85fad3,4.52,false,false,near_mint,en,USD,2026-08-04T06:24:01.306Z
collection,binder,Starforged Sword,BLB,Bloomburrow,249,normal,uncommon,1,96110,c23d8e96-b972-4c6c-b0c4-b6627621f048,0.17,false,false,near_mint,en,USD,2026-08-04T06:24:01.307Z
collection,binder,Swashbuckler's Whip,LCI,The Lost Caverns of Ixalan,263,normal,uncommon,1,88349,24a85c52-e5b5-4d65-931c-eacc0cf0fb31,0.21,false,false,near_mint,en,USD,2026-08-04T06:24:01.308Z
collection,binder,Vanquisher's Axe,DMU,Dominaria United,240,normal,common,1,71691,aef37244-deb9-464e-ab8c-4308369ae09b,0.15,false,false,near_mint,en,USD,2026-08-04T06:24:01.309Z
collection,binder,Adaptive Omnitool,DRC,Aetherdrift Commander,16,normal,rare,1,102929,1603aab8-731c-407a-bb44-625c36ace43e,2.09,false,false,near_mint,en,USD,2026-08-04T06:24:01.310Z
collection,binder,Masterwork of Ingenuity,PIP,Fallout,234,normal,rare,1,92521,9ea75905-326f-48a9-9144-3ac147b9c2bf,1.86,false,false,near_mint,en,USD,2026-08-04T06:24:01.311Z
collection,binder,Brass Knuckles,PIP,Fallout,227,normal,uncommon,1,92650,bf3fcf94-c206-46ac-9356-7561cc0cd711,0.33,false,false,near_mint,en,USD,2026-08-04T06:24:01.312Z
collection,binder,Bloodforged Battle-Axe,PIP,Fallout,226,normal,rare,1,92564,a78289e0-3675-4587-8a33-54640e58a1f7,1.81,false,false,near_mint,en,USD,2026-08-04T06:24:01.313Z
collection,binder,Fireshrieker,FDN,Foundations,674,normal,uncommon,1,100451,484fbce6-71bd-40eb-a71b-86958a094708,0.23,false,false,near_mint,en,USD,2026-08-04T06:24:01.314Z
collection,binder,Swiftfoot Boots,FDN,Foundations,355,normal,uncommon,1,100403,3e9b53da-4744-429d-97c6-f7ee4d568731,2.2,false,false,near_mint,en,USD,2026-08-04T06:24:01.315Z
collection,binder,Basilisk Collar,FDN,Foundations,669,normal,rare,1,100712,7b36fba7-71f7-4b7f-bde5-b3a9752ad21c,5.68,false,false,near_mint,en,USD,2026-08-04T06:24:01.316Z
collection,binder,Skullclamp,PIP,Fallout,238,normal,uncommon,1,92295,7160f5f0-8ab8-4ec1-a84c-cfe49cb43b8d,7.9,false,false,near_mint,en,USD,2026-08-04T06:24:01.322Z
collection,binder,Siren Song Lyre,BNG,Born of the Gods,161,normal,uncommon,1,14799,cfeca720-3163-4391-b90d-5f7aa5f5987b,0.2,false,false,near_mint,en,USD,2026-08-04T06:24:01.326Z
collection,binder,Arc Spitter,SNC,Streets of New Capenna,233,normal,uncommon,1,68088,f95a00ed-dc77-4dcd-9e14-6902565974b5,0.21,false,false,near_mint,en,USD,2026-08-04T06:24:01.329Z
collection,binder,Trailblazer's Boots,OTC,Outlaws of Thunder Junction Commander,269,normal,uncommon,1,93792,aa05985b-e2cb-412f-a2ad-b8d723d9f451,3.4,false,false,near_mint,en,USD,2026-08-04T06:24:01.330Z
collection,binder,Brass Knuckles,SNC,Streets of New Capenna,234,normal,uncommon,1,68095,fd31ee9e-1af7-4eb4-bda8-11451ebd6927,0.15,false,false,near_mint,en,USD,2026-08-04T06:24:01.331Z
collection,binder,Amorphous Axe,CMR,Commander Legends,295,normal,common,1,56032,2de53345-5809-4704-bd60-682b0c3c3999,0.24,false,false,near_mint,en,USD,2026-08-04T06:24:01.332Z
collection,binder,Quick-Draw Dagger,SNC,Streets of New Capenna,243,normal,common,1,68023,d64110f4-c4b6-4966-a23a-8da7d1983499,0.2,false,false,near_mint,en,USD,2026-08-04T06:24:01.333Z
collection,binder,T-45 Power Armor,PIP,Fallout,145,normal,rare,1,91942,203b1cb3-5eae-469a-8a5a-2e56dc859f78,0.32,false,false,near_mint,en,USD,2026-08-04T06:24:01.335Z
collection,binder,Witches' Eye,THS,Theros,222,normal,uncommon,1,15442,6d989daa-78eb-4120-81b5-7866a7b04590,0.1,false,false,near_mint,en,USD,2026-08-04T06:24:01.336Z
collection,binder,Nuka-Nuke Launcher,PIP,Fallout,138,normal,rare,1,92265,68d5835b-c206-4884-bdcf-38c7cdc703f4,0.36,false,false,near_mint,en,USD,2026-08-04T06:24:01.337Z
collection,binder,Explorer's Scope,PIP,Fallout,231,normal,common,1,92815,e66cbdcb-c42c-4f30-871f-f1bc11f475df,0.31,false,false,near_mint,en,USD,2026-08-04T06:24:01.338Z
collection,binder,Nuka-Nuke Launcher,PIP,Fallout,434,foil,rare,1,92745,d699efaa-4984-4712-8704-c7970cf157af,0.61,false,false,near_mint,en,USD,2026-08-04T06:24:01.339Z
collection,binder,Blazing Torch,INR,Innistrad Remastered,254,normal,common,2,102827,ea2d3a1c-287e-4b85-8f3d-25fdcf79f47b,0.08,false,false,near_mint,en,USD,2026-08-04T06:24:01.298Z
collection,binder,Cobbled Wings,INR,Innistrad Remastered,258,normal,common,3,102823,e8bb16f6-71b2-4338-a546-27f37f50e811,0.23,false,false,near_mint,en,USD,2026-08-04T06:24:01.301Z
collection,binder,Ninja's Kunai,NEO,Kamigawa: Neon Dynasty,252,normal,common,5,66901,af6ae567-c77a-416a-b609-4df3d0dd2e18,0.17,false,false,near_mint,en,USD,2026-08-04T06:24:01.317Z
collection,binder,Bronze Cudgels,NEO,Kamigawa: Neon Dynasty,240,normal,uncommon,2,66686,45fa226c-cc31-4c22-a167-40985706557b,0.22,false,false,near_mint,en,USD,2026-08-04T06:24:01.318Z
collection,binder,Heart-Piercer Bow,KTK,Khans of Tarkir,221,normal,uncommon,3,13177,48168005-65cc-43dc-9d45-17ea5dd4848f,0.16,false,false,near_mint,en,USD,2026-08-04T06:24:01.323Z
collection,binder,"Ramos, Dragon Engine",FDN,Foundations,678,normal,mythic,1,100817,8f95f753-bbaa-4282-9cd9-f1737136fc9e,0.39,false,false,near_mint,en,USD,2026-08-04T06:49:40.451Z
collection,binder,"ED-E, Lonesome Eyebot",PIP,Fallout,131,normal,rare,1,92601,b319f0e1-6f18-4fea-9f72-a21da5513aa4,0.35,false,false,near_mint,en,USD,2026-08-04T06:49:40.452Z
collection,binder,Mimic,AFR,Adventures in the Forgotten Realms,349,normal,common,1,60380,b059c316-2be1-4f66-9888-d31714280a5e,0.12,false,false,near_mint,en,USD,2026-08-04T06:49:40.454Z
collection,binder,Potion of Healing,AFR,Adventures in the Forgotten Realms,34,foil,common,1,60454,d5edb608-c7d7-4fa9-b969-262c9789fc17,0.14,false,false,near_mint,en,USD,2026-08-04T06:49:40.455Z
collection,binder,Navigation Orb,CLB,Commander Legends: Battle for Baldur's Gate,329,normal,common,1,69317,d512a77e-2435-4695-9408-df8e17dd1fbd,0.29,false,false,near_mint,en,USD,2026-08-04T06:49:40.456Z
collection,binder,Magnifying Glass,MKM,Murders at Karlov Manor,255,normal,common,1,91192,c606a71f-8fb0-486b-955f-727ebf436946,0.18,false,false,near_mint,en,USD,2026-08-04T06:49:40.457Z
collection,binder,Marble Diamond,CLB,Commander Legends: Battle for Baldur's Gate,320,normal,common,1,68833,0930f71c-c3c8-4bdd-8468-6a61349cc8ca,0.25,false,false,near_mint,en,USD,2026-08-04T06:49:40.460Z
collection,binder,Wayfarer's Bauble,PIP,Fallout,252,normal,common,1,91847,084b7503-d05b-4eac-bb6f-ef3bf696437d,0.36,false,false,near_mint,en,USD,2026-08-04T06:49:40.461Z
collection,binder,Armillary Sphere,CMR,Commander Legends,298,normal,common,1,55833,af3ae93e-6094-483d-b2c0-ae117ad01293,0.24,false,false,near_mint,en,USD,2026-08-04T06:49:40.463Z
collection,binder,Manifold Key,CLB,Commander Legends: Battle for Baldur's Gate,319,normal,uncommon,1,68852,0f5a15cd-a359-48c9-9280-ce139f1fb061,1.48,false,false,near_mint,en,USD,2026-08-04T06:49:40.466Z
collection,binder,Stonespeaker Crystal,CLB,Commander Legends: Battle for Baldur's Gate,338,normal,uncommon,1,69153,8c99e6e1-3b88-4d2f-bc5d-70439585a063,0.45,false,false,near_mint,en,USD,2026-08-04T06:49:40.468Z
collection,binder,Bag of Holding,CLB,Commander Legends: Battle for Baldur's Gate,299,normal,uncommon,1,68931,290f4b4f-4f48-4031-b62a-91a0d6716ddd,0.31,false,false,near_mint,en,USD,2026-08-04T06:49:40.469Z
collection,binder,Moss Diamond,CMR,Commander Legends,327,normal,common,1,55955,ec8ea247-5529-4948-8c81-0f413aedc82e,0.18,false,false,near_mint,en,USD,2026-08-04T06:49:40.471Z
collection,binder,Mirror of Life Trapping,CLB,Commander Legends: Battle for Baldur's Gate,326,normal,rare,1,69191,a0937a60-887b-46d0-b573-099626d57bcf,0.33,false,false,near_mint,en,USD,2026-08-04T06:49:40.474Z
collection,binder,Charcoal Diamond,CLB,Commander Legends: Battle for Baldur's Gate,442,normal,common,1,68994,44c435b6-4010-4bb6-b645-67732b1ebeab,0.31,false,false,near_mint,en,USD,2026-08-04T06:49:40.476Z
collection,binder,Prized Statue,CLB,Commander Legends: Battle for Baldur's Gate,334,foil,common,1,69040,58a49829-c354-4823-8cc1-a159fc46c0d7,7.44,false,false,near_mint,en,USD,2026-08-04T06:49:40.477Z
collection,binder,Dingus Staff,WTH,Weatherlight,149,normal,uncommon,1,37148,065b4358-5dee-4f13-bff9-8254bdb92069,1.25,false,false,near_mint,en,USD,2026-08-04T06:49:40.479Z
collection,binder,Monument to Perfection,ONE,Phyrexia: All Will Be One,233,normal,rare,1,78769,ab892e7b-6797-4ede-ab5d-d9d0fa488c80,0.26,false,false,near_mint,en,USD,2026-08-04T06:49:40.480Z
collection,binder,Aetherworks Marvel,DRC,Aetherdrift Commander,123,normal,mythic,1,103237,b7e7eba5-8bd8-4c7d-8843-cae6c2ce0043,0.34,false,false,near_mint,en,USD,2026-08-04T06:49:40.482Z
collection,binder,Conjurer's Closet,DRC,Aetherdrift Commander,126,normal,rare,1,103127,7e520d49-f3d5-46b3-a941-c57936648a47,3.91,false,false,near_mint,en,USD,2026-08-04T06:49:40.483Z
collection,binder,Retrofitter Foundry,DRC,Aetherdrift Commander,136,normal,rare,1,103384,fcddaf73-0242-4db8-817b-d65c17119372,0.37,false,false,near_mint,en,USD,2026-08-04T06:49:40.484Z
collection,binder,Panharmonicon,DRC,Aetherdrift Commander,135,normal,rare,1,103196,9d7903ff-359b-49f5-8782-c9dd789c2da6,5.73,false,false,near_mint,en,USD,2026-08-04T06:49:40.485Z
collection,binder,Aetheric Amplifier,DRC,Aetherdrift Commander,18,normal,rare,1,102947,21c33a91-b02c-43ec-a385-aa0349928f9c,0.56,false,false,near_mint,en,USD,2026-08-04T06:49:40.486Z
collection,binder,Aetherflux Conduit,DRC,Aetherdrift Commander,17,normal,rare,1,103304,dd9ac0f2-2d8f-40fc-97fb-d6e05633405d,0.25,false,false,near_mint,en,USD,2026-08-04T06:49:40.487Z
collection,binder,Talisman of Curiosity,DRC,Aetherdrift Commander,140,normal,uncommon,1,103002,40bccd95-acd9-48d1-817c-b07f95234427,0.37,false,false,near_mint,en,USD,2026-08-04T06:49:40.488Z
collection,binder,Chaos Wand,OTC,Outlaws of Thunder Junction Commander,254,normal,rare,1,93671,67eb6ab9-d264-4ec6-9dac-3b16ee8c9ec0,0.37,false,false,near_mint,en,USD,2026-08-04T06:49:40.489Z
collection,binder,Prismatic Lens,OTC,Outlaws of Thunder Junction Commander,264,normal,uncommon,1,93697,74e8d3a8-5937-4108-b2fe-23e049379345,0.4,false,false,near_mint,en,USD,2026-08-04T06:49:40.492Z
collection,binder,Darksteel Ingot,OTC,Outlaws of Thunder Junction Commander,256,normal,uncommon,1,93931,f279fcf1-e4f5-4873-9d73-8d62e0343b81,0.37,false,false,near_mint,en,USD,2026-08-04T06:49:40.493Z
collection,binder,Lembas,LTR,The Lord of the Rings: Tales of Middle-earth,243,normal,common,1,83004,3b46aacf-b31a-4380-9e4b-82795fbaba3b,1.8,false,false,near_mint,en,USD,2026-08-04T06:49:40.494Z
collection,binder,Staff of the Wild Magus,M15,Magic 2015,236,normal,uncommon,1,13616,e64f31e8-0b49-4510-a4df-2e0bea793d3e,0.11,false,false,near_mint,en,USD,2026-08-04T06:49:40.495Z
collection,binder,Simic Signet,CLU,Ravnica: Clue Edition,228,normal,common,1,90981,78824387-d996-42df-91d3-61a699f34197,0.61,false,false,near_mint,en,USD,2026-08-04T06:49:40.496Z
collection,binder,Mirror of Galadriel,LTR,The Lord of the Rings: Tales of Middle-earth,244,foil,uncommon,1,83454,bc95036f-98f2-4ea7-93bb-542ad7064540,0.39,false,false,near_mint,en,USD,2026-08-04T06:49:40.497Z
collection,binder,Orzhov Signet,CLU,Ravnica: Clue Edition,225,normal,common,1,91133,b0a10183-e870-46f3-a4fc-3f0266483453,0.39,false,false,near_mint,en,USD,2026-08-04T06:49:40.498Z
collection,binder,Soul-Guide Lantern,FDN,Foundations,680,normal,uncommon,1,100649,6d3ff537-86f0-405e-b96b-1250720af031,0.18,false,false,near_mint,en,USD,2026-08-04T06:49:40.501Z
collection,binder,Sorcerous Spyglass,FDN,Foundations,679,normal,uncommon,1,100166,0f99356b-eed0-4d92-818b-80754bcb75f3,0.08,false,false,near_mint,en,USD,2026-08-04T06:49:40.502Z
collection,binder,Feldon's Cane,FDN,Foundations,673,normal,uncommon,1,100091,026f55c3-8e65-4520-b26d-6208344f73b2,0.16,false,false,near_mint,en,USD,2026-08-04T06:49:40.503Z
collection,binder,Pyromancer's Goggles,FDN,Foundations,677,normal,mythic,1,101346,f340d8a4-196a-4433-807c-b7124e96e44f,0.4,false,false,near_mint,en,USD,2026-08-04T06:49:40.504Z
collection,binder,Mazemind Tome,FDN,Foundations,676,normal,rare,1,101352,f45072cd-e3f2-4090-b984-50ec8d360bf2,0.13,false,false,near_mint,en,USD,2026-08-04T06:49:40.505Z
collection,binder,Arcane Signet,SCD,Starter Commander Decks,257,normal,common,1,77222,02cb9420-fbfb-4123-a830-a992ff470db6,0.55,false,false,near_mint,en,USD,2026-08-04T06:49:40.506Z
collection,binder,Mirror Gallery,PLST,The List,BOK-154,normal,rare,1,66709,55ad7fbd-ef4d-401b-8a42-8fe63ad19cb3,12.4,false,false,near_mint,en,USD,2026-08-04T06:49:40.510Z
collection,binder,Horn of Gondor,LTR,The Lord of the Rings: Tales of Middle-earth,240,foil,rare,1,83400,b14eaeec-d7ce-462a-90d3-2ae5ff605fdb,3.14,false,false,near_mint,en,USD,2026-08-04T06:49:40.514Z
collection,binder,Ecologist's Terrarium,NEO,Kamigawa: Neon Dynasty,246,foil,common,1,66855,1d981026-b2df-4d8d-a9b4-296b011d9925,0.28,false,false,near_mint,en,USD,2026-08-04T06:49:40.515Z
collection,binder,Mirror of Galadriel,LTR,The Lord of the Rings: Tales of Middle-earth,244,normal,uncommon,1,83454,bc95036f-98f2-4ea7-93bb-542ad7064540,0.26,false,false,near_mint,en,USD,2026-08-04T06:49:40.516Z
collection,binder,Ent-Draught Basin,LTR,The Lord of the Rings: Tales of Middle-earth,238,normal,uncommon,1,82875,1500126f-fbe4-4c39-bb06-1a36e2c4682f,0.13,false,false,near_mint,en,USD,2026-08-04T06:49:40.517Z
collection,binder,Wizard's Rockets,LTR,The Lord of the Rings: Tales of Middle-earth,252,normal,common,2,82906,1c6ed742-dfb1-41e2-8f19-184555109e34,0.22,false,false,near_mint,en,USD,2026-08-04T06:49:40.518Z
collection,binder,Dire Mimic,CLB,Commander Legends: Battle for Baldur's Gate,310,normal,common,1,69088,6e29bae1-0643-4781-9edc-50a8e6d1a3a1,0.15,false,false,near_mint,en,USD,2026-08-04T06:49:40.525Z
collection,binder,Fraying Line,CLB,Commander Legends: Battle for Baldur's Gate,314,normal,rare,1,69105,75bf7702-c97d-4b88-b815-769c4906e014,0.27,false,false,near_mint,en,USD,2026-08-04T06:49:40.526Z
collection,binder,Universal Solvent,CLB,Commander Legends: Battle for Baldur's Gate,342,normal,common,1,69342,e142122f-3a04-436e-a958-dc2224b4fc6d,0.08,false,false,near_mint,en,USD,2026-08-04T06:49:40.529Z
collection,binder,Moss Diamond,CLB,Commander Legends: Battle for Baldur's Gate,448,foil,common,1,69146,89149fb5-3afd-4da0-9a44-9366feb20804,0.23,false,false,near_mint,en,USD,2026-08-04T06:49:40.530Z
collection,binder,Prophetic Prism,CLB,Commander Legends: Battle for Baldur's Gate,335,normal,common,1,68890,1b837b21-9165-4965-a7b5-c59811647951,0.18,false,false,near_mint,en,USD,2026-08-04T06:49:40.531Z
collection,binder,Dimir Signet,CLU,Ravnica: Clue Edition,221,normal,common,2,91186,c3af24ce-b1ab-4137-9222-a4080acae928,1.21,false,false,near_mint,en,USD,2026-08-04T06:49:40.532Z
collection,binder,Selesnya Signet,CLU,Ravnica: Clue Edition,227,normal,common,1,91241,dc137850-df52-400c-95e2-45bf25a3e62c,0.76,false,false,near_mint,en,USD,2026-08-04T06:49:40.533Z
collection,binder,Bounty Board,OTC,Outlaws of Thunder Junction Commander,37,normal,rare,1,93538,2570aa04-27ac-406c-b1c8-5d84f7daf693,2.0,false,false,near_mint,en,USD,2026-08-04T06:49:40.534Z
collection,binder,Nimblewright Schematic,CLB,Commander Legends: Battle for Baldur's Gate,330,normal,common,1,68953,34282856-c0f1-4845-bfc8-537466c6a5bb,0.17,false,false,near_mint,en,USD,2026-08-04T06:49:40.535Z
collection,binder,Survivor's Med Kit,PIP,Fallout,144,normal,uncommon,1,92544,a2f30a39-aad3-45da-8f03-50b1d1806b00,0.32,false,false,near_mint,en,USD,2026-08-04T06:49:40.536Z
collection,binder,Universal Solvent,CMR,Commander Legends,347,normal,common,1,55862,bbe257c5-d2f8-4a4f-bf74-f6dc4b6861e4,0.08,false,false,near_mint,en,USD,2026-08-04T06:49:40.537Z
collection,binder,Jalum Tome,CMR,Commander Legends,318,normal,common,1,56022,24814552-c407-447a-a782-22c69c5b912b,0.16,false,false,near_mint,en,USD,2026-08-04T06:49:40.538Z
collection,binder,Boarded Window,VOW,Innistrad: Crimson Vow,253,foil,uncommon,1,64464,f02cf94c-94d3-4c4c-a7ae-b4d48ef5b14e,0.16,false,false,near_mint,en,USD,2026-08-04T06:49:40.539Z
collection,binder,Boom Box,OTJ,Outlaws of Thunder Junction,241,normal,uncommon,1,93405,ea61d964-6d73-422e-9e08-360ac66f237a,0.16,false,false,near_mint,en,USD,2026-08-04T06:49:40.543Z
collection,binder,Contagion Clasp,PIP,Fallout,229,normal,uncommon,1,91862,0a5bd288-0488-4354-a201-717bdaa10d44,0.47,false,false,near_mint,en,USD,2026-08-04T06:49:40.544Z
collection,binder,Talisman of Dominance,PIP,Fallout,246,normal,uncommon,1,92158,4f294565-2bbc-49c6-9777-42160c0afe3e,2.16,false,false,near_mint,en,USD,2026-08-04T06:49:40.545Z
collection,binder,Talisman of Resilience,PIP,Fallout,250,normal,uncommon,1,92156,4ebf1082-624c-4b9d-a57f-672ccbef4987,0.67,false,false,near_mint,en,USD,2026-08-04T06:49:40.546Z
collection,binder,Tyrant's Machine,M15,Magic 2015,238,normal,common,1,13614,088045cd-8aec-43ff-bb8f-d17927b79cfb,0.14,false,false,near_mint,en,USD,2026-08-04T06:49:40.548Z
collection,binder,Expert-Level Safe,PIP,Fallout,133,normal,uncommon,1,92131,499f4bdc-8b6a-4e87-92fd-8368537a6ced,0.24,false,false,near_mint,en,USD,2026-08-04T06:49:40.549Z
collection,binder,C.A.M.P.,PIP,Fallout,129,normal,uncommon,1,91827,034d4543-2c53-4cda-acfd-7f26b8dd17fb,0.33,false,false,near_mint,en,USD,2026-08-04T06:49:40.550Z
collection,binder,Talisman of Creativity,PIP,Fallout,244,normal,uncommon,1,92418,89d318b7-5c82-40a7-a63e-d8e72938624f,2.81,false,false,near_mint,en,USD,2026-08-04T06:49:40.551Z
collection,binder,Talisman of Progress,PIP,Fallout,249,normal,uncommon,1,92029,3290b095-7f4f-452d-b54d-b4290d182c8d,0.41,false,false,near_mint,en,USD,2026-08-04T06:49:40.552Z
collection,binder,Mind Stone,PIP,Fallout,235,normal,uncommon,1,92618,b88baf29-a556-4e89-8471-9ba9bc8efe2c,0.32,false,false,near_mint,en,USD,2026-08-04T06:49:40.553Z
collection,binder,Everflowing Chalice,PIP,Fallout,230,normal,uncommon,1,92637,bd6be33e-1a5b-482c-a444-3e8ab98d591d,0.39,false,false,near_mint,en,USD,2026-08-04T06:49:40.554Z
collection,binder,Wayfarer's Bauble,CLB,Commander Legends: Battle for Baldur's Gate,344,normal,common,1,69248,b865d247-fe0a-4583-b088-ae900ffe521b,0.38,false,false,near_mint,en,USD,2026-08-04T06:49:40.555Z
collection,binder,Cryptex,MKM,Murders at Karlov Manor,251,normal,rare,1,91323,f92a2563-6cfb-4d12-9513-b44d1a7a20ab,0.15,false,false,near_mint,en,USD,2026-08-04T06:49:40.556Z
collection,binder,Three Bowls of Porridge,WOE,Wilds of Eldraine,253,normal,uncommon,1,85624,a508e040-d1e5-46aa-8404-1adc18f0f8bd,0.17,false,false,near_mint,en,USD,2026-08-04T06:49:40.557Z
collection,binder,Idol of Oblivion,OTC,Outlaws of Thunder Junction Commander,258,normal,rare,1,93943,fa0e1874-d172-42dd-bebc-5e2c2d3e0b6d,1.75,false,false,near_mint,en,USD,2026-08-04T06:49:40.558Z
collection,binder,Dimir Cluestone,DGM,Dragon's Maze,138,normal,common,1,16327,0d8ac24f-3309-453a-b2d6-6363df9a1ddd,0.15,false,false,near_mint,en,USD,2026-08-04T06:49:40.559Z
collection,binder,Heraldic Banner,FDN,Foundations,254,normal,uncommon,1,100678,743ea709-dbb3-4db8-a2ce-544f47eb6339,0.37,false,false,near_mint,en,USD,2026-08-04T06:49:40.561Z
collection,binder,Gilded Lotus,FDN,Foundations,725,foil,rare,1,100962,aa5e88f1-0ddf-45d7-bbd0-baa88d121867,0.56,false,false,near_mint,en,USD,2026-08-04T06:49:40.562Z
collection,binder,Sol Ring,FDC,Foundations Commander,2,foil,uncommon,1,100250,219210d3-263c-41c4-9211-0e59b2d4ccf3,1.53,false,false,near_mint,en,USD,2026-08-04T06:49:40.563Z
collection,binder,Ravenous Amulet,FDN,Foundations,131,normal,uncommon,1,100744,80cadee5-6f26-4440-ad31-a8e573a90436,0.17,false,false,near_mint,en,USD,2026-08-04T06:49:40.564Z
collection,binder,Expedition Map,FDN,Foundations,724,foil,common,1,100130,08e66835-c228-48fa-bcaa-eb96edbd4f5a,0.85,false,false,near_mint,en,USD,2026-08-04T06:49:40.565Z
collection,binder,Hedron Archive,FDN,Foundations,726,foil,uncommon,1,100513,535b9ac6-dba2-4162-86ed-df3e9fad0306,0.23,false,false,near_mint,en,USD,2026-08-04T06:49:40.566Z
collection,binder,Arcane Signet,FDC,Foundations Commander,1,foil,uncommon,1,100713,7b4b3e1c-1dc4-46d9-9234-f9d1d2ebb8f8,0.57,false,false,near_mint,en,USD,2026-08-04T06:49:40.567Z
collection,binder,Witch's Oven,PLST,The List,ELD-237,normal,uncommon,1,63894,bdc054fd-bfeb-4fee-8f8a-81b864ea0be1,2.05,false,false,near_mint,en,USD,2026-08-04T06:49:40.568Z
collection,binder,Prophetic Prism,J25,Foundations Jumpstart,758,normal,common,1,100275,261d621b-4dc3-49a0-a08b-40618270bec6,0.29,false,false,near_mint,en,USD,2026-08-04T06:49:40.570Z
collection,binder,Guardian Idol,J25,Foundations Jumpstart,753,normal,uncommon,1,100177,1537f377-64c3-4c3b-a276-28d8234c029b,0.33,false,false,near_mint,en,USD,2026-08-04T06:49:40.571Z
collection,binder,Honored Heirloom,VOW,Innistrad: Crimson Vow,257,foil,common,1,64422,d3390e4d-9137-40ff-b998-bdb19c90b7d5,0.19,false,false,near_mint,en,USD,2026-08-04T06:49:40.572Z
collection,binder,Dollhouse of Horrors,VOW,Innistrad: Crimson Vow,255,normal,rare,1,64158,396abc9e-a738-430d-85cc-448ace2548f9,0.31,false,false,near_mint,en,USD,2026-08-04T06:49:40.574Z
collection,binder,Séance Board,DSC,Duskmourn: House of Horror Commander,67,normal,rare,1,99308,b6ec7a70-dcd9-4210-9283-af848e638361,3.36,false,false,near_mint,en,USD,2026-08-04T06:49:40.579Z
collection,binder,Ichor Wellspring,BRR,The Brothers' War Retro Artifacts,21,normal,uncommon,1,75298,12402dc0-8eae-46e7-a09e-d06ea1670179,1.07,false,false,near_mint,en,USD,2026-08-04T06:49:40.581Z
collection,binder,Sorcerous Spyglass,LCI,The Lost Caverns of Ixalan,261,foil,uncommon,1,88311,194b7899-6b44-4ecc-8ddc-ec24304eb14c,0.2,false,false,near_mint,en,USD,2026-08-04T06:49:40.583Z
collection,binder,Engineered Explosives,MB2,Mystery Booster 2,218,normal,rare,1,97151,feaba0f4-de2b-46a5-a728-04c8d699c523,4.98,false,false,near_mint,en,USD,2026-08-04T06:49:40.585Z
collection,binder,Emerald Medallion,MH3,Modern Horizons 3,291,normal,rare,1,94464,5ddf44fe-9e4e-42a6-a6f8-11ada3ce8a94,4.0,false,false,near_mint,en,USD,2026-08-04T06:49:40.586Z
collection,binder,Door to Nothingness,BRR,The Brothers' War Retro Artifacts,14,normal,rare,1,75781,caec3c43-1224-4530-90ed-10c81699fb7d,0.38,false,false,near_mint,en,USD,2026-08-04T06:49:40.590Z
collection,binder,Component Pouch,AFC,Forgotten Realms Commander,59,normal,uncommon,1,60555,8aa4eacb-48d8-49a1-90dd-042f3f1f75bb,4.63,false,false,near_mint,en,USD,2026-08-04T06:49:40.591Z
collection,binder,Azorius Signet,DSC,Duskmourn: House of Horror Commander,240,normal,uncommon,1,99052,10f8b8fa-1d6e-4b5d-a871-914aa8b26ae6,0.35,false,false,near_mint,en,USD,2026-08-04T06:49:40.592Z
collection,binder,Brainstone,DSC,Duskmourn: House of Horror Commander,242,normal,uncommon,1,99199,6e86ad39-2a90-466d-b188-056216429f4e,0.27,false,false,near_mint,en,USD,2026-08-04T06:49:40.593Z
collection,binder,Timeless Lotus,DMU,Dominaria United,239,normal,mythic,1,71527,6f566387-3342-4325-ba4c-eee7626072ac,4.76,false,false,near_mint,en,USD,2026-08-04T06:49:40.594Z
collection,binder,Stonespeaker Crystal,CLB,Commander Legends: Battle for Baldur's Gate,450,normal,uncommon,1,69108,7654eb50-4ac1-4388-aea6-373aa2b361ae,0.29,false,false,near_mint,en,USD,2026-08-04T06:49:40.595Z
collection,binder,Chromatic Star,BRR,The Brothers' War Retro Artifacts,74,normal,uncommon,1,75936,1ef87e14-f536-4a2e-b834-55ed0e055800,0.34,false,false,near_mint,en,USD,2026-08-04T06:49:40.597Z
collection,binder,Eye of Vecna,AFR,Adventures in the Forgotten Realms,393,foil,rare,1,60269,69f305d0-f610-400d-a365-6d9afcfb6ab8,0.8,false,false,near_mint,en,USD,2026-08-04T06:49:40.598Z
collection,binder,Thorn of Amethyst,BRR,The Brothers' War Retro Artifacts,60,normal,rare,1,75830,ded2a5ad-c12a-4442-bd67-cfdc648978c9,0.68,false,false,near_mint,en,USD,2026-08-04T06:49:40.599Z
collection,binder,Ruby Medallion,MH3,Modern Horizons 3,295,foil,rare,1,94477,630febf5-58ff-4dab-a5a8-575ebc5435a6,14.48,false,false,near_mint,en,USD,2026-08-04T06:49:40.601Z
collection,binder,Jet Medallion,MH3,Modern Horizons 3,292,normal,rare,1,94632,d423365c-a32c-4060-b178-3221e3200387,12.23,false,false,near_mint,en,USD,2026-08-04T06:49:40.602Z
collection,binder,Dragonstorm Globe,TDM,Tarkir: Dragonstorm,241,normal,common,1,104767,7f50aa6e-ce6a-4479-9725-202926245f2c,0.31,false,false,near_mint,en,USD,2026-08-04T06:49:40.603Z
collection,binder,Vexing Bauble,MH3,Modern Horizons 3,212,normal,uncommon,1,94391,29f11089-658f-42e6-aeb0-09b512ad2479,2.31,false,false,near_mint,en,USD,2026-08-04T06:49:40.604Z
collection,binder,Idol of False Gods,MH3,Modern Horizons 3,210,foil,uncommon,1,94636,d5e1ff6d-190a-497f-89c3-35e0979c93b5,0.34,false,false,near_mint,en,USD,2026-08-04T06:49:40.606Z
collection,binder,Boarded Window,INR,Innistrad Remastered,255,normal,uncommon,1,102458,21827378-cd7b-4be7-9a1f-bbe82885496d,0.17,false,false,near_mint,en,USD,2026-08-04T06:49:40.607Z
collection,binder,Chalice of Life // Chalice of Death,INR,Innistrad Remastered,257,normal,uncommon,1,102816,e432b156-baf0-48a1-b8fb-1aa18bfbf7de,0.37,false,false,near_mint,en,USD,2026-08-04T06:49:40.609Z
collection,binder,Angel's Tomb,INR,Innistrad Remastered,253,normal,uncommon,1,102738,b465d09e-efad-48b6-a89a-f7da0c572991,0.18,false,false,near_mint,en,USD,2026-08-04T06:49:40.610Z
collection,binder,Tamiyo's Journal,INR,Innistrad Remastered,272,normal,rare,1,102684,9602f893-38ad-4a24-be2a-c11c9b6aaf7f,3.4,false,false,near_mint,en,USD,2026-08-04T06:49:40.612Z
collection,binder,Cryptolith Fragment // Aurora of Emrakul,INR,Innistrad Remastered,260,normal,uncommon,1,102465,262b7b55-0b32-4c4f-a2ca-02f0b83fa7a2,0.26,false,false,near_mint,en,USD,2026-08-04T06:49:40.613Z
collection,binder,Angel's Tomb,INR,Innistrad Remastered,253,foil,uncommon,1,102738,b465d09e-efad-48b6-a89a-f7da0c572991,0.18,false,false,near_mint,en,USD,2026-08-04T06:49:40.614Z
collection,binder,Arcane Signet,DRC,Aetherdrift Commander,52,normal,common,1,102888,0422cfdd-0a7c-4097-8655-b074cd8fd713,0.5,false,false,near_mint,en,USD,2026-08-04T06:49:40.615Z
collection,binder,Soul Separator,INR,Innistrad Remastered,270,normal,uncommon,1,102801,d9357606-e192-47e8-b9cd-e1a567903754,0.13,false,false,near_mint,en,USD,2026-08-04T06:49:40.616Z
collection,binder,Decoction Module,DRC,Aetherdrift Commander,128,normal,uncommon,1,102909,0e63512b-32a4-495a-8f8d-273e74505995,0.26,false,false,near_mint,en,USD,2026-08-04T06:49:40.617Z
collection,binder,Commander's Sphere,DRC,Aetherdrift Commander,125,normal,common,1,102989,3adcc4c3-9305-4394-a64f-fd0fa107cbf9,0.4,false,false,near_mint,en,USD,2026-08-04T06:49:40.618Z
collection,binder,Worn Powerstone,LTC,Tales of Middle-earth Commander,293,normal,uncommon,1,82980,329342a8-5708-4332-868a-7410d7461647,0.43,false,false,near_mint,en,USD,2026-08-04T06:49:40.619Z
collection,binder,Basalt Monolith,LTC,Tales of Middle-earth Commander,274,normal,uncommon,1,83321,97d8dbc9-d9f3-4e8e-95d2-27917c152a29,4.95,false,false,near_mint,en,USD,2026-08-04T06:49:40.620Z
collection,binder,Commander's Sphere,LTC,Tales of Middle-earth Commander,276,normal,common,1,83147,6620b4a3-fa33-4bd7-9180-314919d8ea2a,0.29,false,false,near_mint,en,USD,2026-08-04T06:49:40.621Z
collection,binder,Everflowing Chalice,LTC,Tales of Middle-earth Commander,278,normal,uncommon,1,82876,156464e7-3bb1-465f-939c-a9d290dc3ebc,0.36,false,false,near_mint,en,USD,2026-08-04T06:49:40.622Z
collection,binder,Sol Ring,DRC,Aetherdrift Commander,57,normal,uncommon,1,103269,c946b161-0e4f-4c0a-a075-cdcf05504d0b,1.63,false,false,near_mint,en,USD,2026-08-04T06:49:40.624Z
collection,binder,Solar Transformer,DRC,Aetherdrift Commander,137,normal,uncommon,1,103382,fbc1c8dd-ea66-4dc3-8444-9f20758a45f7,0.22,false,false,near_mint,en,USD,2026-08-04T06:49:40.627Z
collection,binder,Soul-Guide Lantern,DRC,Aetherdrift Commander,139,normal,uncommon,1,103089,6a0f5301-0af9-496d-b55d-6bb5518b009c,0.24,false,false,near_mint,en,USD,2026-08-04T06:49:40.628Z
collection,binder,Fountain of Youth,DRK,The Dark,103,normal,uncommon,1,40400,2b60eb23-cb9a-4203-86fb-60e47dbd870b,3.29,false,false,near_mint,en,USD,2026-08-04T06:49:40.632Z
collection,binder,Howling Mine,6ED,Classic Sixth Edition,290,normal,rare,1,35088,649a6afe-c030-458c-8cc5-5051e0cd6fd2,6.14,false,false,near_mint,en,USD,2026-08-04T06:49:40.633Z
collection,binder,The Hive,3ED,Revised Edition,277,normal,rare,1,41148,09b82c6b-9b14-4607-95d5-2964b926ec37,0.84,false,false,near_mint,en,USD,2026-08-04T06:49:40.634Z
collection,binder,Reflecting Mirror,DRK,The Dark,106,normal,uncommon,1,40397,d551ff93-d8da-4c21-bc3c-6451c0dde07e,1.2,false,false,near_mint,en,USD,2026-08-04T06:49:40.637Z
collection,binder,Arcum's Whistle,ICE,Ice Age,311,normal,uncommon,1,39498,73c07c87-0e44-4a5a-92b7-728350cd02de,0.22,false,false,near_mint,en,USD,2026-08-04T06:49:40.638Z
collection,binder,Mana Prism,MIR,Mirage,308,normal,uncommon,1,38282,81137c17-18b8-484e-8334-28f143c08177,0.18,false,false,near_mint,en,USD,2026-08-04T06:49:40.640Z
collection,binder,Chimeric Sphere,WTH,Weatherlight,148,normal,uncommon,1,37149,cc96857c-b38e-4614-9838-cacd3700e3ee,0.15,false,false,near_mint,en,USD,2026-08-04T06:49:40.642Z
collection,binder,Wheel of Torture,PLST,The List,ULG-138,normal,rare,1,83908,356ad904-a604-44ee-b78e-350617d46160,1.86,false,false,near_mint,en,USD,2026-08-04T06:49:40.645Z
collection,binder,Black Vise,3ED,Revised Edition,236,normal,uncommon,1,41189,1bae1867-d5bb-4204-9fb1-59d6663bc161,2.37,false,false,near_mint,en,USD,2026-08-04T06:49:40.646Z
collection,binder,Sol Ring,3ED,Revised Edition,274,normal,uncommon,1,41151,803fd65f-4ca6-4fe4-abc2-72aa32ebb3a5,27.72,false,false,near_mint,en,USD,2026-08-04T06:49:40.647Z
collection,binder,Ivory Tower,3ED,Revised Edition,254,normal,rare,1,41171,2bd6f6a8-153f-4263-941a-e3387c2a22ad,3.38,false,false,near_mint,en,USD,2026-08-04T06:49:40.648Z
collection,binder,Black Vise,4ED,Fourth Edition,299,normal,uncommon,1,39888,196b83a1-2a25-498d-83b8-8faacd79909d,3.2,false,false,near_mint,en,USD,2026-08-04T06:49:40.650Z
collection,binder,Feldon's Cane,5ED,Fifth Edition,368,normal,uncommon,1,37638,030301c9-b576-43ba-b05a-a52904c92be9,0.42,false,false,near_mint,en,USD,2026-08-04T06:49:40.651Z
collection,binder,Jayemdae Tome,4ED,Fourth Edition,331,normal,rare,1,39856,4009fceb-9140-457b-b980-875f6a2f70fd,0.46,false,false,near_mint,en,USD,2026-08-04T06:49:40.653Z
collection,binder,Scarab of the Unseen,ALL,Alliances,128,normal,uncommon,1,38676,d5da1c71-6059-4e4e-933d-dbca1cc4bd15,0.24,false,false,near_mint,en,USD,2026-08-04T06:49:40.656Z
collection,binder,Mind Stone,WTH,Weatherlight,153,normal,common,1,37144,162e81d3-6cd4-4cb8-8ed8-cfbd8d34ca71,1.62,false,false,near_mint,en,USD,2026-08-04T06:49:40.657Z
collection,binder,Jester's Cap,ICE,Ice Age,324,normal,rare,1,39485,47ac44d0-8090-4e7b-ac47-c567294f185e,15.59,false,false,near_mint,en,USD,2026-08-04T06:49:40.659Z
collection,binder,Sunglasses of Urza,4ED,Fourth Edition,347,normal,rare,1,39840,6a225462-947c-49d7-81b2-91f875664dca,0.68,false,false,near_mint,en,USD,2026-08-04T06:49:40.660Z
collection,binder,Fountain of Youth,6ED,Classic Sixth Edition,286,normal,uncommon,1,35091,c40eed5d-adc2-469b-9a17-e368e8ebc34f,0.37,false,false,near_mint,en,USD,2026-08-04T06:49:40.665Z
collection,binder,The Hive,4ED,Fourth Edition,351,normal,rare,1,39836,f9d01a2e-2687-4b37-aed6-63202cd81231,0.32,false,false,near_mint,en,USD,2026-08-04T06:49:40.670Z
collection,binder,Icy Manipulator,ICE,Ice Age,322,normal,uncommon,1,39487,1eda936f-7691-4440-9b83-eb0c6035b109,2.35,false,false,near_mint,en,USD,2026-08-04T06:49:40.672Z
collection,binder,Rocket Launcher,3ED,Revised Edition,272,normal,rare,1,41153,919f184b-421c-413c-a95c-05bb145f93ba,1.07,false,false,near_mint,en,USD,2026-08-04T06:49:40.673Z
collection,binder,Vexing Arcanix,ICE,Ice Age,344,normal,rare,1,39465,0c9ea118-6a19-4e1b-aa5a-9b2729efc096,0.45,false,false,near_mint,en,USD,2026-08-04T06:49:40.674Z
collection,binder,Thran Tome,WTH,Weatherlight,160,normal,rare,1,37137,63db7360-fe6e-430f-bfee-a2f80bcb6fec,0.69,false,false,near_mint,en,USD,2026-08-04T06:49:40.681Z
collection,binder,Thran Forge,WTH,Weatherlight,159,normal,uncommon,1,37138,b9c9691b-bee8-4251-8275-5f6ba14a8ecd,0.29,false,false,near_mint,en,USD,2026-08-04T06:49:40.682Z
collection,binder,Howling Mine,4ED,Fourth Edition,325,normal,rare,2,39862,a4df1be4-364e-4582-929a-05f2905f8ce6,5.44,false,false,near_mint,en,USD,2026-08-04T06:49:40.686Z
collection,binder,Dark Sphere,DRK,The Dark,100,normal,uncommon,1,40403,72cfe9b9-677d-4ecb-83ab-67fb6481371d,7.43,false,false,near_mint,en,USD,2026-08-04T06:49:40.687Z
collection,binder,Skull of Orm,DRK,The Dark,109,normal,uncommon,1,40394,aa1d9bb5-972a-4705-bf22-0fa1e974dd26,3.3,false,false,near_mint,en,USD,2026-08-04T06:49:40.692Z
collection,binder,Gustha's Scepter,ALL,Alliances,120,normal,rare,1,38685,797c84fa-3704-4fec-bd72-468d6415ae70,8.13,false,false,near_mint,en,USD,2026-08-04T06:49:40.694Z
collection,binder,Library of Leng,4ED,Fourth Edition,333,normal,uncommon,1,39854,b811a515-87a2-4dee-8689-48bfba12e6c5,3.41,false,false,near_mint,en,USD,2026-08-04T06:49:40.700Z
collection,binder,Basalt Monolith,3ED,Revised Edition,235,normal,uncommon,1,41190,4f0b7b8e-45b0-4947-9a95-bccc6b725a37,4.74,false,false,near_mint,en,USD,2026-08-04T06:49:40.707Z
collection,binder,Charcoal Diamond,MIR,Mirage,296,normal,uncommon,1,38294,2a81b3f1-babc-4bd7-8b87-754c8389ae85,2.6,false,false,near_mint,en,USD,2026-08-04T06:49:40.718Z
collection,binder,Howling Mine,5ED,Fifth Edition,377,normal,rare,1,37629,8a50b3bd-81b0-408d-ab73-9eadd2fb1eae,7.49,false,false,near_mint,en,USD,2026-08-04T06:49:40.719Z
collection,binder,Sky Diamond,CLB,Commander Legends: Battle for Baldur's Gate,449,normal,common,2,68946,32b21297-be34-445e-8a5a-6c297ab0ee77,0.24,false,false,near_mint,en,USD,2026-08-04T06:49:40.458Z
collection,binder,Arcane Encyclopedia,CLB,Commander Legends: Battle for Baldur's Gate,297,normal,uncommon,2,68818,00ff4cb8-a0e0-4527-a77d-03394065ffe0,0.21,false,false,near_mint,en,USD,2026-08-04T06:49:40.462Z
collection,binder,Honored Heirloom,VOW,Innistrad: Crimson Vow,257,normal,common,4,64422,d3390e4d-9137-40ff-b998-bdb19c90b7d5,0.16,false,false,near_mint,en,USD,2026-08-04T06:49:40.464Z
collection,binder,Mind Stone,CLB,Commander Legends: Battle for Baldur's Gate,325,normal,uncommon,2,68882,1969ddc0-ee6c-4c3d-a9dd-7f1c491609be,0.33,false,false,near_mint,en,USD,2026-08-04T06:49:40.465Z
collection,binder,Fire Diamond,CLB,Commander Legends: Battle for Baldur's Gate,445,normal,common,2,69129,81fa8865-c600-4d8d-976d-789cd565802e,0.26,false,false,near_mint,en,USD,2026-08-04T06:49:40.467Z
collection,binder,Marble Diamond,CLB,Commander Legends: Battle for Baldur's Gate,446,normal,common,3,69349,e5c6efa9-f198-4d8c-8a30-36a620679477,0.15,false,false,near_mint,en,USD,2026-08-04T06:49:40.472Z
collection,binder,Moss Diamond,CLB,Commander Legends: Battle for Baldur's Gate,448,normal,common,4,69146,89149fb5-3afd-4da0-9a44-9366feb20804,0.2,false,false,near_mint,en,USD,2026-08-04T06:49:40.473Z
collection,binder,Fountainport Bell,BLB,Bloomburrow,245,normal,common,2,96094,a5c94bc0-a49d-451b-8e8d-64d46b8b8603,0.21,false,false,near_mint,en,USD,2026-08-04T06:49:40.481Z
collection,binder,Network Terminal,NEO,Kamigawa: Neon Dynasty,251,normal,common,4,66917,d61e596f-97ef-4eb3-af42-ddfe50d07667,0.22,false,false,near_mint,en,USD,2026-08-04T06:49:40.507Z
collection,binder,Ecologist's Terrarium,NEO,Kamigawa: Neon Dynasty,246,normal,common,7,66855,1d981026-b2df-4d8d-a9b4-296b011d9925,0.22,false,false,near_mint,en,USD,2026-08-04T06:49:40.508Z
collection,binder,Ticket Turbotubes,UNF,Unfinity,194,normal,common,4,73133,6086ebe1-a8d4-4fd4-8d68-487553ce1405,0.05,false,false,near_mint,en,USD,2026-08-04T06:49:40.519Z
collection,binder,Mind Stone,LTC,Tales of Middle-earth Commander,282,normal,uncommon,2,82929,23dd6cb6-31ee-467e-9f67-39046197bcb6,0.35,false,false,near_mint,en,USD,2026-08-04T06:49:40.540Z
collection,binder,Boarded Window,VOW,Innistrad: Crimson Vow,253,normal,uncommon,3,64464,f02cf94c-94d3-4c4c-a7ae-b4d48ef5b14e,0.15,false,false,near_mint,en,USD,2026-08-04T06:49:40.541Z
collection,binder,Bandit's Haul,OTJ,Outlaws of Thunder Junction,240,normal,uncommon,2,93197,68b2e74b-933b-4285-963b-dda3a986a914,0.23,false,false,near_mint,en,USD,2026-08-04T06:49:40.542Z
collection,binder,Throne of the Grim Captain // The Grim Captain,LCI,The Lost Caverns of Ixalan,266,normal,rare,2,88867,c13e8e3d-2a6b-4782-a3c9-71af7336a881,0.26,false,false,near_mint,en,USD,2026-08-04T06:49:40.582Z
collection,binder,Smoke Bomb,ACR,Assassin's Creed,75,normal,uncommon,2,95351,4330d8ce-3b82-4297-ad5f-c63b54b6665a,0.4,false,false,near_mint,en,USD,2026-08-04T06:49:40.587Z
collection,binder,Traveler's Amulet,INR,Innistrad Remastered,273,normal,common,3,102467,26a7e5f0-0d60-4118-ad10-b27c7382511a,0.17,false,false,near_mint,en,USD,2026-08-04T06:49:40.605Z
collection,binder,Bumbleflower's Sharepot,BLB,Bloomburrow,244,normal,common,2,95924,5f0affd5-5dcd-4dd1-a694-37a9aedf4084,0.24,false,false,near_mint,en,USD,2026-08-04T06:49:40.625Z
collection,binder,Crown of the Ages,ICE,Ice Age,315,normal,rare,3,39494,fce2991f-48e1-4cfe-af0a-18b6d9400493,0.61,false,false,near_mint,en,USD,2026-08-04T06:49:40.635Z
collection,binder,Book of Rass,CHR,Chronicles,95,normal,rare,3,39331,820a9c79-5e0b-4959-9ff0-0dc6f2f632c5,0.46,false,false,near_mint,en,USD,2026-08-04T06:49:40.636Z
collection,binder,Elkin Bottle,ICE,Ice Age,317,normal,rare,5,39492,49301c19-55a0-4146-9474-0b86cd320e31,0.46,false,false,near_mint,en,USD,2026-08-04T06:49:40.639Z
collection,binder,Skull Catapult,ICE,Ice Age,336,normal,uncommon,4,39473,eb92a3e6-dc30-4a08-baba-e125290cadc5,0.24,false,false,near_mint,en,USD,2026-08-04T06:49:40.641Z
collection,binder,Whirling Catapult,ALL,Alliances,136,normal,uncommon,2,38666,6206d65a-6907-4d11-acb0-8820277f2cf2,0.15,false,false,near_mint,en,USD,2026-08-04T06:49:40.643Z
collection,binder,Jeweled Amulet,ICE,Ice Age,326,normal,uncommon,4,39483,34f7bad2-d28f-42d2-9246-fe3545ef49a7,8.47,false,false,near_mint,en,USD,2026-08-04T06:49:40.644Z
collection,binder,Nevinyrral's Disk,ATH,Anthologies,69,normal,rare,3,35549,c7882094-1a07-4b1e-a564-03703a667c4c,2.72,false,false,near_mint,en,USD,2026-08-04T06:49:40.649Z
collection,binder,Millstone,3ED,Revised Edition,265,normal,rare,8,41160,21aabfa6-c299-4cf8-b8b5-097ef6f4029a,2.74,false,false,near_mint,en,USD,2026-08-04T06:49:40.654Z
collection,binder,Urza's Bauble,ICE,Ice Age,343,normal,uncommon,4,39466,58c9e9a7-e170-4361-b7d5-22fc0771c489,8.62,false,false,near_mint,en,USD,2026-08-04T06:49:40.658Z
collection,binder,Pit Trap,ICE,Ice Age,333,normal,uncommon,4,39476,c588fe7f-945d-4459-904c-67442f88b4e1,0.3,false,false,near_mint,en,USD,2026-08-04T06:49:40.662Z
collection,binder,Barbed Sextant,ICE,Ice Age,312,normal,common,4,39497,edb82654-de12-4dce-8c6b-f28d68f0fbe1,0.2,false,false,near_mint,en,USD,2026-08-04T06:49:40.664Z
collection,binder,Library of Leng,3ED,Revised Edition,261,normal,uncommon,3,41164,0634ab23-4691-4c77-9b8f-bfd9d99b31a1,6.41,false,false,near_mint,en,USD,2026-08-04T06:49:40.666Z
collection,binder,Fountain of Youth,CHR,Chronicles,98,normal,common,4,39328,813df533-934f-416d-b99b-4951431a8e1d,0.25,false,false,near_mint,en,USD,2026-08-04T06:49:40.667Z
collection,binder,Sunglasses of Urza,3ED,Revised Edition,276,normal,rare,2,41149,4babb2a9-b6b3-4a85-8add-90828726adb4,1.09,false,false,near_mint,en,USD,2026-08-04T06:49:40.678Z
collection,binder,Mystic Compass,ALL,Alliances,124,normal,uncommon,2,38681,de53ba3a-f2f7-4ea6-a2f6-dd5b87029e58,0.35,false,false,near_mint,en,USD,2026-08-04T06:49:40.690Z
collection,binder,Helm of Obedience,ALL,Alliances,121,normal,rare,3,38684,b17e9216-b1ed-4101-a04e-2bb139ccfa55,27.33,false,false,near_mint,en,USD,2026-08-04T06:49:40.703Z
collection,binder,Zuran Orb,ICE,Ice Age,350,normal,uncommon,2,39459,3a9d1082-a862-45d4-9e5e-392e879fead6,6.73,false,false,near_mint,en,USD,2026-08-04T06:49:40.704Z
collection,binder,Jayemdae Tome,ITP,Introductory Two-Player Set,51,normal,rare,2,38179,8362d7e3-64f1-48a7-b354-9729fc314a28,,false,false,near_mint,en,USD,2026-08-04T06:49:40.679Z
collection,binder,"Sarkhan, Fireblood",MB2,Mystery Booster 2,60,normal,mythic,1,96720,31b6b055-d233-42bb-baf9-9a339d25467c,0.45,false,false,near_mint,en,USD,2026-08-04T06:51:18.659Z
collection,binder,"Karn, the Great Creator",MB2,Mystery Booster 2,3,normal,rare,1,97113,ee243dbe-83ee-40af-8e26-c1528166ef5a,2.87,false,false,near_mint,en,USD,2026-08-04T06:51:18.660Z
collection,binder,"Saheeli, Sublime Artificer",DRC,Aetherdrift Commander,119,normal,uncommon,1,102963,2e7329c4-5803-43f0-a4b5-306fb77923b7,0.23,false,false,near_mint,en,USD,2026-08-04T06:51:18.661Z
collection,binder,"Minsc & Boo, Timeless Heroes",CLB,Commander Legends: Battle for Baldur's Gate,285,normal,mythic,2,67517,928036c9-11b8-493e-b9f2-8fbd3487cd19,3.44,false,false,near_mint,en,USD,2026-08-04T06:51:18.662Z
collection,binder,"Comet, Stellar Pup",MB2,Mystery Booster 2,79,normal,mythic,1,97021,c3385549-0342-4c51-9bae-888d34cf0087,2.53,false,false,near_mint,en,USD,2026-08-04T06:51:18.663Z
collection,binder,"Ob Nixilis, the Adversary",SNC,Streets of New Capenna,206,normal,mythic,1,67850,80226520-6b0a-48ea-a868-a29eb3fbd403,1.77,false,false,near_mint,en,USD,2026-08-04T06:51:18.664Z
collection,binder,"Garruk Relentless // Garruk, the Veil-Cursed",INR,Innistrad Remastered,197,normal,mythic,1,102582,6897514f-e396-46d6-91e3-158366c741bb,1.58,false,false,near_mint,en,USD,2026-08-04T06:51:18.666Z
collection,binder,"Arlinn, Voice of the Pack",PLST,The List,WAR-150,normal,uncommon,1,63937,d9db0113-b3e1-4bbf-a053-2311167f54a4,0.27,false,false,near_mint,en,USD,2026-08-04T06:51:18.667Z
collection,binder,Mordenkainen,AFR,Adventures in the Forgotten Realms,283,normal,mythic,1,60368,a8df51c3-cd9c-45eb-ac70-d13976e0e1c4,1.18,false,false,near_mint,en,USD,2026-08-04T06:51:18.668Z
collection,binder,"Kasmina, Enigmatic Mentor",PLST,The List,WAR-56,normal,uncommon,1,59023,bf793e51-1e92-41ab-8516-dd78df5e1ca0,0.22,false,false,near_mint,en,USD,2026-08-04T06:51:18.669Z
collection,binder,"Elspeth, Sun's Champion",MKC,Murders at Karlov Manor Commander,62,normal,mythic,1,90341,46dc2519-2729-4bbd-8892-fab6186bf116,1.95,false,false,near_mint,en,USD,2026-08-04T06:51:18.670Z
collection,binder,The Wandering Emperor,NEO,Kamigawa: Neon Dynasty,42,normal,mythic,1,66482,fab2d8a9-ab4c-4225-a570-22636293c17d,4.02,false,false,near_mint,en,USD,2026-08-04T06:51:18.671Z
collection,binder,"Chandra, Torch of Defiance",SS3,Signature Spellbook: Chandra,1,normal,mythic,1,47412,c7bbb911-9de2-455d-9677-e1004db65dbd,2.53,false,false,near_mint,en,USD,2026-08-04T06:51:18.672Z
collection,binder,"Chandra, Dressed to Kill",VOW,Innistrad: Crimson Vow,149,normal,mythic,1,64249,681f7c73-92c6-47ba-af56-3ff032ac12da,1.82,false,false,near_mint,en,USD,2026-08-04T06:51:18.673Z
collection,binder,Meteor Golem,FDN,Foundations,256,normal,uncommon,1,101167,d291ea1e-36bc-46b3-b3ae-084fa0ba69eb,0.29,false,false,near_mint,en,USD,2026-08-04T07:06:28.356Z
collection,binder,Burnished Hart,FDN,Foundations,250,normal,uncommon,1,100609,65ebbff0-fbe6-4310-a33f-e00bb2534979,0.24,false,false,near_mint,en,USD,2026-08-04T07:06:28.357Z
collection,binder,Adaptive Automaton,FDN,Foundations,723,foil,rare,1,101259,e35e614c-51a9-4d5c-b7fa-1a0a87108785,0.37,false,false,near_mint,en,USD,2026-08-04T07:06:28.358Z
collection,binder,Shardless Outlander,J25,Foundations Jumpstart,28,normal,common,1,101392,fccb51a4-cb78-4437-b9ab-cc77736af561,0.24,false,false,near_mint,en,USD,2026-08-04T07:06:28.360Z
collection,binder,Ornithopter of Paradise,J25,Foundations Jumpstart,153,normal,common,1,100355,35e7c881-23a9-4703-b29f-a9e7a600e9e4,0.44,false,false,near_mint,en,USD,2026-08-04T07:06:28.361Z
collection,binder,Treasure Keeper,J25,Foundations Jumpstart,760,normal,uncommon,1,101307,ebc9c42d-035e-41e9-bf81-6dd15fedbc2e,0.28,false,false,near_mint,en,USD,2026-08-04T07:06:28.362Z
collection,binder,Chief of the Foundry,J25,Foundations Jumpstart,747,normal,uncommon,1,100373,39e20660-c7f6-4326-928d-cc71cc72a20c,0.29,false,false,near_mint,en,USD,2026-08-04T07:06:28.363Z
collection,binder,Eager Construct,J25,Foundations Jumpstart,749,normal,common,1,100685,75bcd27b-e530-4001-977b-0f563dcb8ed1,0.19,false,false,near_mint,en,USD,2026-08-04T07:06:28.364Z
collection,binder,Foreboding Statue // Forsaken Thresher,VOW,Innistrad: Crimson Vow,256,foil,uncommon,1,64348,a27b9d82-f613-4789-9e8b-f37db5597027,0.27,false,false,near_mint,en,USD,2026-08-04T07:06:28.365Z
collection,binder,Foreboding Statue // Forsaken Thresher,VOW,Innistrad: Crimson Vow,256,normal,uncommon,1,64348,a27b9d82-f613-4789-9e8b-f37db5597027,0.17,false,false,near_mint,en,USD,2026-08-04T07:06:28.367Z
collection,binder,Friendly Teddy,DSK,Duskmourn: House of Horror,247,normal,common,1,98860,82b142be-4586-487a-8dd8-a55eff776458,0.19,false,false,near_mint,en,USD,2026-08-04T07:06:28.369Z
collection,binder,Malevolent Chandelier,DSK,Duskmourn: House of Horror,252,normal,common,1,99015,ef09d296-4493-47f7-ad76-ad76c747df78,0.11,false,false,near_mint,en,USD,2026-08-04T07:06:28.370Z
collection,binder,Blitz Automaton,BRO,The Brothers' War,158,normal,common,1,75851,e4e5529a-848b-486c-97fb-1def35df7837,0.14,false,false,near_mint,en,USD,2026-08-04T07:06:28.372Z
collection,binder,Phyrexian Dragon Engine,BRO,The Brothers' War,163,normal,rare,1,75846,e2b826be-4256-4fd6-ad4d-6c80933ee940,0.97,false,false,near_mint,en,USD,2026-08-04T07:06:28.373Z
collection,binder,Spotter Thopter,BRO,The Brothers' War,80,normal,uncommon,1,75818,d90175ae-4109-4845-b3ff-1531fb67a0e1,0.09,false,false,near_mint,en,USD,2026-08-04T07:06:28.374Z
collection,binder,Oblivion Sower,OTC,Outlaws of Thunder Junction Commander,77,normal,mythic,1,93718,82bc94b5-8c22-4120-87ba-6125c62b271b,0.56,false,false,near_mint,en,USD,2026-08-04T07:06:28.376Z
collection,binder,Automatic Librarian,DMU,Dominaria United,229,normal,common,1,71513,6c3d7ece-0f57-4213-a0ab-a9d7c1536ebb,0.26,false,false,near_mint,en,USD,2026-08-04T07:06:28.377Z
collection,binder,Myr Convert,ONE,Phyrexia: All Will Be One,234,normal,uncommon,1,78731,9df0adcf-7ad0-4d70-8dcd-28f69471495b,0.34,false,false,near_mint,en,USD,2026-08-04T07:06:28.378Z
collection,binder,Walking Ballista,MB2,Mystery Booster 2,238,normal,rare,1,96647,0db963e2-38df-4036-a312-35854dc3521c,9.52,false,false,near_mint,en,USD,2026-08-04T07:06:28.379Z
collection,binder,Ornithopter of Paradise,PLST,The List,MH2-232,normal,common,1,98451,e49592e0-4dcf-4b95-9fcc-a9e1c5d5bb6f,0.43,false,false,near_mint,en,USD,2026-08-04T07:06:28.380Z
collection,binder,Circuit Mender,PLST,The List,NEO-242,normal,uncommon,1,98015,8f25cff7-fdda-4922-835f-7274205a5046,0.2,false,false,near_mint,en,USD,2026-08-04T07:06:28.382Z
collection,binder,Scrapwork Rager,PLST,The List,BRO-123,normal,common,1,98088,9d1f2544-bb56-44a8-af25-ae0e6bc69abb,0.04,false,false,near_mint,en,USD,2026-08-04T07:06:28.384Z
collection,binder,Glaring Fleshraker,MH3,Modern Horizons 3,7,normal,uncommon,1,94515,80c2a3c7-1486-4ff9-88ec-79ec67a437f8,0.86,false,false,near_mint,en,USD,2026-08-04T07:06:28.385Z
collection,binder,Jade-Cast Sentinel,TDM,Tarkir: Dragonstorm,243,normal,common,1,104293,516ce5fa-bd00-429b-ba22-b38c7dd9306c,0.21,false,false,near_mint,en,USD,2026-08-04T07:06:28.387Z
collection,binder,Embermouth Sentinel,TDM,Tarkir: Dragonstorm,242,normal,common,1,104606,485f75d5-da5b-4605-885a-561ccd999cc6,0.09,false,false,near_mint,en,USD,2026-08-04T07:06:28.388Z
collection,binder,Boulderborn Dragon,TDM,Tarkir: Dragonstorm,239,normal,common,1,104292,50c6e815-bfe7-4599-9227-d36504a3640f,0.19,false,false,near_mint,en,USD,2026-08-04T07:06:28.389Z
collection,binder,Behemoth of Vault 0,PIP,Fallout,127,normal,uncommon,1,92198,592d6e5b-a94e-460c-ab2f-21fd842c3d9a,0.34,false,false,near_mint,en,USD,2026-08-04T07:06:28.391Z
collection,binder,Warped Tusker,MH3,Modern Horizons 3,16,normal,common,1,94845,2b5f3a1a-8514-4598-be3d-c3be719f6951,0.14,false,false,near_mint,en,USD,2026-08-04T07:06:28.392Z
collection,binder,Galvanic Juggernaut,INR,Innistrad Remastered,263,normal,uncommon,1,102693,9cc1c735-22ad-4714-84e7-253df00941fa,0.09,false,false,near_mint,en,USD,2026-08-04T07:06:28.395Z
collection,binder,Wretched Gryff,INR,Innistrad Remastered,7,foil,common,1,102602,722b519a-715d-4393-9d3c-97f329896ef4,0.21,false,false,near_mint,en,USD,2026-08-04T07:06:28.397Z
collection,binder,Wild-Field Scarecrow,INR,Innistrad Remastered,447,normal,common,1,102646,84a33693-16a2-41a9-9b7c-4e5deb020634,0.2,false,false,near_mint,en,USD,2026-08-04T07:06:28.399Z
collection,binder,Epitaph Golem,INR,Innistrad Remastered,262,foil,common,1,102455,202125f5-9182-436f-86df-701cdc7e60ce,0.17,false,false,near_mint,en,USD,2026-08-04T07:06:28.400Z
collection,binder,Lupine Prototype,INR,Innistrad Remastered,267,normal,uncommon,1,102720,ae02ff5c-c667-4cb6-8bf4-8532d82c4fbf,0.22,false,false,near_mint,en,USD,2026-08-04T07:06:28.408Z
collection,binder,Geistcatcher's Rig,INR,Innistrad Remastered,264,normal,uncommon,1,102415,0b8f741c-919e-457d-8a02-c7282c1305ec,0.05,false,false,near_mint,en,USD,2026-08-04T07:06:28.413Z
collection,binder,Decimator of the Provinces,INR,Innistrad Remastered,2,normal,rare,1,102638,80fc51aa-64ca-4236-8cdb-670533b75f59,0.64,false,false,near_mint,en,USD,2026-08-04T07:06:28.415Z
collection,binder,Ornithopter of Paradise,DRC,Aetherdrift Commander,133,normal,common,1,103019,47c976ee-7eb3-42bb-8bfb-5eda12417e97,0.44,false,false,near_mint,en,USD,2026-08-04T07:06:28.416Z
collection,binder,Dune Mover,ONE,Phyrexia: All Will Be One,226,normal,common,1,78460,29d2c689-af37-433a-a012-e8d384702811,0.19,false,false,near_mint,en,USD,2026-08-04T07:06:28.419Z
collection,binder,Ashnod's Harvester,BRO,The Brothers' War,117,normal,uncommon,1,75473,58baa977-16c1-4983-8343-dbd65e98ddb7,0.12,false,false,near_mint,en,USD,2026-08-04T07:06:28.421Z
collection,binder,Hoverstone Pilgrim,LCI,The Lost Caverns of Ixalan,254,normal,uncommon,1,88817,af7e12ee-3db6-4df7-9859-7a8dee9171c7,0.16,false,false,near_mint,en,USD,2026-08-04T07:06:28.422Z
collection,binder,Perennial Behemoth,BRO,The Brothers' War,202,normal,rare,1,75529,6cb74e91-f7e5-49dd-8aa8-83a679f88a21,0.57,false,false,near_mint,en,USD,2026-08-04T07:06:28.423Z
collection,binder,Goring Warplow,BRO,The Brothers' War,120,normal,common,1,75667,9d927dfd-ae66-4235-a61b-39c85d0c1222,0.13,false,false,near_mint,en,USD,2026-08-04T07:06:28.424Z
collection,binder,Triplicate Titan,DRC,Aetherdrift Commander,143,normal,rare,1,102980,36726ee1-b960-4f85-b648-dd3fe0c38e6f,0.41,false,false,near_mint,en,USD,2026-08-04T07:06:28.425Z
collection,binder,Solemn Simulacrum,DRC,Aetherdrift Commander,138,normal,rare,1,102986,399d68b5-adeb-4a7c-99de-c1ea99b73fa1,0.37,false,false,near_mint,en,USD,2026-08-04T07:06:28.426Z
collection,binder,Duplicant,DRC,Aetherdrift Commander,54,normal,rare,1,103307,de6a3b58-ddb6-4524-9685-3a34a1fd9e8f,0.32,false,false,near_mint,en,USD,2026-08-04T07:06:28.427Z
collection,binder,Stridehangar Automaton,DRC,Aetherdrift Commander,19,normal,rare,1,103029,4c398d11-a2fc-43e2-96e9-7f3383e1a43c,2.62,false,false,near_mint,en,USD,2026-08-04T07:06:28.428Z
collection,binder,Bladegriff Prototype,OTC,Outlaws of Thunder Junction Commander,253,normal,rare,1,93448,0093bdcf-6626-40ab-9b87-8ab9e4a306a4,0.35,false,false,near_mint,en,USD,2026-08-04T07:06:28.429Z
collection,binder,Drillworks Mole,CLB,Commander Legends: Battle for Baldur's Gate,311,normal,uncommon,1,69175,9803002e-08f8-4533-b645-7e54d18bbc54,0.26,false,false,near_mint,en,USD,2026-08-04T07:06:28.430Z
collection,binder,Burnished Hart,CLB,Commander Legends: Battle for Baldur's Gate,303,normal,uncommon,1,69178,98c3f711-7191-4621-b36e-6c1e281216e2,0.18,false,false,near_mint,en,USD,2026-08-04T07:06:28.431Z
collection,binder,Three Tree Mascot,FDN,Foundations,682,normal,common,1,100412,40b8bf3a-1cb5-4ce2-ac25-9410f17130de,0.13,false,false,near_mint,en,USD,2026-08-04T07:06:28.433Z
collection,binder,Gate Colossus,FDN,Foundations,675,normal,uncommon,1,101068,bc49d9cb-8c7a-4a8f-96ea-bbe6ade8ae00,0.12,false,false,near_mint,en,USD,2026-08-04T07:06:28.434Z
collection,binder,Diamond Mare,FDN,Foundations,672,normal,uncommon,1,100669,721463ad-9531-487f-bd82-5e638c4fc35f,0.18,false,false,near_mint,en,USD,2026-08-04T07:06:28.435Z
collection,binder,Steel Hellkite,FDN,Foundations,681,normal,rare,1,100838,931ad21b-a6bb-4a89-8d6f-80adfcf126c7,0.18,false,false,near_mint,en,USD,2026-08-04T07:06:28.436Z
collection,binder,Darksteel Colossus,FDN,Foundations,671,normal,mythic,1,100660,70197723-c61b-4600-b61d-41380c8f3067,0.99,false,false,near_mint,en,USD,2026-08-04T07:06:28.437Z
collection,binder,Marching Duodrone,CLB,Commander Legends: Battle for Baldur's Gate,321,normal,common,1,69131,822e46fc-1ebc-4151-bfd3-333fa6b77816,0.16,false,false,near_mint,en,USD,2026-08-04T07:06:28.438Z
collection,binder,Bronze Sable,M15,Magic 2015,214,normal,common,1,13638,e8ba6d7d-fad0-4af1-be12-44be326a031e,0.08,false,false,near_mint,en,USD,2026-08-04T07:06:28.442Z
collection,binder,Guardians of Meletis,THS,Theros,217,normal,common,1,15447,85284586-7a9d-4344-aebd-f0e072c1f266,0.15,false,false,near_mint,en,USD,2026-08-04T07:06:28.443Z
collection,binder,Juggernaut,M15,Magic 2015,220,normal,uncommon,1,13632,7bc014e5-21a3-4023-a8ed-61329a96fb4e,0.25,false,false,near_mint,en,USD,2026-08-04T07:06:28.444Z
collection,binder,Warden of Geometries,OGW,Oath of the Gatewatch,11,normal,common,1,9371,c7f517b9-ac10-4710-8ef1-ced1253d5ecf,0.32,false,false,near_mint,en,USD,2026-08-04T07:06:28.446Z
collection,binder,Hedron Crawler,OGW,Oath of the Gatewatch,164,normal,common,1,9218,9f827f92-1df6-4fd0-aa61-ec2e53476f9c,0.24,false,false,near_mint,en,USD,2026-08-04T07:06:28.447Z
collection,binder,Shire Scarecrow,LTR,The Lord of the Rings: Tales of Middle-earth,249,normal,common,1,83421,b60b4f2e-ff47-4762-a803-30e81b665c09,0.16,false,false,near_mint,en,USD,2026-08-04T07:06:28.449Z
collection,binder,Patagia Golem,MIR,Mirage,313,normal,uncommon,1,38277,89920b7a-fd56-4fa8-96c9-fb66c2af6fbf,0.17,false,false,near_mint,en,USD,2026-08-04T07:06:28.452Z
collection,binder,Phyrexian War Beast,ALL,Alliances,127a,normal,common,2,38678,e7a83384-8762-4028-8cab-b690593790a6,0.16,false,false,near_mint,en,USD,2026-08-04T07:06:28.454Z
collection,binder,Phyrexian War Beast,ALL,Alliances,127b,normal,common,1,38677,e7d651f6-50be-4df9-80f8-4c62bb860e71,0.16,false,false,near_mint,en,USD,2026-08-04T07:06:28.455Z
collection,binder,Ornithopter,4ED,Fourth Edition,341,normal,uncommon,1,39846,2aeb3ce1-1e7f-4269-a326-700f27e9e932,0.42,false,false,near_mint,en,USD,2026-08-04T07:06:28.458Z
collection,binder,Clockwork Beast,ITP,Introductory Two-Player Set,49,normal,rare,1,38181,7a8d6953-0112-415b-a4b0-794ed90a3da5,1.05,false,false,near_mint,en,USD,2026-08-04T07:06:28.465Z
collection,binder,Aesthir Glider,ALL,Alliances,116a,normal,common,1,38691,35a8080f-ca3c-46fe-81cf-003ac7ba7f24,0.15,false,false,near_mint,en,USD,2026-08-04T07:06:28.467Z
collection,binder,Colossus of Sardia,4ED,Fourth Edition,308,normal,rare,1,39879,063acc0f-8062-4461-b0f5-8c3a835e1fbf,0.5,false,false,near_mint,en,USD,2026-08-04T07:06:28.470Z
collection,binder,Toymaker,PLST,The List,MMQ-314,normal,uncommon,1,77101,54c1bc37-2e87-4037-8a7f-5ac9217c0caa,0.27,false,false,near_mint,en,USD,2026-08-04T07:06:28.472Z
collection,binder,Marching Duodrone,CLB,Commander Legends: Battle for Baldur's Gate,321,foil,common,1,69131,822e46fc-1ebc-4151-bfd3-333fa6b77816,0.24,false,false,near_mint,en,USD,2026-08-04T07:06:28.473Z
collection,binder,Sanitation Automaton,MKM,Murders at Karlov Manor,256,normal,common,1,90864,52608ba4-c47d-44e4-b624-dee2a3a42ae2,0.11,false,false,near_mint,en,USD,2026-08-04T07:06:28.474Z
collection,binder,Drillworks Mole,CLB,Commander Legends: Battle for Baldur's Gate,311,foil,uncommon,1,69175,9803002e-08f8-4533-b645-7e54d18bbc54,0.36,false,false,near_mint,en,USD,2026-08-04T07:06:28.475Z
collection,binder,Marut,CLB,Commander Legends: Battle for Baldur's Gate,322,normal,common,1,69196,a3ce857f-2870-4dc9-a763-9ce710e4b375,0.1,false,false,near_mint,en,USD,2026-08-04T07:06:28.476Z
collection,binder,Oasis Gardener,OTJ,Outlaws of Thunder Junction,246,normal,common,2,93411,ee0dc663-4bfb-46d4-af79-d0143c799487,0.15,false,false,near_mint,en,USD,2026-08-04T07:06:28.478Z
collection,binder,Walker of the Wastes,OGW,Oath of the Gatewatch,10,normal,uncommon,1,9372,34f635ac-ad6d-4a13-a08e-64c8e2b9779c,0.31,false,false,near_mint,en,USD,2026-08-04T07:06:28.480Z
collection,binder,Chardalyn Dragon,CLB,Commander Legends: Battle for Baldur's Gate,306,normal,common,1,69209,a950d8be-dcf7-4253-a3cc-c040ba632355,0.22,false,false,near_mint,en,USD,2026-08-04T07:06:28.482Z
collection,binder,Solemn Simulacrum,PIP,Fallout,240,normal,rare,1,92709,cc91d8b8-ed18-45bf-a9e0-2f6afe6dd23c,0.35,false,false,near_mint,en,USD,2026-08-04T07:06:28.493Z
collection,binder,Gravestone Strider,MKM,Murders at Karlov Manor,252,normal,common,1,90704,1f952d8d-c089-432c-822a-8ef1e605ae38,0.05,false,false,near_mint,en,USD,2026-08-04T07:06:28.495Z
collection,binder,Lumbering Laundry,MKM,Murders at Karlov Manor,253,normal,uncommon,1,90632,080ad039-1669-4735-9864-76f4c61fc59e,0.09,false,false,near_mint,en,USD,2026-08-04T07:06:28.496Z
collection,binder,Locthwain Gargoyle,ELD,Throne of Eldraine,225,normal,common,1,46113,02551bee-335c-4bf7-b38e-67dd71d1d567,0.08,false,false,near_mint,en,USD,2026-08-04T07:06:28.497Z
collection,binder,Clockwork Fox,CLB,Commander Legends: Battle for Baldur's Gate,308,foil,common,1,69160,8fbb37d7-7053-4b1f-b899-91695f88f7e0,0.36,false,false,near_mint,en,USD,2026-08-04T07:06:28.498Z
collection,binder,Clockwork Fox,CLB,Commander Legends: Battle for Baldur's Gate,308,normal,common,1,69160,8fbb37d7-7053-4b1f-b899-91695f88f7e0,0.23,false,false,near_mint,en,USD,2026-08-04T07:06:28.502Z
collection,binder,Oasis Gardener,OTJ,Outlaws of Thunder Junction,246,foil,common,1,93411,ee0dc663-4bfb-46d4-af79-d0143c799487,0.15,false,false,near_mint,en,USD,2026-08-04T07:06:28.504Z
collection,binder,Containment Construct,SOC,Secrets of Strixhaven Commander,344,normal,uncommon,1,112207,feb09084-0fdb-4226-b536-56d856354b5a,0.32,false,false,near_mint,en,USD,2026-08-04T07:06:28.514Z
collection,binder,Patchwork Automaton,NEO,Kamigawa: Neon Dynasty,254,normal,uncommon,1,66734,7a4e1580-dd26-4f4b-ac98-3e6fa7b879d5,0.39,false,false,near_mint,en,USD,2026-08-04T07:06:28.516Z
collection,binder,Containment Construct,NEO,Kamigawa: Neon Dynasty,243,normal,uncommon,1,66701,520e5505-429b-4da0-b25e-14b8d4e81ce3,0.41,false,false,near_mint,en,USD,2026-08-04T07:06:28.517Z
collection,binder,Sterling Hound,OTJ,Outlaws of Thunder Junction,249,normal,common,1,93284,9e5bfcf5-6e5c-47fe-af6c-6b18938261c6,0.18,false,false,near_mint,en,USD,2026-08-04T07:06:28.538Z
collection,binder,Mister Gutsy,PIP,Fallout,136,normal,rare,1,92523,9f09166a-78de-4136-8a3c-034e1ef73ede,0.29,false,false,near_mint,en,USD,2026-08-04T07:06:28.540Z
collection,binder,Walking Skyscraper,NEO,Kamigawa: Neon Dynasty,263,normal,uncommon,1,66577,958af4ba-f29e-47ef-995e-3985982c75ad,0.21,false,false,near_mint,en,USD,2026-08-04T07:06:28.543Z
collection,binder,Reito Sentinel,NEO,Kamigawa: Neon Dynasty,256,normal,uncommon,1,66629,0218923a-b685-4492-8fdd-2d2d22ef532e,0.23,false,false,near_mint,en,USD,2026-08-04T07:06:28.547Z
collection,binder,Blood Servitor,VOW,Innistrad: Crimson Vow,252,normal,common,4,64298,87845cc2-bf5d-491d-bfa2-b33b034557a4,0.2,false,false,near_mint,en,USD,2026-08-04T07:06:28.359Z
collection,binder,Towering Viewpoint,ACR,Assassin's Creed,77,normal,uncommon,3,95500,d19115bf-562c-4bef-967d-52ec1e54c82e,0.25,false,false,near_mint,en,USD,2026-08-04T07:06:28.375Z
collection,binder,Epitaph Golem,INR,Innistrad Remastered,262,normal,common,3,102455,202125f5-9182-436f-86df-701cdc7e60ce,0.12,false,false,near_mint,en,USD,2026-08-04T07:06:28.393Z
collection,binder,Wretched Gryff,INR,Innistrad Remastered,7,normal,common,3,102602,722b519a-715d-4393-9d3c-97f329896ef4,0.22,false,false,near_mint,en,USD,2026-08-04T07:06:28.394Z
collection,binder,Abundant Maw,INR,Innistrad Remastered,1,normal,common,2,102769,c5620c22-910c-4d33-a5e9-4c4eac8c6304,0.15,false,false,near_mint,en,USD,2026-08-04T07:06:28.396Z
collection,binder,It of the Horrid Swarm,INR,Innistrad Remastered,6,normal,common,3,101885,ba983caf-72b4-419e-84dc-1ad0215a865c,0.14,false,false,near_mint,en,USD,2026-08-04T07:06:28.401Z
collection,binder,Wild-Field Scarecrow,INR,Innistrad Remastered,274,normal,common,3,102429,13629238-f907-47b7-bdba-164e38c7b6d2,0.21,false,false,near_mint,en,USD,2026-08-04T07:06:28.403Z
collection,binder,Harvest Hand // Scrounged Scythe,INR,Innistrad Remastered,265,normal,common,3,102596,6f29b655-f70f-4b30-9253-c7944bfee524,0.22,false,false,near_mint,en,USD,2026-08-04T07:06:28.406Z
collection,binder,Searchlight Companion,NEO,Kamigawa: Neon Dynasty,258,normal,common,8,66850,0b79b30e-e7aa-490e-b130-de7533e6e13b,0.2,false,false,near_mint,en,USD,2026-08-04T07:06:28.418Z
collection,binder,Iron Apprentice,NEO,Kamigawa: Neon Dynasty,248,normal,common,8,66852,13d6d9fc-509b-42db-8ac1-85066eb6e9c4,0.3,false,false,near_mint,en,USD,2026-08-04T07:06:28.420Z
collection,binder,Bronze Walrus,CLB,Commander Legends: Battle for Baldur's Gate,302,normal,common,2,69234,b2cfd2c0-2110-47f1-809e-487b9b0a1043,0.18,false,false,near_mint,en,USD,2026-08-04T07:06:28.432Z
collection,binder,Treasure Keeper,CLB,Commander Legends: Battle for Baldur's Gate,341,normal,uncommon,3,69244,b68ab416-3394-4cb6-bfc6-33e62964dd1c,0.19,false,false,near_mint,en,USD,2026-08-04T07:06:28.439Z
collection,binder,Halo Scarab,SNC,Streets of New Capenna,239,normal,common,2,67677,2eead159-b9a1-4c64-affe-c77b0a9e4775,0.21,false,false,near_mint,en,USD,2026-08-04T07:06:28.440Z
collection,binder,Silver Deputy,OTJ,Outlaws of Thunder Junction,248,normal,common,3,93124,39d2c11d-1eb8-4768-bc61-fa8f20a69462,0.13,false,false,near_mint,en,USD,2026-08-04T07:06:28.441Z
collection,binder,Opaline Unicorn,THS,Theros,218,normal,common,2,15446,cfba304c-9cb8-4d5c-b70d-b7f61a365977,0.17,false,false,near_mint,en,USD,2026-08-04T07:06:28.445Z
collection,binder,Wicker Picker,UNF,Unfinity,196,normal,uncommon,2,72986,f7db6e16-357c-4872-8b23-338953ffefb4,0.07,false,false,near_mint,en,USD,2026-08-04T07:06:28.451Z
collection,binder,Aesthir Glider,ALL,Alliances,116b,normal,common,4,38690,435b78cb-5acc-4d14-966f-979322d99114,0.12,false,false,near_mint,en,USD,2026-08-04T07:06:28.453Z
collection,binder,Walking Wall,ICE,Ice Age,346,normal,uncommon,4,39463,cba1238c-1969-452d-8112-124cbbd49417,0.2,false,false,near_mint,en,USD,2026-08-04T07:06:28.456Z
collection,binder,Jangling Automaton,WTH,Weatherlight,151,normal,common,2,37146,2e2a427b-9869-4059-aeeb-d9b97b324e4e,0.1,false,false,near_mint,en,USD,2026-08-04T07:06:28.457Z
collection,binder,Roterothopter,HML,Homelands,109,normal,common,4,39167,22148a1a-2172-4718-8ee4-08770eafed9f,0.26,false,false,near_mint,en,USD,2026-08-04T07:06:28.459Z
collection,binder,Ornithopter,3ED,Revised Edition,270,normal,uncommon,3,41155,b3654fd6-f8ac-471a-8559-ba4ed0fe75c3,0.75,false,false,near_mint,en,USD,2026-08-04T07:06:28.460Z
collection,binder,Rug of Smothering,CLB,Commander Legends: Battle for Baldur's Gate,336,normal,uncommon,3,69203,a73d1cb0-d0dc-4f2a-9cf2-954d5889dd08,0.67,false,false,near_mint,en,USD,2026-08-04T07:06:28.477Z
collection,binder,Ticketomaton,UNF,Unfinity,195,normal,common,4,73282,d4906051-0f74-4a0c-9508-2fa52d98b618,0.12,false,false,near_mint,en,USD,2026-08-04T07:06:28.481Z
collection,binder,Marching Duodrone,CLB,Commander Legends: Battle for Baldur's Gate,447,normal,common,3,69061,5eec4350-cd61-4520-98a4-4a14fcbc226f,0.27,false,false,near_mint,en,USD,2026-08-04T07:06:28.484Z
collection,binder,Pilgrim's Eye,CLB,Commander Legends: Battle for Baldur's Gate,333,normal,common,2,68945,32161267-e12b-454f-a7e1-94e078566ffa,0.08,false,false,near_mint,en,USD,2026-08-04T07:06:28.492Z
collection,binder,Dramatist's Puppet,NEO,Kamigawa: Neon Dynasty,244,normal,common,3,66903,b490e065-b54a-4015-9768-d0e62f0e2e84,0.19,false,false,near_mint,en,USD,2026-08-04T07:06:28.505Z
collection,binder,Papercraft Decoy,NEO,Kamigawa: Neon Dynasty,253,normal,common,7,66863,3453084c-42cc-4241-b244-c79e704f96c8,0.28,false,false,near_mint,en,USD,2026-08-04T07:06:28.506Z
collection,binder,Shrine Steward,NEO,Kamigawa: Neon Dynasty,259,normal,common,5,66889,75e8d71c-3a0b-4042-a0f7-e99e92a79dc2,0.25,false,false,near_mint,en,USD,2026-08-04T07:06:28.507Z
collection,binder,Automated Artificer,NEO,Kamigawa: Neon Dynasty,239,normal,common,4,66905,b8c30ffb-b4f5-40b0-87b8-800a42bded2b,0.24,false,false,near_mint,en,USD,2026-08-04T07:06:28.508Z
collection,binder,Circuit Mender,NEO,Kamigawa: Neon Dynasty,242,normal,uncommon,6,66615,defaeb68-3f8a-4740-b13f-8c71c7e9c8b4,0.29,false,false,near_mint,en,USD,2026-08-04T07:06:28.510Z
collection,binder,Runaway Trash-Bot,NEO,Kamigawa: Neon Dynasty,257,normal,uncommon,3,66355,3eebf6a6-f1fd-40a1-ac27-367deafa6f2a,0.19,false,false,near_mint,en,USD,2026-08-04T07:06:28.525Z
collection,binder,Towashi Guide-Bot,NEO,Kamigawa: Neon Dynasty,262,normal,uncommon,2,66818,da4ccf70-b661-46ea-bea9-4466a3a35562,0.19,false,false,near_mint,en,USD,2026-08-04T07:06:28.527Z
collection,binder,Stromkirk Captain,DKA,Dark Ascension,143,normal,uncommon,1,18394,5bfcca87-04f8-480a-bae6-ae87f7afb7e1,0.58,false,false,near_mint,en,USD,2026-08-04T17:22:57.822Z
collection,binder,Voldaren Bloodcaster // Bloodbat Summoner,VOW,Innistrad: Crimson Vow,137,normal,rare,1,64413,ca5297a5-bcaa-41fd-a397-e44dc4e00ba3,0.5,false,false,near_mint,en,USD,2026-08-04T17:22:57.823Z
collection,binder,Markov Enforcer,J25,Foundations Jumpstart,575,normal,rare,1,100690,768e4488-1c3b-4ccb-abf8-fd168655d7de,0.34,false,false,near_mint,en,USD,2026-08-04T17:22:57.824Z
collection,binder,Sanctum Seeker,J25,Foundations Jumpstart,485,normal,rare,1,101411,fef94159-c0ad-4731-bff8-dd33439db8c3,0.36,false,false,near_mint,en,USD,2026-08-04T17:22:57.825Z
collection,binder,Cordial Vampire,LCC,The Lost Caverns of Ixalan Commander,189,normal,rare,1,88273,0d91e61d-e3bf-4ddc-9f01-18b1abe35a61,2.08,false,false,near_mint,en,USD,2026-08-04T17:22:57.826Z
collection,binder,Vein Ripper,MKM,Murders at Karlov Manor,110,normal,mythic,1,90631,078933b3-6d82-45f2-94e8-addf54cf1704,6.34,false,false,near_mint,en,USD,2026-08-04T17:22:57.827Z
collection,binder,All That Glitters,ELD,Throne of Eldraine,2,normal,uncommon,1,46336,d9713032-2956-4564-b5f5-2dd16245a4e6,0.72,false,false,near_mint,en,USD,2026-08-04T17:22:57.828Z
collection,binder,Captivating Vampire,M11,Magic 2011,87,normal,rare,1,21302,f99b0735-cc3c-48dc-a7ad-b7d9eea45e54,4.97,false,false,near_mint,en,USD,2026-08-04T17:22:57.829Z
collection,binder,Steelshaper's Gift,5DN,Fifth Dawn,19,normal,uncommon,1,29476,db75b77f-a230-4bad-b697-a40687671842,10.37,false,false,near_mint,en,USD,2026-08-04T17:22:57.830Z
collection,binder,"Sorin, Lord of Innistrad",LCC,The Lost Caverns of Ixalan Commander,289,normal,mythic,1,88798,ab98caf7-cc24-4027-ad8a-026150b61858,0.38,false,false,near_mint,en,USD,2026-08-04T17:22:57.831Z
collection,binder,"Drana, Liberator of Malakir",DMC,Dominaria United Commander,111,normal,mythic,1,71803,dbee85f6-a880-49ce-8139-5c439a202821,1.96,false,false,near_mint,en,USD,2026-08-04T17:22:57.832Z
collection,binder,Bloodline Keeper // Lord of Lineage,INR,Innistrad Remastered,98,normal,mythic,1,102564,60658907-dd63-478d-a66a-123e4e9d2a00,9.98,false,false,near_mint,en,USD,2026-08-04T17:22:57.833Z
collection,binder,Cranial Plating,PLST,The List,TSR-392,normal,common,1,56696,59696a9c-d9ef-4401-9984-ffd29dfa3751,0.49,false,false,near_mint,en,USD,2026-08-04T17:22:57.834Z
collection,binder,Oni-Cult Anvil,NEO,Kamigawa: Neon Dynasty,230,normal,uncommon,2,66601,c84db1e2-855c-4169-a9cc-a54c73c14e0c,0.25,false,false,near_mint,en,USD,2026-08-05T05:00:02.307Z
collection,binder,Raven Clan War-Axe,ACR,Assassin's Creed,297,normal,rare,2,95282,01de51d1-bbea-407c-b19e-dfef7fce1510,0.2,false,false,near_mint,en,USD,2026-08-05T05:00:02.308Z
collection,binder,Baseball Bat,DSK,Duskmourn: House of Horror,209,normal,uncommon,1,98816,438accb1-6d2c-4710-adeb-df4301a7b8f1,0.12,false,false,near_mint,en,USD,2026-08-05T05:00:02.309Z
collection,binder,Behemoth Sledge,PIP,Fallout,211,normal,uncommon,1,91820,0053d366-fc35-443b-a8dd-4ab0c3362c81,0.32,false,false,near_mint,en,USD,2026-08-05T05:00:02.310Z
collection,binder,Prodigy's Prototype,NEO,Kamigawa: Neon Dynasty,231,normal,uncommon,1,66595,be046e0a-6509-450b-b34f-29d5a5e3472e,0.33,false,false,near_mint,en,USD,2026-08-05T05:00:02.311Z
collection,binder,Detective's Satchel,MKM,Murders at Karlov Manor,196,normal,uncommon,1,90749,2c05bf2d-7d4f-4717-b1ea-ec4284854f4f,0.99,false,false,near_mint,en,USD,2026-08-05T05:00:02.312Z
collection,binder,Inkshield,DSC,Duskmourn: House of Horror Commander,221,normal,rare,1,99330,bf3af774-526e-4b64-a34f-407e6ef92d24,6.19,false,false,near_mint,en,USD,2026-08-05T05:00:02.313Z
collection,binder,Boros Charm,FDN,Foundations,721,foil,uncommon,1,101242,e0d8c9f6-cbbd-4694-b100-01cfb81036cc,4.66,false,false,near_mint,en,USD,2026-08-05T05:00:02.315Z
collection,binder,Ride Down,OTP,Breaking News,52,normal,uncommon,1,93419,f1ec2b59-fbc5-464c-916c-b1accf29867d,0.24,false,false,near_mint,en,USD,2026-08-05T05:00:02.316Z
collection,binder,Crackling Doom,C16,Commander 2016,191,normal,rare,1,7163,de200da1-3f81-4ae0-90ab-46e23f0ba296,0.31,false,false,near_mint,en,USD,2026-08-05T05:00:02.317Z
collection,binder,Inventory Management,PIP,Fallout,105,normal,rare,1,92341,7a1acb59-a679-4c6d-8458-8fe5556b9d4d,3.23,false,false,near_mint,en,USD,2026-08-05T05:00:02.318Z
collection,binder,Electrosiphon,PIP,Fallout,104,normal,rare,1,92384,8377fce8-edc8-4926-bf75-57162ff6df9f,0.32,false,false,near_mint,en,USD,2026-08-05T05:00:02.319Z
collection,binder,Golgari Charm,PLST,The List,GK1-62,normal,uncommon,1,98036,91fd2eb8-25a6-4eb7-81d9-d4d9ecceb954,0.89,false,false,near_mint,en,USD,2026-08-05T05:00:02.323Z
collection,binder,Abrupt Decay,MB2,Mystery Booster 2,78,normal,rare,1,96848,74379bab-1bf2-4dcd-b055-d2ac0bf2c390,0.95,false,false,near_mint,en,USD,2026-08-05T05:00:02.324Z
collection,binder,Jeskai Revelation,TDM,Tarkir: Dragonstorm,361,normal,mythic,1,104741,7679a6a2-7704-4f37-9fdd-24414d411599,5.85,false,false,near_mint,en,USD,2026-08-05T05:00:02.325Z
collection,binder,Countersquall,PLST,The List,DDH-59,normal,uncommon,1,98404,da2e856f-59c5-410a-9442-b42dd0a1724a,0.59,false,false,near_mint,en,USD,2026-08-05T05:00:02.326Z
collection,binder,Drag to the Roots,DSK,Duskmourn: House of Horror,213,foil,uncommon,1,98704,46f46095-6479-46b0-9e59-194d83f86a46,0.37,false,false,near_mint,en,USD,2026-08-05T05:00:02.327Z
collection,binder,Flame of Anor,LTR,The Lord of the Rings: Tales of Middle-earth,203,normal,rare,1,82828,04779a7e-b453-48b9-b392-6d6fd0b8d283,4.06,false,false,near_mint,en,USD,2026-08-05T05:00:02.328Z
collection,binder,Sauron's Ransom,LTR,The Lord of the Rings: Tales of Middle-earth,225,normal,rare,1,83170,6b98850c-ad69-42da-b91a-8dc5e226c444,0.72,false,false,near_mint,en,USD,2026-08-05T05:00:02.329Z
collection,binder,Tyrant's Scorn,OTP,Breaking News,56,normal,uncommon,1,93394,e61f8b36-6ad2-4295-bd1d-7f9e90b23190,0.17,false,false,near_mint,en,USD,2026-08-05T05:00:02.330Z
collection,binder,Plasm Capture,OTC,Outlaws of Thunder Junction Commander,237,normal,rare,1,93489,11ee15d5-1c93-4c30-911f-32e2aabf020e,0.52,false,false,near_mint,en,USD,2026-08-05T05:00:02.331Z
collection,binder,Teach by Example,FDN,Foundations,666,normal,uncommon,1,100498,516baae5-f7bf-4a90-a80d-192ff19dbae5,0.11,false,false,near_mint,en,USD,2026-08-05T05:00:02.333Z
collection,binder,Reduce // Rubble,PLST,The List,AKH-216,normal,uncommon,1,81753,7657b686-116d-45a7-8856-fe56f2db14a2,0.16,false,false,near_mint,en,USD,2026-08-05T05:00:02.334Z
collection,binder,Officious Interrogation,MKM,Murders at Karlov Manor,222,normal,rare,1,91094,a433ca4c-82d0-4e49-bc8e-98e18dd174e9,0.29,false,false,near_mint,en,USD,2026-08-05T05:00:02.335Z
collection,binder,No More Lies,MKM,Murders at Karlov Manor,221,normal,uncommon,1,90694,1e0c695d-62f9-4805-9e2f-7032e8464136,0.35,false,false,near_mint,en,USD,2026-08-05T05:00:02.336Z
collection,binder,Hindering Light,OTP,Breaking News,46,normal,uncommon,1,93243,860f4304-38f1-4c2f-a122-2590619522fd,0.2,false,false,near_mint,en,USD,2026-08-05T05:00:02.337Z
collection,binder,Brokers Charm,SNC,Streets of New Capenna,298,normal,uncommon,1,67599,0aac0943-6c9a-4c65-9d17-3ca0f2ba2340,0.21,false,false,near_mint,en,USD,2026-08-05T05:00:02.338Z
collection,binder,Riveteers Charm,SNC,Streets of New Capenna,331,normal,uncommon,2,67708,3ca0eb05-95d2-4eba-a3de-0e08739459a3,0.2,false,false,near_mint,en,USD,2026-08-05T05:00:02.339Z
collection,binder,Biomass Mutation,PIP,Fallout,212,normal,rare,1,92421,8a3f731a-03d7-4dc9-a922-cc2250cee6ef,0.24,false,false,near_mint,en,USD,2026-08-05T05:00:02.340Z
collection,binder,Mutational Advantage,PIP,Fallout,111,normal,rare,1,92598,b1ff92f1-9dc7-48e6-9e7c-9ef4a88518cb,7.02,false,false,near_mint,en,USD,2026-08-05T05:00:02.341Z
collection,binder,Repulsive Mutation,MKM,Murders at Karlov Manor,227,normal,uncommon,1,90964,71701c28-f113-4d38-8fd3-a19cd9749661,0.64,false,false,near_mint,en,USD,2026-08-05T05:00:02.342Z
collection,binder,Prismatic Boon,MIR,Mirage,274,normal,uncommon,2,38316,fb774a9b-d29f-4f41-9fb8-a0189205e16f,0.33,false,false,near_mint,en,USD,2026-08-05T05:00:02.343Z
collection,binder,Clutch of the Undercity,PLST,The List,RAV-197,normal,uncommon,1,69821,63749e0f-74db-49d6-b11f-9b51ce55b727,0.3,false,false,near_mint,en,USD,2026-08-05T05:00:02.346Z
collection,binder,Hypothesizzle,OTP,Breaking News,48,normal,uncommon,1,93142,4448d31e-faf4-4281-af48-4f638b939a62,0.2,false,false,near_mint,en,USD,2026-08-05T05:00:02.347Z
collection,binder,Status // Statue,CLU,Ravnica: Clue Edition,210,normal,uncommon,1,90622,03541f43-671a-4b5d-a07c-c75efd6fe490,0.09,false,false,near_mint,en,USD,2026-08-05T05:00:02.348Z
collection,binder,Contaminated Drink,PIP,Fallout,99,normal,uncommon,1,92641,bde9eb15-544a-462a-8ab8-86067840c083,0.35,false,false,near_mint,en,USD,2026-08-05T05:00:02.349Z
collection,binder,Void Rend,OTP,Breaking News,59,normal,rare,1,93173,598f6fd1-51a3-4bb3-9696-911cd45367f9,0.42,false,false,near_mint,en,USD,2026-08-05T05:00:02.351Z
collection,binder,Friendly Rivalry,LTR,The Lord of the Rings: Tales of Middle-earth,204,normal,uncommon,4,82930,24076763-88ba-4dee-b548-9c27bd34fdb7,0.18,false,false,near_mint,en,USD,2026-08-05T05:00:02.352Z
collection,binder,Putrefy,PIP,Fallout,219,normal,uncommon,1,92649,bf308540-dd6d-4437-abe7-373a2c129455,0.36,false,false,near_mint,en,USD,2026-08-05T05:00:02.353Z
collection,binder,Atomize,PIP,Fallout,94,normal,rare,1,92197,592cbafc-ab4e-461f-b64f-0bf9d83aaff3,10.39,false,false,near_mint,en,USD,2026-08-05T05:00:02.354Z
collection,binder,Tainted Indulgence,SNC,Streets of New Capenna,227,normal,uncommon,1,67690,347d883c-84ab-4547-813b-f4385366fbce,0.3,false,false,near_mint,en,USD,2026-08-05T05:00:02.357Z
collection,binder,Galvanic Iteration,INR,Innistrad Remastered,236,normal,rare,2,102604,72531705-82f4-4254-82b2-c0b6098f4dbe,0.4,false,false,near_mint,en,USD,2026-08-05T05:00:02.320Z
collection,binder,Hindering Light,OTP,Breaking News,46,foil,uncommon,2,93243,860f4304-38f1-4c2f-a122-2590619522fd,0.28,false,false,near_mint,en,USD,2026-08-05T05:00:02.332Z
collection,binder,Back for More,OTP,Breaking News,36,normal,uncommon,3,93424,f55e5aca-b6fe-4b2f-9943-568f4d1704ca,0.16,false,false,near_mint,en,USD,2026-08-05T05:00:02.344Z
collection,binder,Discovery // Dispersal,CLU,Ravnica: Clue Edition,187,normal,uncommon,2,90899,5b08b019-796b-4304-806f-59bf7d22b729,0.16,false,false,near_mint,en,USD,2026-08-05T05:00:02.345Z
collection,binder,Covetous Elegy,CLU,Ravnica: Clue Edition,29,normal,rare,1,91321,f8f1f5e8-c1bf-405f-b8e3-655d5558e18d,0.46,false,false,near_mint,en,USD,2026-08-05T05:03:22.839Z
collection,binder,Wake the Dragon,LTC,Tales of Middle-earth Commander,74,normal,rare,1,83666,f9cf5f78-0316-4c35-a40e-9bfba2e46ad8,0.39,false,false,near_mint,en,USD,2026-08-05T05:03:22.840Z
collection,binder,The Nipton Lottery,PIP,Fallout,113,normal,rare,1,92530,a0abd847-1c9d-45cd-a6d1-3a0cda3687cb,0.32,false,false,near_mint,en,USD,2026-08-05T05:03:22.841Z
collection,binder,Shadow Summoning,LTR,The Lord of the Rings: Tales of Middle-earth,226,normal,uncommon,1,83619,ec0984b2-bed6-41b1-9087-2cfd16749037,0.14,false,false,near_mint,en,USD,2026-08-05T05:03:22.842Z
collection,binder,Push // Pull,MKM,Murders at Karlov Manor,250,foil,uncommon,1,91021,85835473-b9b6-4f4a-bb93-fef93d5ec57b,0.21,false,false,near_mint,en,USD,2026-08-05T05:03:22.843Z
collection,binder,Fatal Grudge,SNC,Streets of New Capenna,187,normal,uncommon,1,68068,ec7de8d6-edad-4845-9868-781351480258,0.19,false,false,near_mint,en,USD,2026-08-05T05:03:22.844Z
collection,binder,Deadly Complication,MKM,Murders at Karlov Manor,195,normal,uncommon,1,90993,7c68981c-037c-42e7-9b7f-6f07edab5f2e,0.05,false,false,near_mint,en,USD,2026-08-05T05:03:22.845Z
collection,binder,Heroic Reinforcements,PIP,Fallout,218,normal,uncommon,1,92459,912a87f7-208d-4312-ba37-7a844b9c89ab,0.27,false,false,near_mint,en,USD,2026-08-05T05:03:22.846Z
collection,binder,Eiganjo Uprising,NEO,Kamigawa: Neon Dynasty,217,normal,rare,1,66519,35203138-5237-49aa-a335-7a32829548a1,0.28,false,false,near_mint,en,USD,2026-08-05T05:03:22.847Z
collection,binder,Lidless Gaze,LTC,Tales of Middle-earth Commander,59,normal,rare,1,83159,6937954b-353a-47ac-a0c0-f731fe3881a6,0.28,false,false,near_mint,en,USD,2026-08-05T05:03:22.848Z
collection,binder,Eiganjo Uprising,NEO,Kamigawa: Neon Dynasty,217,foil,rare,1,66519,35203138-5237-49aa-a335-7a32829548a1,0.29,false,false,near_mint,en,USD,2026-08-05T05:03:22.849Z
collection,binder,Heroic Reinforcements,FDN,Foundations,241,normal,uncommon,1,100631,6a05e8d5-c2ad-489a-888d-22622886b620,0.22,false,false,near_mint,en,USD,2026-08-05T05:03:22.850Z
collection,binder,Spectral Procession,PLST,The List,SHM-23,normal,uncommon,1,97750,5e1ae45c-ac55-468d-8e27-e72b5954ce94,0.19,false,false,near_mint,en,USD,2026-08-05T05:03:22.851Z
collection,binder,Stump Stomp // Burnwillow Clearing,MH3,Modern Horizons 3,259,normal,uncommon,2,94432,49974246-0a3b-4ec9-b5ea-2a89df9bb0b5,0.41,false,false,near_mint,en,USD,2026-08-05T05:03:22.852Z
collection,binder,Time Wipe,DSC,Duskmourn: House of Horror Commander,237,normal,rare,1,99078,2198907e-a13a-42e4-ad79-ac7efba4e610,0.29,false,false,near_mint,en,USD,2026-08-05T05:03:22.853Z
collection,binder,Join the Dance,INR,Innistrad Remastered,242,normal,uncommon,1,102528,4a2d360c-1fad-4425-a1ab-5f713c45c7b3,0.21,false,false,near_mint,en,USD,2026-08-05T05:03:22.854Z
collection,binder,Diabolic Vision,DSC,Duskmourn: House of Horror Commander,87,normal,uncommon,1,99003,c360753a-af32-4f1d-a1c7-c3f3c075ecc0,0.31,false,false,near_mint,en,USD,2026-08-05T05:03:22.855Z
collection,binder,Glacial Dragonhunt,TDM,Tarkir: Dragonstorm,188,normal,uncommon,1,104814,95994c88-e404-4a4f-8be6-b99d703d4609,0.25,false,false,near_mint,en,USD,2026-08-05T05:03:22.856Z
collection,binder,Dragonclaw Strike,TDM,Tarkir: Dragonstorm,180,normal,uncommon,1,105161,bc7692ef-7091-4365-85a8-1edbd374f279,0.24,false,false,near_mint,en,USD,2026-08-05T05:03:22.857Z
collection,binder,Auditore Ambush,ACR,Assassin's Creed,295,normal,rare,2,95407,7426f3dc-385b-42ea-85cb-853e6035ca6f,0.2,false,false,near_mint,en,USD,2026-08-05T05:03:22.858Z
collection,binder,Beastie Beatdown,DSK,Duskmourn: House of Horror,210,normal,uncommon,1,99176,5f889c95-46af-4fd9-aff2-573d5384fd58,0.2,false,false,near_mint,en,USD,2026-08-05T05:03:22.859Z
collection,binder,Maelstrom Pulse,FDN,Foundations,661,normal,rare,1,100085,019e8d47-a086-4e9f-8130-8c3b2dc50179,0.17,false,false,near_mint,en,USD,2026-08-05T05:03:22.860Z
collection,binder,Gandalf's Sanction,LTR,The Lord of the Rings: Tales of Middle-earth,208,normal,uncommon,1,83286,8ebf2a25-9bee-4146-af83-f22aab6db2a8,0.2,false,false,near_mint,en,USD,2026-08-05T05:03:22.861Z
collection,binder,Extract Brain,OTC,Outlaws of Thunder Junction Commander,225,normal,rare,1,93737,8c3a4a44-5e75-42a4-8140-2105c2becff9,0.35,false,false,near_mint,en,USD,2026-08-05T05:03:22.862Z
collection,binder,Deadly Brew,FDN,Foundations,654,normal,uncommon,1,100474,4cd4d5a4-4342-49fb-b1e4-7d08e6cf5376,0.12,false,false,near_mint,en,USD,2026-08-05T05:03:22.863Z
collection,binder,Extract from Darkness,LTC,Tales of Middle-earth Commander,266,normal,uncommon,1,83104,5b2db271-6109-407b-9ffd-91e3b858c426,0.35,false,false,near_mint,en,USD,2026-08-05T05:03:22.865Z
collection,binder,Summons of Saruman,LTC,Tales of Middle-earth Commander,70,normal,rare,1,83506,cbb1bc1f-b1d6-4639-b892-9b1ff6ed65fb,0.35,false,false,near_mint,en,USD,2026-08-05T05:03:22.866Z
collection,binder,Find // Finality,PIP,Fallout,216,normal,rare,1,92705,cbd4c04c-81b5-4026-a82a-4ae94ad50c01,0.3,false,false,near_mint,en,USD,2026-08-05T05:03:22.867Z
collection,binder,Casualties of War,PIP,Fallout,213,normal,rare,1,92289,6ea2451e-ad6e-4f76-ac76-0b8f4fabd0a9,0.32,false,false,near_mint,en,USD,2026-08-05T05:03:22.868Z
collection,binder,Treasured Find,RTR,Return to Ravnica,204,normal,uncommon,1,17218,a2c0e00b-2290-493f-a3fc-3b9bff2830cc,0.25,false,false,near_mint,en,USD,2026-08-05T05:03:22.870Z
collection,binder,Pillage the Bog,OTJ,Outlaws of Thunder Junction,224,normal,rare,1,93436,fa3b415f-7901-4ab4-84fe-60b90d40ac90,0.34,false,false,near_mint,en,USD,2026-08-05T05:03:22.871Z
collection,binder,Master the Way,KTK,Khans of Tarkir,188,normal,uncommon,1,13210,704743a8-27d6-4db9-8fe1-f65f5f3a955f,0.16,false,false,near_mint,en,USD,2026-08-05T05:03:22.872Z
collection,binder,Hymn of Rebirth,ICE,Ice Age,295,normal,uncommon,4,39514,61d0f2f2-f6e2-4b8a-8418-10b17c5e0ea9,0.32,false,false,near_mint,en,USD,2026-08-05T05:03:22.873Z
collection,binder,Call of the Nightwing,PLST,The List,GTC-149,normal,uncommon,1,63902,c39c19de-4463-420e-820a-3f1f173b0134,0.23,false,false,near_mint,en,USD,2026-08-05T05:03:22.874Z
collection,binder,Rise of the Witch-king,LTR,The Lord of the Rings: Tales of Middle-earth,221,normal,uncommon,3,83020,3f440fa1-5387-41d6-a80f-5b19dbb21514,1.16,false,false,near_mint,en,USD,2026-08-05T05:03:22.875Z
collection,binder,Life Insurance,DSC,Duskmourn: House of Horror Commander,224,normal,rare,1,99178,60e1921e-6c98-4c60-88f4-8fbb6f30236e,0.33,false,false,near_mint,en,USD,2026-08-05T05:13:49.979Z
collection,binder,All-Out Assault,TDM,Tarkir: Dragonstorm,167,normal,mythic,1,104348,b74876d8-f6a6-4b47-b960-b01a331bab01,2.84,false,false,near_mint,en,USD,2026-08-05T05:13:49.980Z
collection,binder,Assemble the Legion,PIP,Fallout,210,normal,rare,1,92482,95c04498-91cf-42d2-a349-44df4d022746,0.32,false,false,near_mint,en,USD,2026-08-05T05:13:49.981Z
collection,binder,Purgatory,MIR,Mirage,275,normal,rare,1,38315,9ed5e58b-46f3-437c-89ac-24235a65bd1f,1.31,false,false,near_mint,en,USD,2026-08-05T05:13:49.982Z
collection,binder,At Knifepoint,OTJ,Outlaws of Thunder Junction,193,foil,uncommon,1,93248,897d594d-b5b0-43dc-b877-b483942416ce,0.39,false,false,near_mint,en,USD,2026-08-05T05:13:49.983Z
collection,binder,Vault 11: Voter's Dilemma,PIP,Fallout,121,normal,rare,1,92142,4bafcd4e-5693-4c23-be79-75653fcd214c,0.35,false,false,near_mint,en,USD,2026-08-05T05:13:49.984Z
collection,binder,Spirit-Sister's Call,NEO,Kamigawa: Neon Dynasty,400,normal,mythic,1,66805,ceaefe4b-9750-460a-9993-60a138df80a6,0.4,false,false,near_mint,en,USD,2026-08-05T05:13:49.985Z
collection,binder,Spirit-Sister's Call,NEO,Kamigawa: Neon Dynasty,237,normal,mythic,1,66621,f094735f-5843-4f75-bc90-3e248a061a43,0.26,false,false,near_mint,en,USD,2026-08-05T05:13:49.986Z
collection,binder,Rakdos Joins Up,OTJ,Outlaws of Thunder Junction,225,normal,rare,1,93340,c7154dca-7e10-4c34-aa56-9f200c6277d1,0.4,false,false,near_mint,en,USD,2026-08-05T05:13:49.987Z
collection,binder,Disturbing Mirth,DSK,Duskmourn: House of Horror,212,foil,uncommon,1,98679,f79b0c5d-6823-439c-a011-8b9bf424bdad,0.23,false,false,near_mint,en,USD,2026-08-05T05:13:49.988Z
collection,binder,Scurry of Gremlins,MH3,Modern Horizons 3,203,normal,uncommon,1,91758,470ce8e9-64b9-403c-bee0-66a4c47ca6d4,0.21,false,false,near_mint,en,USD,2026-08-05T05:13:49.989Z
collection,binder,Spirit-Sister's Call,DSC,Duskmourn: House of Horror Commander,232,normal,mythic,1,99321,bc495d03-9340-47cd-afc2-82a1677e69df,0.22,false,false,near_mint,en,USD,2026-08-05T05:13:49.990Z
collection,binder,Life Insurance,OTC,Outlaws of Thunder Junction Commander,233,normal,rare,1,93885,da8acf63-cf7d-4f95-bdd5-31c766417229,0.34,false,false,near_mint,en,USD,2026-08-05T05:13:49.991Z
collection,binder,Vault 112: Sadistic Simulation,PIP,Fallout,123,normal,rare,1,91858,0a0acee2-f6dc-4e92-937b-01e2c07adc55,0.28,false,false,near_mint,en,USD,2026-08-05T05:13:49.992Z
collection,binder,Awaken the Honored Dead,TDM,Tarkir: Dragonstorm,170,normal,rare,1,104461,14078a49-2230-4ad7-aea0-0c253813c646,0.38,false,false,near_mint,en,USD,2026-08-05T05:13:49.993Z
collection,binder,Dragonback Assault,TDM,Tarkir: Dragonstorm,179,normal,mythic,1,104985,d54cc838-d79d-433a-99fb-d6e4d1c1431d,2.36,false,false,near_mint,en,USD,2026-08-05T05:13:49.994Z
collection,binder,Rooftop Bypass,ACR,Assassin's Creed,298,normal,rare,1,95366,50aef0eb-5b11-49e8-b2b2-a9e0422f6e65,6.11,false,false,near_mint,en,USD,2026-08-05T05:13:49.995Z
collection,binder,Smoky Lounge // Misty Salon,DSK,Duskmourn: House of Horror,235,normal,uncommon,1,98621,4700987d-fc55-44eb-bc9f-0e0316ca65e2,0.19,false,false,near_mint,en,USD,2026-08-05T05:13:49.996Z
collection,binder,Unflinching Courage,FDN,Foundations,722,foil,uncommon,1,100913,a1201875-b3d8-4f95-801e-bf18ee77919b,0.12,false,false,near_mint,en,USD,2026-08-05T05:13:49.997Z
collection,binder,Invigorating Hot Spring,NEO,Kamigawa: Neon Dynasty,223,normal,uncommon,2,66713,59a118d1-30b8-42c0-ac42-6fba0778200a,0.34,false,false,near_mint,en,USD,2026-08-05T05:13:49.999Z
collection,binder,Vault 87: Forced Evolution,PIP,Fallout,122,normal,rare,1,92040,33bf267b-f41c-447a-aa35-0c01aad8a489,0.3,false,false,near_mint,en,USD,2026-08-05T05:13:50.001Z
collection,binder,Intimidation Campaign,OTJ,Outlaws of Thunder Junction,208,normal,uncommon,1,93172,596fb7a2-bb79-44b7-ad84-414c8139ec13,0.17,false,false,near_mint,en,USD,2026-08-05T05:13:50.002Z
collection,binder,Buried in the Garden,OTP,Breaking News,38,normal,uncommon,1,93157,507073ca-4f97-4fcb-b570-233f096bf0fd,0.13,false,false,near_mint,en,USD,2026-08-05T05:13:50.003Z
collection,binder,Monsoon,ICE,Ice Age,298,normal,rare,1,39511,254fcc50-79a5-40cd-b028-e78dde3f8480,0.94,false,false,near_mint,en,USD,2026-08-05T05:13:50.004Z
collection,binder,Stimulus Package,SNC,Streets of New Capenna,225,normal,uncommon,1,68069,ecbe7459-8613-4ab8-84dc-deab19c08511,0.21,false,false,near_mint,en,USD,2026-08-05T05:13:50.005Z
collection,binder,Almost Perfect,PIP,Fallout,90,normal,rare,1,92188,564a9bff-969f-49c1-be02-40cb45858f19,0.38,false,false,near_mint,en,USD,2026-08-05T05:13:50.006Z
collection,binder,Karakyk Guardian,TDM,Tarkir: Dragonstorm,198,normal,uncommon,2,104859,a4c77b08-c3f6-4458-8636-f226f9843b6d,0.25,false,false,near_mint,en,USD,2026-08-05T05:13:50.007Z
collection,binder,Temur Battlecrier,TDM,Tarkir: Dragonstorm,425,foil,rare,1,104380,ee706aa4-3188-47ee-b164-35287b26e677,1.11,false,false,near_mint,en,USD,2026-08-05T05:13:50.008Z
collection,binder,Spara's Adjudicators,SNC,Streets of New Capenna,224,normal,common,1,67660,29eb0e40-d184-423f-8484-ee288fda00cd,0.11,false,false,near_mint,en,USD,2026-08-05T05:13:50.009Z
collection,binder,Gurmag Nightwatch,TDM,Tarkir: Dragonstorm,190,normal,common,1,104369,de731430-6bbf-4782-953e-b69c46353959,0.09,false,false,near_mint,en,USD,2026-08-05T05:13:50.010Z
collection,binder,Kheru Goldkeeper,TDM,Tarkir: Dragonstorm,199,normal,uncommon,1,104798,8d11183a-57f5-4ddb-8a6e-15fff704b114,0.31,false,false,near_mint,en,USD,2026-08-05T05:13:50.011Z
collection,binder,Brazen Upstart,SNC,Streets of New Capenna,296,normal,uncommon,1,67654,25fd80c9-e86c-48bd-8c8b-654a29665931,0.09,false,false,near_mint,en,USD,2026-08-05T05:13:50.012Z
collection,binder,Reputable Merchant,TDM,Tarkir: Dragonstorm,217,normal,common,1,105157,b7d0591e-7fb7-40ea-ba2a-cfe544d40216,0.07,false,false,near_mint,en,USD,2026-08-05T05:13:50.013Z
collection,binder,Crew Captain,SNC,Streets of New Capenna,303,normal,uncommon,1,67676,2e9e01f5-393e-4f01-86b9-112a9084ad2f,0.06,false,false,near_mint,en,USD,2026-08-05T05:13:50.014Z
collection,binder,Ziatora's Envoy,SNC,Streets of New Capenna,232,normal,rare,1,67969,ba39154c-aace-4d55-a3ad-7c9eb717ed2b,0.33,false,false,near_mint,en,USD,2026-08-05T05:13:50.015Z
collection,binder,Jetmir's Fixer,SNC,Streets of New Capenna,194,foil,common,1,67712,3e5aa701-28e8-47fa-8c26-4da2f943f582,0.12,false,false,near_mint,en,USD,2026-08-05T05:13:50.016Z
collection,binder,Savage Ventmaw,FDN,Foundations,665,normal,uncommon,1,100489,50027d69-8bb0-444c-8e9b-4c9afd91cbda,0.3,false,false,near_mint,en,USD,2026-08-05T05:13:50.017Z
collection,binder,Jetmir's Fixer,SNC,Streets of New Capenna,194,normal,common,1,67712,3e5aa701-28e8-47fa-8c26-4da2f943f582,0.08,false,false,near_mint,en,USD,2026-08-05T05:13:50.018Z
collection,binder,Junkblade Bruiser,BLB,Bloomburrow,220,normal,common,1,95810,918fd89b-5ab7-4ae2-920c-faca5e9da7b9,0.19,false,false,near_mint,en,USD,2026-08-05T05:13:50.019Z
collection,binder,Wildfire Wickerfolk,DSK,Duskmourn: House of Horror,239,normal,uncommon,1,98854,7c7fbc6e-09c6-4f0e-92e2-766aae950b3d,0.17,false,false,near_mint,en,USD,2026-08-05T05:13:50.020Z
collection,binder,Child of the Pack // Savage Packmate,VOW,Innistrad: Crimson Vow,234,normal,uncommon,1,64414,cb168e3c-2c78-4e70-a39b-06aa6a47998c,0.29,false,false,near_mint,en,USD,2026-08-05T05:13:50.021Z
collection,binder,Writhing Chrysalis,MH3,Modern Horizons 3,208,foil,common,1,94680,f54dbeb1-51f8-40e2-912a-ec25457de5a2,0.42,false,false,near_mint,en,USD,2026-08-05T05:13:50.022Z
collection,binder,Colossal Skyturtle,NEO,Kamigawa: Neon Dynasty,216,normal,uncommon,1,66842,f40bd797-4d12-4098-a1a8-d7e5b7b82ac9,0.5,false,false,near_mint,en,USD,2026-08-05T05:13:50.023Z
collection,binder,Undercover Crocodelf,MKM,Murders at Karlov Manor,239,normal,common,1,90902,5bc669c8-6f39-4d52-82d3-a4005d41c8a5,0.06,false,false,near_mint,en,USD,2026-08-05T05:13:50.024Z
collection,binder,Oblivious Bookworm,DSK,Duskmourn: House of Horror,225,normal,uncommon,1,98913,c7b4c50b-fe76-430d-8f96-208f15ca4cd7,0.19,false,false,near_mint,en,USD,2026-08-05T05:13:50.025Z
collection,binder,Rogue Refiner,DRC,Aetherdrift Commander,118,normal,uncommon,1,103032,4d2f716f-97b3-49dd-b52c-0030d20b1c7f,0.19,false,false,near_mint,en,USD,2026-08-05T05:13:50.027Z
collection,binder,Master Biomancer,CLU,Ravnica: Clue Edition,200,normal,mythic,1,90954,6f4436d1-7c6a-4ad2-8eba-d5949f960650,0.79,false,false,near_mint,en,USD,2026-08-05T05:13:50.028Z
collection,binder,Scuttling Sentinel,CLU,Ravnica: Clue Edition,42,normal,uncommon,1,91304,f3ef6061-9b3f-49cb-a09c-3567fca857d4,0.28,false,false,near_mint,en,USD,2026-08-05T05:13:50.029Z
collection,binder,Unruly Krasis,CLU,Ravnica: Clue Edition,50,normal,rare,1,91093,a3b1b58d-b7f1-404f-aec6-b19cef4bebbd,0.39,false,false,near_mint,en,USD,2026-08-05T05:13:50.030Z
collection,binder,Trygon Predator,FDN,Foundations,667,normal,uncommon,1,101144,cdb88a22-8086-4bf7-89e8-cce929440dd8,0.08,false,false,near_mint,en,USD,2026-08-05T05:13:50.031Z
collection,binder,Dreamdew Entrancer,BLB,Bloomburrow,211,normal,rare,1,95755,26bd6b0d-8606-4a37-8be3-a852f1a8e99c,0.32,false,false,near_mint,en,USD,2026-08-05T05:13:50.033Z
collection,binder,Tidecaller Mentor,BLB,Bloomburrow,236,normal,uncommon,1,95859,fa10ffac-7cc2-41ef-b8a0-9431923c0542,0.17,false,false,near_mint,en,USD,2026-08-05T05:13:50.034Z
collection,binder,Skullsnap Nuisance,DSK,Duskmourn: House of Horror,234,normal,uncommon,1,98776,0fdcdfd0-8c66-4767-a894-58cf0c6d7e07,0.25,false,false,near_mint,en,USD,2026-08-05T05:13:50.035Z
collection,binder,Ice-Fang Coatl,MB2,Mystery Booster 2,83,normal,rare,1,96919,93e53510-e7fc-432b-9274-a790cf826b02,0.45,false,false,near_mint,en,USD,2026-08-05T05:13:50.037Z
collection,binder,Phenomenon Investigators,DSC,Duskmourn: House of Horror Commander,38,normal,rare,1,98974,57195155-6bdf-43c3-9f2e-11c31aef6b9c,0.17,false,false,near_mint,en,USD,2026-08-05T05:13:50.038Z
collection,binder,Drowner of Truth // Drowned Jungle,MH3,Modern Horizons 3,253,normal,uncommon,1,94509,7a1d3c1d-1373-4ac4-bb26-9780976efc4f,0.24,false,false,near_mint,en,USD,2026-08-05T05:13:50.040Z
collection,binder,Conclave Evangelist,CLU,Ravnica: Clue Edition,27,normal,rare,1,90658,0dcccbd8-2135-45e6-8802-8dcaa382a398,2.54,false,false,near_mint,en,USD,2026-08-05T05:13:50.042Z
collection,binder,Sumala Rumblers,CLU,Ravnica: Clue Edition,45,normal,uncommon,2,90769,314e1434-61a8-4587-812e-720a92493fb3,0.28,false,false,near_mint,en,USD,2026-08-05T05:13:50.043Z
collection,binder,Vernadi Shieldmate,CLU,Ravnica: Clue Edition,216,normal,common,1,91072,9c6742b5-f951-47c2-b836-360626b80ab0,0.08,false,false,near_mint,en,USD,2026-08-05T05:13:50.045Z
collection,binder,Vernal Sovereign,CLU,Ravnica: Clue Edition,51,normal,rare,1,91045,8d4ebe8b-8d2f-4534-994e-e387f23cbe1d,0.54,false,false,near_mint,en,USD,2026-08-05T05:13:50.046Z
collection,binder,Civil Servant,SNC,Streets of New Capenna,176,normal,common,2,67632,1cf5da68-a79b-40a3-93bc-785fb2352b05,0.1,false,false,near_mint,en,USD,2026-08-05T05:13:50.048Z
collection,binder,Wilt-Leaf Liege,FDN,Foundations,668,normal,rare,1,100479,4d383bbf-6bb1-4c2c-899b-65d8df9d0889,0.16,false,false,near_mint,en,USD,2026-08-05T05:13:50.049Z
collection,binder,Dryad Militant,FDN,Foundations,656,normal,uncommon,1,100819,8fb36712-26e9-4ec7-8946-626bb7094c15,0.12,false,false,near_mint,en,USD,2026-08-05T05:13:50.050Z
collection,binder,Zebra Unicorn,MIR,Mirage,290,normal,uncommon,1,38300,a663ee9d-78f1-4c89-af9e-c788e165fa91,0.34,false,false,near_mint,en,USD,2026-08-05T05:13:50.052Z
collection,binder,Qasali Ambusher,PLST,The List,ALA-184,normal,uncommon,1,98091,9dedbed5-72d6-4eda-bf9c-ca3c61c53cc2,0.22,false,false,near_mint,en,USD,2026-08-05T05:13:50.053Z
collection,binder,Burrowguard Mentor,BLB,Bloomburrow,206,normal,uncommon,2,95945,87138ace-3594-499e-bad5-ec76148613ea,0.26,false,false,near_mint,en,USD,2026-08-05T05:13:50.055Z
collection,binder,Sigardian Paladin,VOW,Innistrad: Crimson Vow,247,normal,uncommon,1,64154,34228fdd-e466-488e-84b2-4c595e758688,0.25,false,false,near_mint,en,USD,2026-08-05T05:13:50.057Z
collection,binder,Conclave Mentor,M21,Core Set 2021,216,normal,uncommon,1,50926,a328a93a-e720-46d5-a190-cc65d1c90cea,0.37,false,false,near_mint,en,USD,2026-08-05T05:13:50.058Z
collection,binder,Golden-Tail Trainer,MH3,Modern Horizons 3,187,normal,uncommon,1,94384,27d42bd9-0307-42ec-a4cd-b39b69b607d0,0.22,false,false,near_mint,en,USD,2026-08-05T05:13:50.059Z
collection,binder,Grizzled Leotau,PLST,The List,ARB-69,normal,common,1,97352,11f4b7fc-9dea-4fdd-a9df-471a0e8e4902,0.17,false,false,near_mint,en,USD,2026-08-05T05:13:50.060Z
collection,binder,Winding Constrictor,PIP,Fallout,223,normal,uncommon,1,91962,238c728e-5e5d-4fb2-9e97-59b5b0e721c8,0.79,false,false,near_mint,en,USD,2026-08-05T05:13:50.062Z
collection,binder,Pitiless Gorgon,CLU,Ravnica: Clue Edition,203,normal,common,1,91270,e77e14e1-326a-45a2-9522-96c61ddb970b,0.11,false,false,near_mint,en,USD,2026-08-05T05:13:50.063Z
collection,binder,Young Deathclaws,PIP,Fallout,125,normal,uncommon,1,92250,64d5e6bd-de46-4bc2-854b-cc6cae713f98,0.34,false,false,near_mint,en,USD,2026-08-05T05:13:50.064Z
collection,binder,Rakish Scoundrel,MKM,Murders at Karlov Manor,225,foil,common,1,90937,6aaa8c6b-7ef7-45db-99c9-4a6e7f177b94,0.14,false,false,near_mint,en,USD,2026-08-05T05:13:50.065Z
collection,binder,Tribune of Rot,CLU,Ravnica: Clue Edition,48,normal,uncommon,1,91268,e60890ef-daf7-4542-9813-6c6a6e0ab222,0.31,false,false,near_mint,en,USD,2026-08-05T05:13:50.066Z
collection,binder,Sludge Titan,CLU,Ravnica: Clue Edition,43,normal,rare,1,91305,f429617d-7134-4749-af8c-398eee68565d,1.99,false,false,near_mint,en,USD,2026-08-05T05:13:50.069Z
collection,binder,Underrealm Lich,CLU,Ravnica: Clue Edition,215,normal,mythic,1,90768,30c94b1b-35be-4c98-b279-80d95b28201e,7.42,false,false,near_mint,en,USD,2026-08-05T05:13:50.070Z
collection,binder,Kraul Whipcracker,MKM,Murders at Karlov Manor,364,foil,uncommon,1,90642,0a70bb7a-ba29-4fa5-b5f7-e2c71ca7df6f,0.1,false,false,near_mint,en,USD,2026-08-05T05:13:50.071Z
collection,binder,Wardens of the Cycle,FDN,Foundations,125,normal,uncommon,1,100761,83ea9b2c-5723-4eff-88ac-6669975939e3,0.19,false,false,near_mint,en,USD,2026-08-05T05:13:50.072Z
collection,binder,Corpsejack Menace,PIP,Fallout,214,normal,uncommon,1,92895,fb08ac43-f138-47b6-9bff-6248c315b0ca,1.43,false,false,near_mint,en,USD,2026-08-05T05:13:50.074Z
collection,binder,Alpha Deathclaw,PIP,Fallout,91,normal,rare,1,92694,ca4c8b04-66af-4cb3-8003-9088d8344b20,2.43,false,false,near_mint,en,USD,2026-08-05T05:13:50.075Z
collection,binder,Vinereap Mentor,BLB,Bloomburrow,238,normal,uncommon,1,95902,29b615ba-45c4-42a1-8525-1535f0b55300,0.31,false,false,near_mint,en,USD,2026-08-05T05:13:50.077Z
collection,binder,Witherbloom Apprentice,STX,Strixhaven: School of Mages,247,normal,uncommon,1,58177,7f80a11b-188b-464c-b00d-c9d1cfb8ddee,0.55,false,false,near_mint,en,USD,2026-08-05T05:13:50.081Z
collection,binder,Host of the Hereafter,TDM,Tarkir: Dragonstorm,193,normal,uncommon,1,104448,0f182957-8133-45a7-80a3-1944bead4d43,0.3,false,false,near_mint,en,USD,2026-08-05T05:13:50.082Z
collection,binder,Expanding Ooze,MH3,Modern Horizons 3,184,normal,common,2,94599,bbdb095d-b826-4e3e-8c61-0d408e52d6b8,0.19,false,false,near_mint,en,USD,2026-08-05T05:13:50.083Z
collection,binder,Necrogen Rotpriest,ONE,Phyrexia: All Will Be One,212,normal,uncommon,1,78681,87519b36-1d95-4020-a61d-6afb75555e3e,0.26,false,false,near_mint,en,USD,2026-08-05T05:13:50.084Z
collection,binder,Rakish Scoundrel,MKM,Murders at Karlov Manor,225,normal,common,1,90937,6aaa8c6b-7ef7-45db-99c9-4a6e7f177b94,0.09,false,false,near_mint,en,USD,2026-08-05T05:13:50.085Z
collection,binder,Gloomshrieker,NEO,Kamigawa: Neon Dynasty,219,normal,uncommon,2,66424,a2b50751-7f65-4321-86da-eef735bf8b67,0.26,false,false,near_mint,en,USD,2026-08-05T05:13:50.086Z
collection,binder,Pharika's Mender,THS,Theros,197,normal,uncommon,1,15467,f3dcd1ce-717c-431a-9895-f7701d276743,0.18,false,false,near_mint,en,USD,2026-08-05T05:13:50.088Z
collection,binder,Corpse Appraiser,SNC,Streets of New Capenna,178,normal,uncommon,1,68046,e0f254bb-ec77-4147-ab9c-559bc7fba8cd,0.17,false,false,near_mint,en,USD,2026-08-05T05:13:50.089Z
collection,binder,Shattered Seraph,SNC,Streets of New Capenna,221,normal,common,1,68011,cc75ba0d-230e-4ca4-bb40-bd05af2a4457,0.2,false,false,near_mint,en,USD,2026-08-05T05:13:50.090Z
collection,binder,Shattered Seraph,SNC,Streets of New Capenna,333,normal,common,2,68040,de23dfcb-9e17-42bf-9a86-f9e3ce8b4b9c,0.12,false,false,near_mint,en,USD,2026-08-05T05:13:50.091Z
collection,binder,Shattered Seraph,SNC,Streets of New Capenna,221,foil,common,2,68011,cc75ba0d-230e-4ca4-bb40-bd05af2a4457,0.09,false,false,near_mint,en,USD,2026-08-05T05:13:50.092Z
collection,binder,Nimble Larcenist,SNC,Streets of New Capenna,321,normal,uncommon,1,67918,9f640d69-b690-4262-b3d8-e9e28c813f94,0.14,false,false,near_mint,en,USD,2026-08-05T05:13:50.093Z
collection,binder,Nimble Larcenist,SNC,Streets of New Capenna,205,normal,uncommon,1,67584,0150d4c7-2c90-4a71-b2d3-3d9a0079fea1,0.19,false,false,near_mint,en,USD,2026-08-05T05:13:50.094Z
collection,binder,Loch Dragon,ELD,Throne of Eldraine,211,normal,uncommon,1,46127,9a99088e-7162-4e65-867f-bca1c7400ce3,0.19,false,false,near_mint,en,USD,2026-08-05T05:13:50.095Z
collection,binder,Whirler Virtuoso,DRC,Aetherdrift Commander,122,normal,uncommon,1,103324,e6f210bf-30c9-4904-9ceb-4ab180938f09,0.21,false,false,near_mint,en,USD,2026-08-05T05:13:50.097Z
collection,binder,Enigma Drake,FDN,Foundations,657,normal,uncommon,1,100173,13ce1338-5a46-4d96-a991-d5fa8d4330ae,0.08,false,false,near_mint,en,USD,2026-08-05T05:13:50.098Z
collection,binder,Wandering Mind,INR,Innistrad Remastered,252,normal,uncommon,3,102741,b57491d9-ac52-4598-ac36-bed842f141a1,0.13,false,false,near_mint,en,USD,2026-08-05T05:13:50.100Z
collection,binder,Serum-Core Chimera,ONE,Phyrexia: All Will Be One,215,normal,uncommon,1,78484,31147651-9a5e-4329-923b-e464f67135e9,0.08,false,false,near_mint,en,USD,2026-08-05T05:13:50.101Z
collection,binder,Duskmantle Seer,CLU,Ravnica: Clue Edition,188,normal,mythic,2,90851,4d6d4280-4a45-4e77-a33e-58955d096adc,0.32,false,false,near_mint,en,USD,2026-08-05T05:13:50.103Z
collection,binder,Memory Vampire,CLU,Ravnica: Clue Edition,38,normal,rare,2,90908,5d0704a4-8961-43f5-86ed-3f7b43abcf26,0.29,false,false,near_mint,en,USD,2026-08-05T05:13:50.104Z
collection,binder,Jukai Naturalist,NEO,Kamigawa: Neon Dynasty,225,normal,uncommon,3,66369,5366900b-2abf-4e5c-8507-f51aca9c7ce8,0.66,false,false,near_mint,en,USD,2026-08-05T05:13:50.000Z
collection,binder,Vilespawn Spider,VOW,Innistrad: Crimson Vow,250,normal,uncommon,2,64254,6ad9ae64-6526-4747-9b0c-77d113f58c33,0.21,false,false,near_mint,en,USD,2026-08-05T05:13:50.026Z
collection,binder,Vilespawn Spider,INR,Innistrad Remastered,251,normal,uncommon,2,102554,58901777-f8bf-450b-acf8-d60a73c3322f,0.15,false,false,near_mint,en,USD,2026-08-05T05:13:50.036Z
collection,binder,Selesnya Guildmage,CLU,Ravnica: Clue Edition,207,normal,uncommon,2,91058,954b8e86-284a-4a6f-ac35-896afd414f8a,0.13,false,false,near_mint,en,USD,2026-08-05T05:13:50.044Z
collection,binder,Head of the Homestead,BLB,Bloomburrow,216,normal,common,4,95762,2fc20157-edd3-484d-8864-925c071c0551,0.16,false,false,near_mint,en,USD,2026-08-05T05:13:50.054Z
collection,binder,Ancient Lumberknot,VOW,Innistrad: Crimson Vow,230,normal,uncommon,4,64126,22264087-bac4-4746-b6ce-0d44cce163e6,0.25,false,false,near_mint,en,USD,2026-08-05T05:13:50.061Z
collection,binder,Nyx Weaver,JOU,Journey into Nyx,153,normal,uncommon,2,14496,0e8553cc-8f61-4022-97c9-e31183b65059,0.26,false,false,near_mint,en,USD,2026-08-05T05:13:50.067Z
collection,binder,Broodspinner,DSK,Duskmourn: House of Horror,211,normal,uncommon,2,99011,dcdd2622-ab7a-4990-b026-3667cac42894,0.27,false,false,near_mint,en,USD,2026-08-05T05:13:50.073Z
collection,binder,Corpseberry Cultivator,BLB,Bloomburrow,210,normal,common,2,95829,c911a759-ed7b-452b-88a3-663478357610,0.21,false,false,near_mint,en,USD,2026-08-05T05:13:50.076Z
collection,binder,Enthusiastic Mechanaut,NEO,Kamigawa: Neon Dynasty,218,normal,uncommon,2,66434,ac00521f-1b7d-478d-afe8-6761ea512d8d,0.38,false,false,near_mint,en,USD,2026-08-05T05:13:50.096Z
collection,binder,Silver-Fur Master,NEO,Kamigawa: Neon Dynasty,353,normal,uncommon,3,66377,5d9a0771-072c-4b0c-afcb-15a6406473c6,0.35,false,false,near_mint,en,USD,2026-08-05T05:20:08.957Z
collection,binder,Haunting Apparition,MIR,Mirage,267,normal,uncommon,1,38323,8ce9c58f-6470-4e0f-8f6b-457fbaac7451,0.13,false,false,near_mint,en,USD,2026-08-05T05:20:08.959Z
collection,binder,Undercover Butler,CLU,Ravnica: Clue Edition,49,normal,uncommon,2,91217,d0b24567-8fb7-4ec0-b81b-21a141c3861a,0.19,false,false,near_mint,en,USD,2026-08-05T05:20:08.963Z
collection,binder,Nightkin Ambusher,PIP,Fallout,112,normal,uncommon,1,92698,ca7cfcb2-83fb-41ad-ae31-9c32c942506c,0.31,false,false,near_mint,en,USD,2026-08-05T05:20:08.964Z
collection,binder,Consuming Aberration,FDN,Foundations,238,normal,rare,1,101066,bc2b28fd-66b0-457c-80ea-7caed2cc7926,0.35,false,false,near_mint,en,USD,2026-08-05T05:20:08.965Z
collection,binder,Hostage Taker,LTC,Tales of Middle-earth Commander,268,normal,rare,1,82890,183ae03f-ee62-4b5c-9f8f-16b21af8eaa0,0.34,false,false,near_mint,en,USD,2026-08-05T05:20:08.966Z
collection,binder,Notion Thief,LTC,Tales of Middle-earth Commander,270,normal,rare,1,83493,c7654035-7d5a-4897-af0e-429edebbb55b,3.46,false,false,near_mint,en,USD,2026-08-05T05:20:08.967Z
collection,binder,Syndicate Infiltrator,SNC,Streets of New Capenna,226,normal,uncommon,1,67985,bf86c5f2-0caf-48ca-b7ad-a1cdcd014539,0.12,false,false,near_mint,en,USD,2026-08-05T05:20:08.968Z
collection,binder,Snooping Newsie,SNC,Streets of New Capenna,222,normal,common,1,67981,bed1e957-3df1-4640-9980-783817826602,0.07,false,false,near_mint,en,USD,2026-08-05T05:20:08.969Z
collection,binder,Aven Heartstabber,SNC,Streets of New Capenna,166,normal,rare,1,67940,acef329c-61e6-41c1-8d89-ff2417949839,0.26,false,false,near_mint,en,USD,2026-08-05T05:20:08.970Z
collection,binder,Bladestitched Skaab,INR,Innistrad Remastered,231,normal,uncommon,1,102724,af14d311-0fd5-4979-bc46-1421472c3b0a,0.3,false,false,near_mint,en,USD,2026-08-05T05:20:08.973Z
collection,binder,Sneaky Snacker,MH3,Modern Horizons 3,205,normal,common,1,94837,0e3aedae-e4bb-48e3-9f8b-bea0430df306,0.31,false,false,near_mint,en,USD,2026-08-05T05:20:08.974Z
collection,binder,Consuming Aberration,PLST,The List,GK1-10,normal,rare,1,97286,0790e051-5722-4593-bc12-2e36fd69767e,0.23,false,false,near_mint,en,USD,2026-08-05T05:20:08.975Z
collection,binder,Mind Drill Assailant,BLB,Bloomburrow,225,normal,common,2,95783,507ba708-ca9b-453e-b4c2-23b6650eb5a8,0.16,false,false,near_mint,en,USD,2026-08-05T05:20:08.976Z
collection,binder,Dreadwing Scavenger,FDN,Foundations,118,normal,uncommon,1,101252,e24d838b-ab48-410a-9a50-dbfea5da089b,0.2,false,false,near_mint,en,USD,2026-08-05T05:20:08.978Z
collection,binder,Mistmeadow Witch,PLST,The List,CMA-203,normal,uncommon,1,47827,48930979-41a6-472c-bc97-32b747caa02f,0.25,false,false,near_mint,en,USD,2026-08-05T05:20:08.980Z
collection,binder,Private Eye,MKM,Murders at Karlov Manor,223,normal,uncommon,1,91150,b6a50807-058e-45dc-847c-8ffd13b1bd48,0.17,false,false,near_mint,en,USD,2026-08-05T05:20:08.982Z
collection,binder,Celestial Regulator,SNC,Streets of New Capenna,174,normal,common,1,67653,25803f0b-4475-447e-abdf-dcd6a98dd654,0.16,false,false,near_mint,en,USD,2026-08-05T05:20:08.983Z
collection,binder,Cloudblazer,FDN,Foundations,653,normal,uncommon,1,100959,a9c966ab-0d92-4fa7-8a91-1f77089d8fc7,0.14,false,false,near_mint,en,USD,2026-08-05T05:20:08.984Z
collection,binder,Brine Comber // Brinebound Gift,VOW,Innistrad: Crimson Vow,233,normal,uncommon,1,64308,8d233bc5-8a08-4d38-abd4-21a112141afd,0.17,false,false,near_mint,en,USD,2026-08-05T05:20:08.986Z
collection,binder,Riddle Gate Gargoyle,MH3,Modern Horizons 3,201,normal,common,1,94854,4e72a934-12e0-4e56-af67-566c2d5b01c1,0.2,false,false,near_mint,en,USD,2026-08-05T05:20:08.987Z
collection,binder,Emissary of Soulfire,MH3,Modern Horizons 3,183,normal,uncommon,1,94852,4663e9e3-1989-4ddb-9508-9cc055d2ebe9,0.17,false,false,near_mint,en,USD,2026-08-05T05:20:08.988Z
collection,binder,Crystalline Sliver,PLST,The List,STH-127,normal,uncommon,1,55019,8c10b48a-f21c-4f4a-84d1-2beedef05270,3.04,false,false,near_mint,en,USD,2026-08-05T05:20:08.989Z
collection,binder,Puresight Merrow,PLST,The List,SHM-146,normal,uncommon,1,97593,41a6861f-d740-432c-8f26-edd0d23954f3,0.18,false,false,near_mint,en,USD,2026-08-05T05:20:08.990Z
collection,binder,Inquisitive Glimmer,DSK,Duskmourn: House of Horror,217,normal,uncommon,1,98752,f1f66e3e-9f1f-4601-aa30-30b66805a5a8,0.34,false,false,near_mint,en,USD,2026-08-05T05:20:08.991Z
collection,binder,Drogskol Reaver,FDN,Foundations,655,normal,rare,1,101086,c0a4450c-8dfd-4d05-adb9-e84ec6066c7d,0.21,false,false,near_mint,en,USD,2026-08-05T05:20:08.992Z
collection,binder,Empyrean Eagle,FDN,Foundations,239,normal,uncommon,1,100533,577e99a7-4a55-4314-8f08-2ae0c33b85c7,0.28,false,false,near_mint,en,USD,2026-08-05T05:20:08.993Z
collection,binder,Reigning Victor,TDM,Tarkir: Dragonstorm,216,normal,common,1,104334,a394112a-032b-4047-887a-6522cf7b83d5,0.14,false,false,near_mint,en,USD,2026-08-05T05:20:08.994Z
collection,binder,Ankle Shanker,PKTK,Khans of Tarkir Promos,164,foil,rare,1,13428,4705beb8-2c8b-4a15-aff1-580af3698fcf,0.96,false,false,near_mint,en,USD,2026-08-05T05:20:08.995Z
collection,binder,Bloodtithe Harvester,INR,Innistrad Remastered,233,normal,uncommon,1,102723,ae4aec0d-c853-44e6-9f51-cbecf413ea14,0.26,false,false,near_mint,en,USD,2026-08-05T05:20:08.996Z
collection,binder,Murderous Redcap,PLST,The List,SHM-192,normal,uncommon,1,54939,4a25628a-beca-4dab-8b2e-dcd70f830bab,1.1,false,false,near_mint,en,USD,2026-08-05T05:20:08.997Z
collection,binder,Sawblade Skinripper,DSK,Duskmourn: House of Horror,231,foil,uncommon,1,98917,cbe51964-50d2-49b0-9c3c-81751dcbeade,0.26,false,false,near_mint,en,USD,2026-08-05T05:20:08.998Z
collection,binder,Fireglass Mentor,BLB,Bloomburrow,213,foil,uncommon,1,95823,b78fbaa3-c580-4290-9c28-b74169aab2fc,0.3,false,false,near_mint,en,USD,2026-08-05T05:20:08.999Z
collection,binder,Perforating Artist,FDN,Foundations,124,normal,uncommon,1,100674,72980409-53f0-43c1-965e-06f22e7bb608,0.22,false,false,near_mint,en,USD,2026-08-05T05:20:09.000Z
collection,binder,Forge Boss,SNC,Streets of New Capenna,189,normal,uncommon,1,67746,5052247d-ef72-47f0-973d-2be98bf754c1,0.15,false,false,near_mint,en,USD,2026-08-05T05:20:09.001Z
collection,binder,Moria Scavenger,LTC,Tales of Middle-earth Commander,63,normal,rare,1,83614,ea926187-ac8e-4197-8fd4-ac6b8d818d83,0.33,false,false,near_mint,en,USD,2026-08-05T05:20:09.002Z
collection,binder,Graywater's Fixer,OTC,Outlaws of Thunder Junction Commander,36,normal,rare,1,93753,958cef68-8417-40c1-8943-c816a3c8a2fd,0.36,false,false,near_mint,en,USD,2026-08-05T05:20:09.003Z
collection,binder,Boomer Scrapper,PIP,Fallout,95,normal,rare,1,91916,193d0316-9b94-4ccb-9103-509e6a0963a1,0.28,false,false,near_mint,en,USD,2026-08-05T05:20:09.004Z
collection,binder,Discordant Spirit,MIR,Mirage,261,normal,rare,1,38329,be67b950-dfe3-4159-aa53-63df25d2a926,0.62,false,false,near_mint,en,USD,2026-08-05T05:20:09.005Z
collection,binder,Hardened Tactician,TDM,Tarkir: Dragonstorm,191,normal,uncommon,1,104780,86b225cb-5c45-4da1-a64e-b04091e483e8,0.34,false,false,near_mint,en,USD,2026-08-05T05:20:09.006Z
collection,binder,Edgewalker,PLST,The List,SCG-137,normal,uncommon,1,97271,04597f03-5723-4ac7-84b0-8a7fa1716026,0.37,false,false,near_mint,en,USD,2026-08-05T05:20:09.007Z
collection,binder,Markov Purifier,VOW,Innistrad: Crimson Vow,312,normal,uncommon,1,64212,533673f3-5e18-4630-bd71-001774d698a8,0.18,false,false,near_mint,en,USD,2026-08-05T05:20:09.008Z
collection,binder,Ondu Knotmaster // Throw a Line,MH3,Modern Horizons 3,196,normal,uncommon,1,94382,27912e61-97ef-406b-bb88-4fe89a54726e,0.17,false,false,near_mint,en,USD,2026-08-05T05:20:09.010Z
collection,binder,Markov Purifier,VOW,Innistrad: Crimson Vow,241,foil,uncommon,1,64386,bb95d34a-0b13-4533-9efc-08381c81e6cd,0.3,false,false,near_mint,en,USD,2026-08-05T05:20:09.011Z
collection,binder,Moonrise Cleric,BLB,Bloomburrow,226,normal,common,1,95767,35f2a71f-31e8-4b51-9dd4-51a5336b3b86,0.19,false,false,near_mint,en,USD,2026-08-05T05:20:09.013Z
collection,binder,Fiendish Panda,FDN,Foundations,120,normal,uncommon,1,100483,4e434d74-cad0-45f5-bc8d-f34aa5e1d879,0.16,false,false,near_mint,en,USD,2026-08-05T05:20:09.014Z
collection,binder,Markov Purifier,VOW,Innistrad: Crimson Vow,241,normal,uncommon,1,64386,bb95d34a-0b13-4533-9efc-08381c81e6cd,0.28,false,false,near_mint,en,USD,2026-08-05T05:20:09.015Z
collection,binder,General's Enforcer,PIP,Fallout,217,normal,uncommon,1,92260,682373ca-d358-4a21-8cbe-4a41d8636b42,0.39,false,false,near_mint,en,USD,2026-08-05T05:20:09.016Z
collection,binder,Syndicate Heavy,CLU,Ravnica: Clue Edition,47,normal,rare,1,90722,251e36f1-1bfd-4c04-8c61-1c2bc18beb8a,0.4,false,false,near_mint,en,USD,2026-08-05T05:20:09.017Z
collection,binder,White Glove Gourmand,PIP,Fallout,124,normal,uncommon,1,92675,c5bf1f6c-4653-4734-9bd7-af689a1b679d,0.26,false,false,near_mint,en,USD,2026-08-05T05:20:09.018Z
collection,binder,Seraph of the Scales,CLU,Ravnica: Clue Edition,208,normal,mythic,1,91256,e1eb4816-2f33-4800-a9f0-11fec4ac4cd0,0.36,false,false,near_mint,en,USD,2026-08-05T05:20:09.019Z
collection,binder,Orzhov Guildmage,CLU,Ravnica: Clue Edition,201,normal,uncommon,1,90912,5eb5c82b-71aa-4c94-bda0-3e5abe10ea67,0.11,false,false,near_mint,en,USD,2026-08-05T05:20:09.020Z
collection,binder,Conduit Goblin,MH3,Modern Horizons 3,179,normal,common,1,94461,5c9ad04d-c4d4-4d06-93bb-a881be733717,0.13,false,false,near_mint,en,USD,2026-08-05T05:20:09.022Z
collection,binder,Skyknight Vanguard,PLST,The List,M20-218,normal,uncommon,1,98458,e570f4d4-5235-4ee8-a00f-8c327637c493,0.34,false,false,near_mint,en,USD,2026-08-05T05:20:09.024Z
collection,binder,"Ezio, Brash Novice",ACR,Assassin's Creed,55,normal,uncommon,2,95336,3351cae2-87be-4438-ba58-f4f4aff2416c,0.16,false,false,near_mint,en,USD,2026-08-05T05:20:09.030Z
collection,binder,Bureau Headmaster,ACR,Assassin's Creed,296,normal,uncommon,3,95377,58766566-6e19-4f74-bfce-5a61429ffaa9,5.9,false,false,near_mint,en,USD,2026-08-05T05:20:09.031Z
collection,binder,Armory Paladin,PIP,Fallout,93,normal,rare,1,92154,4e5ffa95-5c5f-449b-820a-7d5bc1688d29,0.35,false,false,near_mint,en,USD,2026-08-05T05:20:09.033Z
collection,binder,Wojek Halberdiers,GTC,Gatecrash,208,normal,common,1,16616,423f0870-dc1c-4cd8-b92c-6d5f92abbaec,0.06,false,false,near_mint,en,USD,2026-08-05T05:20:09.034Z
collection,binder,Dog Walker,MKM,Murders at Karlov Manor,197,normal,common,2,91102,a6e0adb7-a030-4dcc-9284-cd91c7598a22,0.18,false,false,near_mint,en,USD,2026-08-05T05:20:09.035Z
collection,binder,Asari Captain,NEO,Kamigawa: Neon Dynasty,215,normal,uncommon,1,66400,834b4e6a-1812-4399-8fe4-bb1686ba49ef,0.24,false,false,near_mint,en,USD,2026-08-05T05:20:09.036Z
collection,binder,Dimir Guildmage,CLU,Ravnica: Clue Edition,186,normal,uncommon,2,90646,0b963389-6231-4095-a1f4-33457ce51ff2,0.09,false,false,near_mint,en,USD,2026-08-05T05:20:08.954Z
collection,binder,Whisper Agent,CLU,Ravnica: Clue Edition,218,normal,common,2,90863,521d1016-6f80-49a2-a76b-59e86d3fae3e,0.08,false,false,near_mint,en,USD,2026-08-05T05:20:08.955Z
collection,binder,Silver-Fur Master,NEO,Kamigawa: Neon Dynasty,236,normal,uncommon,2,66452,cacc36d9-4c4b-43b2-a8b4-d265deb1e6b2,0.39,false,false,near_mint,en,USD,2026-08-05T05:20:08.956Z
collection,binder,Skull Skaab,VOW,Innistrad: Crimson Vow,248,normal,uncommon,3,64134,268fd7e7-0105-4c39-a3ea-77ed32214ff3,0.2,false,false,near_mint,en,USD,2026-08-05T05:20:08.972Z
collection,binder,Wrangler of the Damned,OTJ,Outlaws of Thunder Junction,238,normal,uncommon,2,93311,b4d163dd-67dc-4aab-afb9-d043352d109c,0.11,false,false,near_mint,en,USD,2026-08-05T05:20:08.981Z
collection,binder,Obstinate Gargoyle,MH3,Modern Horizons 3,195,normal,common,2,94849,40cf39f2-7382-405d-a14b-7eb8726cd38a,0.21,false,false,near_mint,en,USD,2026-08-05T05:20:09.009Z
collection,binder,Markov Waltzer,INR,Innistrad Remastered,245,normal,uncommon,2,102460,231f4da2-8756-4f99-a46f-b8afe9adb80d,0.16,false,false,near_mint,en,USD,2026-08-05T05:20:09.021Z
collection,binder,Seedglaive Mentor,BLB,Bloomburrow,231,normal,uncommon,2,95836,d21c3e41-0636-49a3-8c9c-384c5e5c9c3e,0.24,false,false,near_mint,en,USD,2026-08-05T05:20:09.025Z
collection,binder,Markov Waltzer,VOW,Innistrad: Crimson Vow,242,normal,uncommon,3,64404,c2f45bc0-36ed-44ec-9bc8-31ea7c7fafdb,0.05,false,false,near_mint,en,USD,2026-08-05T05:20:09.026Z
collection,binder,Veteran Guardmouse,BLB,Bloomburrow,237,normal,common,2,95771,3db43c46-b616-4ef8-80ed-0fab345ab3d0,0.18,false,false,near_mint,en,USD,2026-08-05T05:20:09.027Z
collection,binder,"Niv-Mizzet, Guildpact",MKM,Murders at Karlov Manor,220,foil,rare,1,90778,32a8fda6-8614-45cd-879c-0cb7fa29647e,0.31,false,false,near_mint,en,USD,2026-08-05T05:29:53.449Z
collection,binder,"Havi, the All-Father",ACR,Assassin's Creed,56,normal,rare,1,95412,7c44cc99-eb71-4be3-89f2-74473f2717d3,0.35,false,false,near_mint,en,USD,2026-08-05T05:29:53.451Z
collection,binder,"Preston Garvey, Minuteman",PIP,Fallout,8,foil,mythic,1,91955,22b60168-1e7b-4c80-bb93-6841c1e961bb,0.34,false,false,near_mint,en,USD,2026-08-05T05:29:53.452Z
collection,binder,"Dogmeat, Ever Loyal",PIP,Fallout,2,foil,mythic,1,92398,86b45e3e-8460-4678-87d1-d74479936c83,0.56,false,false,near_mint,en,USD,2026-08-05T05:29:53.453Z
collection,binder,"Mazzy, Truesword Paladin",CLB,Commander Legends: Battle for Baldur's Gate,283,foil,rare,1,69008,4d79c221-e07a-41e1-b92f-dc057802449c,0.32,false,false,near_mint,en,USD,2026-08-05T05:29:53.454Z
collection,binder,"Rocco, Cabaretti Caterer",SNC,Streets of New Capenna,332,normal,uncommon,1,67604,0cbc93cb-8df4-446f-b99f-21238355ad64,0.23,false,false,near_mint,en,USD,2026-08-05T05:29:53.455Z
collection,binder,"Ghired, Conclave Exile",C19,Commander 2019,42,foil,mythic,1,45892,d0825bcd-8cf8-498a-a61e-406f136e1f3f,0.28,false,false,near_mint,en,USD,2026-08-05T05:29:53.456Z
collection,binder,"Zacama, Primal Calamity",CMM,Commander Masters,691,normal,rare,1,85061,f6d59045-12b9-47aa-b1d5-15a07b4b931a,5.95,false,false,near_mint,en,USD,2026-08-05T05:29:53.457Z
collection,binder,Nine-Fingers Keene,CLB,Commander Legends: Battle for Baldur's Gate,546,etched,rare,1,69130,8223ccdc-abf2-42b5-a8b3-c5afbf843552,0.28,false,false,near_mint,en,USD,2026-08-05T05:29:53.458Z
collection,binder,"The Master, Transcendent",PIP,Fallout,6,foil,mythic,1,92209,5b0497da-670a-405c-a39c-97cae7942836,0.63,false,false,near_mint,en,USD,2026-08-05T05:29:53.459Z
collection,binder,The Wise Mothman,PIP,Fallout,4,foil,mythic,1,92078,3d6d6944-a364-41c2-b824-7a1bf6ad0d1e,2.73,false,false,near_mint,en,USD,2026-08-05T05:29:53.460Z
collection,binder,The Mimeoplasm,OTC,Outlaws of Thunder Junction Commander,234,normal,rare,1,93762,998b86f3-e53f-4ebb-b111-6f14577fded1,0.29,false,false,near_mint,en,USD,2026-08-05T05:29:53.461Z
collection,binder,"Saheeli, Radiant Creator",DRC,Aetherdrift Commander,3,foil,mythic,1,103072,5fea0781-e933-47ef-9414-92c8652a7778,0.25,false,false,near_mint,en,USD,2026-08-05T05:29:53.462Z
collection,binder,"Pia Nalaar, Chief Mechanic",DRC,Aetherdrift Commander,2,foil,mythic,1,103364,f4b46b1f-0cfe-42cc-aac5-e6912b2f9fd2,0.23,false,false,near_mint,en,USD,2026-08-05T05:29:53.463Z
collection,binder,"Thantis, the Warweaver",PLST,The List,C18-46,normal,mythic,1,98590,ff540cf0-5514-45fd-907c-85a2308bbb59,0.76,false,false,near_mint,en,USD,2026-08-05T05:29:53.464Z
collection,binder,"Sek'Kuar, Deathkeeper",CMM,Commander Masters,354,foil,rare,1,84718,a873dbe5-d95a-4ecb-ac0a-8dc6c40f3576,0.31,false,false,near_mint,en,USD,2026-08-05T05:29:53.465Z
collection,binder,Thrakkus the Butcher,CLB,Commander Legends: Battle for Baldur's Gate,440,normal,uncommon,1,68936,2c3f56b9-7460-49b6-8f6d-48cccd7978fd,0.31,false,false,near_mint,en,USD,2026-08-05T05:29:53.467Z
collection,binder,"Raggadragga, Goreguts Boss",CLB,Commander Legends: Battle for Baldur's Gate,548,etched,rare,1,69372,f3dc26ee-5a1e-4fbb-b104-f454fd9dc7e9,0.36,false,false,near_mint,en,USD,2026-08-05T05:29:53.468Z
collection,binder,"Gimli, Mournful Avenger",LTR,The Lord of the Rings: Tales of Middle-earth,209,normal,rare,1,83579,df4be38c-3f93-4ff4-bff4-94753b96f2f3,0.3,false,false,near_mint,en,USD,2026-08-05T05:29:53.471Z
collection,binder,The Space Family Goblinson,UNF,Unfinity,179,normal,uncommon,1,72675,26177224-3c0e-4081-8468-3cd9981ddb0a,0.08,false,false,near_mint,en,USD,2026-08-05T05:29:53.473Z
collection,binder,"Raggadragga, Goreguts Boss",CLB,Commander Legends: Battle for Baldur's Gate,437,normal,rare,2,69041,59d8f9c5-b5b6-451c-be60-ce8d16423f31,0.3,false,false,near_mint,en,USD,2026-08-05T05:29:53.474Z
collection,binder,Agatha of the Vile Cauldron,WOE,Wilds of Eldraine,199,foil,mythic,1,85748,d6c48f07-63b7-4a60-8da6-ce77405abf1e,2.4,false,false,near_mint,en,USD,2026-08-05T05:29:53.475Z
collection,binder,"Cait, Cage Brawler",PIP,Fallout,96,normal,rare,1,92903,fca61d02-2819-483f-9d30-862f0650ab0a,0.29,false,false,near_mint,en,USD,2026-08-05T05:29:53.476Z
collection,binder,"Ruby, Daring Tracker",FDN,Foundations,245,normal,uncommon,1,101405,fe3e7dd2-b66d-4218-9fde-f84bec26b7bf,0.27,false,false,near_mint,en,USD,2026-08-05T05:29:53.477Z
collection,binder,"Halana and Alena, Partners",FDN,Foundations,659,normal,rare,1,101034,b649f459-c9dc-495d-8703-b685996bb80c,0.35,false,false,near_mint,en,USD,2026-08-05T05:29:53.478Z
collection,binder,Thrakkus the Butcher,CLB,Commander Legends: Battle for Baldur's Gate,295,normal,uncommon,1,68912,2255d1e4-f387-4187-8c10-7d0009f6ec79,0.41,false,false,near_mint,en,USD,2026-08-05T05:29:53.479Z
collection,binder,"Halana and Alena, Partners",VOW,Innistrad: Crimson Vow,239,normal,rare,1,64236,608fa232-f5fe-4c58-9efe-fb780f454b19,0.76,false,false,near_mint,en,USD,2026-08-05T05:29:53.480Z
collection,binder,"Raggadragga, Goreguts Boss",CLB,Commander Legends: Battle for Baldur's Gate,291,foil,rare,1,68859,1166ce2a-4e0b-4a57-929d-566f461a6282,0.36,false,false,near_mint,en,USD,2026-08-05T05:29:53.481Z
collection,binder,Thrakkus the Butcher,CLB,Commander Legends: Battle for Baldur's Gate,295,foil,uncommon,1,68912,2255d1e4-f387-4187-8c10-7d0009f6ec79,7.49,false,false,near_mint,en,USD,2026-08-05T05:29:53.482Z
collection,binder,"Torens, Fist of the Angels",INR,Innistrad Remastered,250,normal,rare,1,102850,f8566528-ba96-4425-8831-b5d6197da9ae,0.35,false,false,near_mint,en,USD,2026-08-05T05:29:53.483Z
collection,binder,"Sigarda, Host of Herons",INR,Innistrad Remastered,247,normal,mythic,1,102667,8f7a6f6d-dfe3-40d3-90dc-58baa8924baf,3.26,false,false,near_mint,en,USD,2026-08-05T05:29:53.484Z
collection,binder,Gaddock Teeg,PLST,The List,UMA-199,normal,rare,1,97653,4ed8c8ba-7618-4cb2-9856-173fc54176f2,1.03,false,false,near_mint,en,USD,2026-08-05T05:29:53.485Z
collection,binder,"Finneas, Ace Archer",BLB,Bloomburrow,212,normal,rare,1,95741,0dee197d-c313-4364-b52c-f83d5f579bc3,0.34,false,false,near_mint,en,USD,2026-08-05T05:29:53.486Z
collection,binder,"Aragorn, Company Leader",LTR,The Lord of the Rings: Tales of Middle-earth,191,normal,rare,1,83194,73ca5f48-0117-49d6-8b00-b8482e3545b3,0.27,false,false,near_mint,en,USD,2026-08-05T05:29:53.488Z
collection,binder,"Aragorn, Company Leader",LTR,The Lord of the Rings: Tales of Middle-earth,410,normal,rare,1,83177,6dbb70f9-c8f6-4082-9d63-4efdd6a20527,0.62,false,false,near_mint,en,USD,2026-08-05T05:29:53.492Z
collection,binder,"Satsuki, the Living Lore",NEO,Kamigawa: Neon Dynasty,235,normal,rare,2,66495,0152575b-31b0-4142-9cc2-b87a81bd51a8,0.38,false,false,near_mint,en,USD,2026-08-05T05:29:53.494Z
collection,binder,Frodo Baggins,LTR,The Lord of the Rings: Tales of Middle-earth,320,normal,uncommon,1,83196,741a266c-b2e9-4981-93ef-843cea95ca76,0.22,false,false,near_mint,en,USD,2026-08-05T05:29:53.495Z
collection,binder,"Cadira, Caller of the Small",CLB,Commander Legends: Battle for Baldur's Gate,417,normal,uncommon,1,68855,101af06e-24fa-40e5-9e53-77ef571b7f71,0.18,false,false,near_mint,en,USD,2026-08-05T05:29:53.496Z
collection,binder,"Cadira, Caller of the Small",CLB,Commander Legends: Battle for Baldur's Gate,269,normal,uncommon,1,69104,75994e0b-b0c7-4b0d-8f48-4be303429bd6,0.21,false,false,near_mint,en,USD,2026-08-05T05:29:53.497Z
collection,binder,"Torens, Fist of the Angels",VOW,Innistrad: Crimson Vow,344,foil,rare,1,64104,162a3448-34fd-4de6-a6b4-f6d636eead8c,0.47,false,false,near_mint,en,USD,2026-08-05T05:29:53.498Z
collection,binder,Trostani Discordant,CLU,Ravnica: Clue Edition,213,normal,mythic,1,90985,79d61bba-4404-4336-8290-51d1576f728d,0.37,false,false,near_mint,en,USD,2026-08-05T05:29:53.500Z
collection,binder,"Zar Ojanen, Scion of Efrava",DMU,Dominaria United,326,normal,uncommon,1,71654,a15e0c8b-3609-4a59-8e9b-bf2ce93d775f,0.15,false,false,near_mint,en,USD,2026-08-05T05:29:53.501Z
collection,binder,"Rosheen, Roaring Prophet",MH3,Modern Horizons 3,202,normal,rare,2,94589,b5ac88b2-a92e-4a12-9ba3-5a4b8cdb58dc,0.16,false,false,near_mint,en,USD,2026-08-05T05:29:53.466Z
collection,binder,"Strider, Ranger of the North",LTR,The Lord of the Rings: Tales of Middle-earth,232,normal,uncommon,3,83081,54461d61-a745-467f-9fbe-b5e7a8edbdbf,0.21,false,false,near_mint,en,USD,2026-08-05T05:29:53.469Z
collection,binder,"Butterbur, Bree Innkeeper",LTR,The Lord of the Rings: Tales of Middle-earth,197,normal,uncommon,4,83640,f3fd9ff1-278b-4e6a-b30b-90250d8b5762,0.18,false,false,near_mint,en,USD,2026-08-05T05:29:53.487Z
collection,binder,Tusk and Whiskers,UNF,Unfinity,273,normal,uncommon,2,72741,4f7d2436-0ba3-4827-ae9a-aa75735ba3ff,0.08,false,false,near_mint,en,USD,2026-08-05T05:29:53.490Z
collection,binder,"Hogaak, Arisen Necropolis",MB2,Mystery Booster 2,136,normal,rare,1,96743,3f0c93e1-1057-42b9-8503-10ab757df2e8,1.32,false,false,near_mint,en,USD,2026-08-05T05:30:09.410Z
collection,binder,Agent Frank Horrigan,PIP,Fallout,89,normal,rare,1,92457,91193a0b-9087-404f-b397-815e29d0fe12,5.42,false,false,near_mint,en,USD,2026-08-05T05:33:02.470Z
collection,binder,"Sméagol, Helpful Guide",LTR,The Lord of the Rings: Tales of Middle-earth,231,normal,rare,1,82866,13253f8d-1897-41e8-a904-9e57ac7eff0a,0.33,false,false,near_mint,en,USD,2026-08-05T05:33:02.471Z
collection,binder,Honest Rutstein,OTJ,Outlaws of Thunder Junction,207,normal,uncommon,1,93093,259ddf66-76af-4857-83c3-c812327a6e23,0.38,false,false,near_mint,en,USD,2026-08-05T05:33:02.472Z
collection,binder,Old Man Willow,LTR,The Lord of the Rings: Tales of Middle-earth,217,normal,uncommon,3,82826,0362b7c4-fff5-4bc2-b32d-913f85c23cc4,0.23,false,false,near_mint,en,USD,2026-08-05T05:33:02.474Z
collection,binder,"Shessra, Death's Whisper",AFR,Adventures in the Forgotten Realms,345,foil,uncommon,1,60129,02a98a2d-a837-4911-b726-b2cee17cf450,0.35,false,false,near_mint,en,USD,2026-08-05T05:33:02.475Z
collection,binder,"Sméagol, Helpful Guide",LTR,The Lord of the Rings: Tales of Middle-earth,330,normal,rare,1,83411,b3ebf3a3-3dd1-48e0-ad84-c3295de2e032,0.43,false,false,near_mint,en,USD,2026-08-05T05:33:02.477Z
collection,binder,"Baba Lysaga, Night Witch",CLB,Commander Legends: Battle for Baldur's Gate,525,etched,rare,1,69236,b330c216-4c1f-4318-8add-20b766afd94c,0.38,false,false,near_mint,en,USD,2026-08-05T05:33:02.478Z
collection,binder,"Shelob, Child of Ungoliant",LTR,The Lord of the Rings: Tales of Middle-earth,230,normal,rare,1,83350,a14c4b29-3363-45ce-9190-0f79e1a0ef7f,2.07,false,false,near_mint,en,USD,2026-08-05T05:33:02.479Z
collection,binder,Old Rutstein,VOW,Innistrad: Crimson Vow,244,foil,rare,1,64240,625b8023-2ef1-4b7b-9e48-4f774fee14e0,0.69,false,false,near_mint,en,USD,2026-08-05T05:33:02.480Z
collection,binder,"Kagha, Shadow Archdruid",CLB,Commander Legends: Battle for Baldur's Gate,426,normal,uncommon,1,69067,62a8926b-15f5-422b-b6cf-66d71f2c86dc,0.22,false,false,near_mint,en,USD,2026-08-05T05:33:02.481Z
collection,binder,The Most Dangerous Gamer,UNF,Unfinity,174,normal,rare,1,72865,a08b8ff8-13e4-46e7-b028-d055e4548f6a,0.23,false,false,near_mint,en,USD,2026-08-05T05:33:02.482Z
collection,binder,"Uurg, Spawn of Turg",DMU,Dominaria United,225,normal,uncommon,1,71804,dd3fc36c-682b-4352-a66f-eddd2baf0bf6,0.21,false,false,near_mint,en,USD,2026-08-05T05:33:02.484Z
collection,binder,"Camellia, the Seedmiser",BLB,Bloomburrow,207,normal,rare,1,95759,2c16eaec-924c-42f6-9fea-07edd7ed93b9,2.86,false,false,near_mint,en,USD,2026-08-05T05:33:02.485Z
collection,binder,"Clement, the Worrywort",BLB,Bloomburrow,209,normal,rare,1,95794,7028130c-c91d-4bf7-b0b0-450f71107d7a,0.31,false,false,near_mint,en,USD,2026-08-05T05:33:02.486Z
collection,binder,Arwen Undómiel,LTR,The Lord of the Rings: Tales of Middle-earth,194,normal,uncommon,1,83484,c544e301-13b4-4dec-b65c-d54809bb7736,0.27,false,false,near_mint,en,USD,2026-08-05T05:33:02.487Z
collection,binder,"Legolas, Counter of Kills",LTR,The Lord of the Rings: Tales of Middle-earth,324,normal,uncommon,1,82970,30fe0cb4-71f0-4acb-af1a-a48775826487,0.22,false,false,near_mint,en,USD,2026-08-05T05:33:02.488Z
collection,binder,Galadriel of Lothlórien,LTR,The Lord of the Rings: Tales of Middle-earth,446,normal,rare,1,83343,9f28ce3f-a82b-4d4c-8803-340873cc5814,2.42,false,false,near_mint,en,USD,2026-08-05T05:33:02.489Z
collection,binder,"Elrond, Master of Healing",LTR,The Lord of the Rings: Tales of Middle-earth,200,normal,rare,1,83530,d26ffb2c-f7a5-4a4f-9b99-c8de9dfd49da,0.32,false,false,near_mint,en,USD,2026-08-05T05:33:02.490Z
collection,binder,"Nael, Avizoa Aeronaut",DMU,Dominaria United,306,normal,uncommon,1,71773,d0f81814-2870-4aab-9c50-bad78aad4e36,0.1,false,false,near_mint,en,USD,2026-08-05T05:33:02.491Z
collection,binder,"Momir Vig, Simic Visionary",PLST,The List,GK2-119,normal,rare,1,97528,35bada48-2cb0-4086-b9e8-756616236e8d,0.28,false,false,near_mint,en,USD,2026-08-05T05:33:02.492Z
collection,binder,Ambassador Blorpityblorpboop,UNF,Unfinity,161,normal,uncommon,1,72734,49600fe1-8c1f-4940-bb1e-7e28131d6d5f,0.09,false,false,near_mint,en,USD,2026-08-05T05:33:02.494Z
collection,binder,"Troyan, Gutsy Explorer",WOE,Wilds of Eldraine,217,normal,uncommon,1,85807,eadd2a1a-93a0-4257-897d-1aaee279449f,0.11,false,false,near_mint,en,USD,2026-08-05T05:33:02.495Z
collection,binder,"Kellan, Inquisitive Prodigy // Tail the Suspect",MKM,Murders at Karlov Manor,334,normal,rare,1,91314,f60fcb1e-6136-4330-ae9b-57742fbb114f,0.34,false,false,near_mint,en,USD,2026-08-05T05:33:02.497Z
collection,binder,"Korlessa, Scale Singer",CLB,Commander Legends: Battle for Baldur's Gate,427,normal,uncommon,1,69198,a453d55e-9a50-4339-ad7c-387f67179fe7,0.21,false,false,near_mint,en,USD,2026-08-05T05:33:02.498Z
collection,binder,"Marcus, Mutant Mayor",PIP,Fallout,109,normal,rare,1,91901,15db5769-af10-4369-ab4c-db25adb22223,0.84,false,false,near_mint,en,USD,2026-08-05T05:33:02.499Z
collection,binder,Galadriel of Lothlórien,LTR,The Lord of the Rings: Tales of Middle-earth,206,normal,rare,1,83373,a6e5c3b3-9a70-4a1c-bfb3-db27e51c4b8d,0.29,false,false,near_mint,en,USD,2026-08-05T05:33:02.500Z
collection,binder,"Legolas, Counter of Kills",LTR,The Lord of the Rings: Tales of Middle-earth,212,normal,uncommon,3,83496,c8bd408c-9e6d-436d-9c4f-9ef3203aeb64,0.24,false,false,near_mint,en,USD,2026-08-05T05:33:02.501Z
collection,binder,"Zimone, All-Questioning",DSK,Duskmourn: House of Horror,241,normal,rare,1,98639,7722f4f7-fe38-4107-a715-7b27b6a4e341,0.18,false,false,near_mint,en,USD,2026-08-05T05:33:02.502Z
collection,binder,"Grolnok, the Omnivore",VOW,Innistrad: Crimson Vow,238,normal,rare,1,64277,7aaba76b-9cec-4c2b-b0eb-8f44201f6422,0.52,false,false,near_mint,en,USD,2026-08-05T05:33:02.503Z
collection,binder,Prime Speaker Zegana,FDN,Foundations,664,normal,rare,1,101170,d2f007b0-b578-44f8-be65-cd9e2ac56e09,0.22,false,false,near_mint,en,USD,2026-08-05T05:33:02.504Z
collection,binder,"Tatyova, Benthic Druid",FDN,Foundations,247,normal,uncommon,1,101301,eabc978a-0666-472d-bdc6-d4b29d29eca4,0.28,false,false,near_mint,en,USD,2026-08-05T05:33:02.505Z
collection,binder,"Zimone, All-Questioning",DSK,Duskmourn: House of Horror,366,normal,rare,1,98670,c8af5a2b-b87e-4ee2-88bd-f80670559875,0.31,false,false,near_mint,en,USD,2026-08-05T05:33:02.507Z
collection,binder,"Spinnerette, Arachnobat",UNF,Unfinity,180,normal,uncommon,2,73059,24a92336-2ed7-4496-9476-9fe3368bbdfd,0.09,false,false,near_mint,en,USD,2026-08-05T05:33:02.469Z
collection,binder,"Baba Lysaga, Night Witch",CLB,Commander Legends: Battle for Baldur's Gate,266,normal,rare,2,68940,2ef42c3f-f22e-4e99-adb0-9e8f8d442347,0.35,false,false,near_mint,en,USD,2026-08-05T05:33:02.476Z
collection,binder,Ambassador Blorpityblorpboop,UNF,Unfinity,254,normal,uncommon,2,72797,73b28211-bfc2-458a-a65e-1e70d85c206c,0.19,false,false,near_mint,en,USD,2026-08-05T05:33:02.493Z
collection,binder,"Tatyova, Steward of Tides",DMU,Dominaria United,222,normal,uncommon,1,71250,0d446cb9-519a-4889-b057-029db9400021,0.18,false,false,near_mint,en,USD,2026-08-05T05:38:53.613Z
collection,binder,The Master of Keys,DSC,Duskmourn: House of Horror Commander,4,foil,mythic,1,98964,3545341b-dacc-4ac8-976e-39754a62bbc3,0.72,false,false,near_mint,en,USD,2026-08-05T05:38:53.614Z
collection,binder,"Aminatou, Veil Piercer",DSC,Duskmourn: House of Horror Commander,1,foil,mythic,1,98656,9f868023-6035-403d-ba91-7a4840c6c392,0.41,false,false,near_mint,en,USD,2026-08-05T05:38:53.615Z
collection,binder,"Queza, Augur of Agonies",SNC,Streets of New Capenna,326,normal,uncommon,1,67873,8be62891-93fa-4642-ad44-8c8695a9c960,0.25,false,false,near_mint,en,USD,2026-08-05T05:38:53.616Z
collection,binder,"Cormela, Glamour Thief",SNC,Streets of New Capenna,177,normal,uncommon,1,67643,221ac34a-94ed-4c49-afad-b19cac541731,0.25,false,false,near_mint,en,USD,2026-08-05T05:38:53.619Z
collection,binder,"Saruman, the White Hand",LTC,Tales of Middle-earth Commander,8,normal,mythic,1,83139,6487ccbf-f6cd-45a6-8514-2c458b655ef2,0.53,false,false,near_mint,en,USD,2026-08-05T05:38:53.622Z
collection,binder,"Marchesa, Dealer of Death",OTJ,Outlaws of Thunder Junction,220,normal,rare,1,93412,ee29b59c-d57c-4a03-bae7-e9dfa57d6bb1,0.26,false,false,near_mint,en,USD,2026-08-05T05:38:53.623Z
collection,binder,"Cayth, Famed Mechanist",M3C,Modern Horizons 3 Commander,6,normal,mythic,1,94468,5f8e6e5d-63d8-48c3-93a0-e7de1d75f5ca,0.39,false,false,near_mint,en,USD,2026-08-05T05:38:53.624Z
collection,binder,"Liberty Prime, Recharged",PIP,Fallout,5,foil,mythic,1,92010,2da11337-ceb2-4744-9696-c06fec2f2daa,0.33,false,false,near_mint,en,USD,2026-08-05T05:38:53.625Z
collection,binder,Dr. Madison Li,PIP,Fallout,3,foil,mythic,1,92480,95af426d-a8af-4314-9ad0-ac61935e8e8e,0.37,false,false,near_mint,en,USD,2026-08-05T05:38:53.626Z
collection,binder,Elsha of the Infinite,2X2,Double Masters 2022,208,normal,rare,1,70469,c0728027-a1ec-4814-87c4-10c3baced0e0,0.64,false,false,near_mint,en,USD,2026-08-05T05:38:53.627Z
collection,binder,"Dynaheir, Invoker Adept",CLB,Commander Legends: Battle for Baldur's Gate,273,normal,rare,3,69273,c301b389-d802-4a8b-8681-9b50c8667423,0.18,false,false,near_mint,en,USD,2026-08-05T05:38:53.628Z
collection,binder,Achilles Davenport,ACR,Assassin's Creed,294,normal,rare,1,95539,f8ead24c-dd4a-40cd-839e-de08017a7c29,5.63,false,false,near_mint,en,USD,2026-08-05T05:38:53.629Z
collection,binder,"Adéwalé, Breaker of Chains",ACR,Assassin's Creed,44,normal,uncommon,1,95428,914efc24-5c3a-4d22-9d77-fce337a08d4d,0.26,false,false,near_mint,en,USD,2026-08-05T05:38:53.630Z
collection,binder,"Cyclonus, the Saboteur // Cyclonus, Cybertronian Fighter",BOT,Transformers,9,normal,mythic,1,76020,2d3bb50a-2892-4e28-aa70-ab8d0fcdcc73,0.97,false,false,near_mint,en,USD,2026-08-05T05:38:53.631Z
collection,binder,Araumi of the Dead Tide,CMR,Commander Legends,267,normal,uncommon,1,55658,48b597dd-f6eb-45da-977d-453e8c1433cc,0.26,false,false,near_mint,en,USD,2026-08-05T05:38:53.632Z
collection,binder,"Ukkima, Stalking Shadow",OTC,Outlaws of Thunder Junction Commander,247,normal,mythic,1,93842,c66b452b-9c49-4c58-9966-6bafbfa34c36,0.41,false,false,near_mint,en,USD,2026-08-05T05:38:53.634Z
collection,binder,"Runo Stromkirk // Krothuss, Lord of the Deep",VOW,Innistrad: Crimson Vow,316,normal,rare,1,64098,12c50b51-776c-472b-bda3-f7b82eebe2f4,1.13,false,false,near_mint,en,USD,2026-08-05T05:38:53.635Z
collection,binder,"Rilsa Rael, Kingpin",CLB,Commander Legends: Battle for Baldur's Gate,439,normal,uncommon,1,69237,b3a599ba-c16b-4ce0-a995-e30974bcc423,0.09,false,false,near_mint,en,USD,2026-08-05T05:38:53.637Z
collection,binder,Satoru Umezawa,NEO,Kamigawa: Neon Dynasty,234,normal,rare,1,66404,8887f26d-b097-4fbc-9c48-bdc656409a32,0.52,false,false,near_mint,en,USD,2026-08-05T05:38:53.639Z
collection,binder,"Raul, Trouble Shooter",PIP,Fallout,115,normal,uncommon,1,92069,3b73a314-b197-4954-a242-7d9096a406c1,1.1,false,false,near_mint,en,USD,2026-08-05T05:38:53.642Z
collection,binder,Krydle of Baldur's Gate,AFR,Adventures in the Forgotten Realms,343,normal,uncommon,1,60385,b3f77be2-2333-4b3a-9954-15f4de7a61c0,0.23,false,false,near_mint,en,USD,2026-08-05T05:38:53.644Z
collection,binder,"Lazav, Familiar Stranger",OTJ,Outlaws of Thunder Junction,216,normal,uncommon,1,93022,00293326-3eb2-492c-b565-7abafa037d8c,0.22,false,false,near_mint,en,USD,2026-08-05T05:38:53.645Z
collection,binder,"Rilsa Rael, Kingpin",CLB,Commander Legends: Battle for Baldur's Gate,550,etched,uncommon,1,69288,c909c8d2-72c3-40b5-a74c-e78b0e8fceda,0.35,false,false,near_mint,en,USD,2026-08-05T05:38:53.646Z
collection,binder,Lord of the Nazgûl,LTC,Tales of Middle-earth Commander,60,normal,rare,1,83030,41e3d118-8f97-4c68-acff-2f90a055af5b,2.93,false,false,near_mint,en,USD,2026-08-05T05:38:53.647Z
collection,binder,Gisa and Geralf,INR,Innistrad Remastered,237,normal,rare,1,102754,bce9bf8d-4d22-4967-bd9e-27fe444ef3f6,0.37,false,false,near_mint,en,USD,2026-08-05T05:38:53.649Z
collection,binder,"Sharkey, Tyrant of the Shire",LTR,The Lord of the Rings: Tales of Middle-earth,229,normal,rare,1,83584,e0e446bd-8295-4fca-957a-e4710a15d8e8,0.24,false,false,near_mint,en,USD,2026-08-05T05:38:53.650Z
collection,binder,"Rilsa Rael, Kingpin",CLB,Commander Legends: Battle for Baldur's Gate,293,normal,uncommon,1,69023,54484439-6f8a-47f1-8d62-4689af7f00c2,0.16,false,false,near_mint,en,USD,2026-08-05T05:38:53.652Z
collection,binder,Lydia Frye,ACR,Assassin's Creed,60,normal,uncommon,1,95440,9dd6c700-f961-484a-8fe2-57107f5b7717,0.19,false,false,near_mint,en,USD,2026-08-05T05:38:53.655Z
collection,binder,"Ezio, Blade of Vengeance",ACR,Assassin's Creed,275,foil,mythic,1,91736,bbdc8019-9b5e-4d9a-a09b-2a14f41ddfe1,10.04,false,false,near_mint,en,USD,2026-08-05T05:38:53.656Z
collection,binder,Basim Ibn Ishaq,ACR,Assassin's Creed,49,normal,rare,1,95537,f8aa19c1-4e87-4f42-814c-490e75565f6e,2.19,false,false,near_mint,en,USD,2026-08-05T05:38:53.657Z
collection,binder,"Saheeli, the Sun's Brilliance",LCI,The Lost Caverns of Ixalan,308,normal,mythic,1,88615,7a16ca40-2210-4f94-bfb1-960b34a7d98e,1.01,false,false,near_mint,en,USD,2026-08-05T05:38:53.658Z
collection,binder,"Captain Storm, Cosmium Raider",LCI,The Lost Caverns of Ixalan,227,normal,uncommon,1,88296,14c65f5a-10bd-4f9b-b816-46c2240b11ff,0.29,false,false,near_mint,en,USD,2026-08-05T05:38:53.659Z
collection,binder,Myra the Magnificent,UNF,Unfinity,175,normal,mythic,1,72770,5e57baea-00ee-49dc-80ce-a8c11a67a6db,0.33,false,false,near_mint,en,USD,2026-08-05T05:38:53.660Z
collection,binder,"Eruth, Tormented Prophet",VOW,Innistrad: Crimson Vow,323,normal,rare,1,64375,b2481acb-9738-4069-b772-99fdbacc3857,0.41,false,false,near_mint,en,USD,2026-08-05T05:38:53.661Z
collection,binder,"Bilbo, Retired Burglar",LTR,The Lord of the Rings: Tales of Middle-earth,196,foil,uncommon,1,83077,527df93e-cc2b-4216-909a-4ada1abcbfd3,0.28,false,false,near_mint,en,USD,2026-08-05T05:38:53.662Z
collection,binder,"Ovika, Enigma Goliath",FDN,Foundations,663,normal,rare,1,100521,54819d7a-eec6-49e6-a0bb-d9d07d42b4a6,0.2,false,false,near_mint,en,USD,2026-08-05T05:38:53.663Z
collection,binder,"Red Death, Shipwrecker",PIP,Fallout,116,normal,rare,1,92847,edf616fa-b9a0-4f7a-b7ee-32ce3a08d466,0.37,false,false,near_mint,en,USD,2026-08-05T05:38:53.665Z
collection,binder,"Neera, Wild Mage",CLB,Commander Legends: Battle for Baldur's Gate,288,normal,rare,1,69348,e5431f73-9a70-47dc-b5d4-7f43e41b878e,0.29,false,false,near_mint,en,USD,2026-08-05T05:38:53.668Z
collection,binder,"Roxi, Publicist to the Stars",UNF,Unfinity,269,normal,uncommon,1,73146,6a29c058-aeff-4f77-954f-1e1a4ea92c83,0.14,false,false,near_mint,en,USD,2026-08-05T05:38:53.670Z
collection,binder,"Bilbo, Retired Burglar",LTR,The Lord of the Rings: Tales of Middle-earth,196,normal,uncommon,1,83077,527df93e-cc2b-4216-909a-4ada1abcbfd3,0.24,false,false,near_mint,en,USD,2026-08-05T05:38:53.671Z
collection,binder,"Eris, Roar of the Storm",OTC,Outlaws of Thunder Junction Commander,41,normal,mythic,1,93902,e2b33794-d124-4c12-ad5a-efef24a0851b,5.2,false,false,near_mint,en,USD,2026-08-05T05:38:53.672Z
collection,binder,"Lozhan, Dragons' Legacy",CLB,Commander Legends: Battle for Baldur's Gate,281,normal,uncommon,1,69397,fe604232-19da-4331-a6f2-ddb004f1dd90,0.28,false,false,near_mint,en,USD,2026-08-05T05:38:53.673Z
collection,binder,Gandalf the Grey,LTR,The Lord of the Rings: Tales of Middle-earth,207,normal,rare,2,83588,e2b975e6-e709-481f-bfbc-41a832508283,0.56,false,false,near_mint,en,USD,2026-08-05T05:38:53.674Z
collection,binder,"Zara, Renegade Recruiter",CMR,Commander Legends,294,normal,rare,1,55620,34b1455e-b9c2-4501-a24f-b50534466c31,0.36,false,false,near_mint,en,USD,2026-08-05T05:38:53.675Z
collection,binder,"Shaun, Father of Synths",PIP,Fallout,119,normal,rare,1,92264,68af449f-3c30-43ea-be60-d85061d7adbd,0.36,false,false,near_mint,en,USD,2026-08-05T05:38:53.676Z
collection,binder,"Neera, Wild Mage",CLB,Commander Legends: Battle for Baldur's Gate,545,etched,rare,1,69028,55339f7c-667b-471c-8ed3-41c368bcfc49,0.34,false,false,near_mint,en,USD,2026-08-05T05:38:53.677Z
collection,binder,"Roxi, Publicist to the Stars",UNF,Unfinity,177,normal,uncommon,1,72984,f7999a76-35b0-43de-8d13-8fc0d447a9d1,0.04,false,false,near_mint,en,USD,2026-08-05T05:38:53.678Z
collection,binder,"Zevlor, Elturel Exile",CLB,Commander Legends: Battle for Baldur's Gate,296,normal,rare,3,69311,d1e51138-9745-465d-84dd-27605f8a2264,0.32,false,false,near_mint,en,USD,2026-08-05T05:38:53.617Z
collection,binder,"Dee Kay, Finder of the Lost",UNF,Unfinity,167,normal,uncommon,4,73138,6607b2ac-e196-4586-b7a5-7c68621084c4,0.09,false,false,near_mint,en,USD,2026-08-05T05:38:53.633Z
collection,binder,"Runo Stromkirk // Krothuss, Lord of the Deep",VOW,Innistrad: Crimson Vow,246,normal,rare,2,64475,f6c0fca5-b759-4543-95e2-8d712aae5281,0.37,false,false,near_mint,en,USD,2026-08-05T05:38:53.636Z
collection,binder,"Jon Irenicus, Shattered One",CLB,Commander Legends: Battle for Baldur's Gate,278,normal,rare,2,69266,bfddb61e-986f-4557-819d-d6c0ca85c74a,0.35,false,false,near_mint,en,USD,2026-08-05T05:38:53.640Z
collection,binder,"Eruth, Tormented Prophet",VOW,Innistrad: Crimson Vow,237,normal,rare,3,64342,9f764077-df2d-4ac7-b507-2c8e08386d49,0.39,false,false,near_mint,en,USD,2026-08-05T05:38:53.664Z
collection,binder,"Lozhan, Dragons' Legacy",CLB,Commander Legends: Battle for Baldur's Gate,428,normal,uncommon,2,69346,e49228e0-b944-458d-a832-8d374efb69df,0.29,false,false,near_mint,en,USD,2026-08-05T05:38:53.667Z
collection,binder,Shao Jun,ACR,Assassin's Creed,151,normal,uncommon,2,95431,9313f099-7f76-4b3e-af6a-f62b13cad7b8,0.18,false,false,near_mint,en,USD,2026-08-05T05:39:14.171Z
collection,binder,"Najal, the Storm Runner",DMU,Dominaria United,208,normal,uncommon,1,71605,9017ee70-761b-434e-bc44-705cf14336fa,0.19,false,false,near_mint,en,USD,2026-08-05T05:47:00.551Z
collection,binder,"Alania, Divergent Storm",BLB,Bloomburrow,327,normal,rare,1,95858,f9dc7b8e-d381-49a0-a7f8-c8cd9acadc54,1.46,false,false,near_mint,en,USD,2026-08-05T05:47:00.552Z
collection,binder,"Tura Kennerüd, Skyknight",DMU,Dominaria United,323,normal,uncommon,1,71789,d710ba7b-b0c9-4372-8f6e-1938bd114ac4,0.13,false,false,near_mint,en,USD,2026-08-05T05:47:00.553Z
collection,binder,"Kastral, the Windcrested",BLB,Bloomburrow,335,normal,rare,1,95796,75a84790-665b-4a23-a00f-84d1009e3d28,1.22,false,false,near_mint,en,USD,2026-08-05T05:47:00.554Z
collection,binder,Sharae of Numbing Depths,WOE,Wilds of Eldraine,213,normal,uncommon,1,85435,600bc36a-3ef0-459c-9a93-94ec45b8c3d9,0.24,false,false,near_mint,en,USD,2026-08-05T05:47:00.555Z
collection,binder,"Oji, the Exquisite Blade",CLB,Commander Legends: Battle for Baldur's Gate,547,etched,uncommon,1,68880,18e8e3ba-692c-4ad8-8b89-75de05c0488a,0.33,false,false,near_mint,en,USD,2026-08-05T05:47:00.556Z
collection,binder,"Dorothea, Vengeful Victim // Dorothea's Retribution",VOW,Innistrad: Crimson Vow,235,normal,rare,1,64307,8c927707-abb5-4a9d-ac53-25df182d6e9b,0.3,false,false,near_mint,en,USD,2026-08-05T05:47:00.557Z
collection,binder,Gwaihir the Windlord,LTR,The Lord of the Rings: Tales of Middle-earth,210,foil,uncommon,1,82897,1a42c951-1146-4f49-a690-7d385962b191,0.29,false,false,near_mint,en,USD,2026-08-05T05:47:00.560Z
collection,binder,Elder Owyn Lyons,PIP,Fallout,103,normal,uncommon,1,92761,d923c845-59e0-403e-b57b-955fec528f1e,0.29,false,false,near_mint,en,USD,2026-08-05T05:47:00.562Z
collection,binder,Prince Imrahil the Fair,LTR,The Lord of the Rings: Tales of Middle-earth,431,normal,uncommon,1,83349,a0c9c814-df6b-4b54-a233-9bed31009bed,0.25,false,false,near_mint,en,USD,2026-08-05T05:47:00.563Z
collection,binder,Prince Imrahil the Fair,LTR,The Lord of the Rings: Tales of Middle-earth,219,foil,uncommon,1,83216,7d486def-7c3f-41e9-bb28-4582450a7b9e,0.31,false,false,near_mint,en,USD,2026-08-05T05:47:00.564Z
collection,binder,Arcade Gannon,PIP,Fallout,92,normal,rare,1,92050,36356522-15fc-41e2-bf14-a745e5a96a50,0.33,false,false,near_mint,en,USD,2026-08-05T05:47:00.565Z
collection,binder,"Pippin, Guard of the Citadel",LTR,The Lord of the Rings: Tales of Middle-earth,438,normal,rare,1,83017,3e96ccfa-153c-459e-9e75-f87ff1ed334a,1.66,false,false,near_mint,en,USD,2026-08-05T05:47:00.568Z
collection,binder,"Pippin, Guard of the Citadel",LTR,The Lord of the Rings: Tales of Middle-earth,326,foil,rare,1,82935,25630509-c9ba-4faf-b154-32be8649d9fa,3.32,false,false,near_mint,en,USD,2026-08-05T05:47:00.569Z
collection,binder,"Jem Lightfoote, Sky Explorer",OTJ,Outlaws of Thunder Junction,209,normal,uncommon,1,93385,e24fe6dc-662a-4abc-ad60-a1959b2be006,0.15,false,false,near_mint,en,USD,2026-08-05T05:47:00.573Z
collection,binder,"Tura Kennerüd, Skyknight",DMU,Dominaria United,224,normal,uncommon,1,71758,c839d302-bf85-4a30-a49a-dbbd48695b5c,0.14,false,false,near_mint,en,USD,2026-08-05T05:47:00.574Z
collection,binder,"Sokrates, Athenian Teacher",ACR,Assassin's Creed,67,normal,rare,1,95540,f9266244-e8bc-47f8-a440-55d208b961df,0.44,false,false,near_mint,en,USD,2026-08-05T05:47:00.575Z
collection,binder,"Rex, Cyber-Hound",PIP,Fallout,117,normal,rare,1,92770,dae95822-d4a9-4698-bd11-c504414fc160,0.28,false,false,near_mint,en,USD,2026-08-05T05:47:00.576Z
collection,binder,"Caesar, Legion's Emperor",PIP,Fallout,1,foil,mythic,1,91969,246a7176-98bc-4f54-aa61-38747420f178,8.65,false,false,near_mint,en,USD,2026-08-05T05:47:00.577Z
collection,binder,"Isshin, Two Heavens as One",NEO,Kamigawa: Neon Dynasty,224,normal,rare,1,66767,a062a004-984e-4b62-960c-af7288f7a3e9,3.16,false,false,near_mint,en,USD,2026-08-05T05:47:00.578Z
collection,binder,"Isshin, Two Heavens as One",NEO,Kamigawa: Neon Dynasty,328,normal,rare,1,66650,1bf8b008-3a7c-4b6d-8c18-263a576f0d64,4.81,false,false,near_mint,en,USD,2026-08-05T05:47:00.579Z
collection,binder,"Risona, Asari Commander",NEO,Kamigawa: Neon Dynasty,233,normal,rare,1,66700,51d8f1fa-ca92-4e2e-91e8-195bdad82def,0.24,false,false,near_mint,en,USD,2026-08-05T05:47:00.580Z
collection,binder,"Risona, Asari Commander",NEO,Kamigawa: Neon Dynasty,330,normal,rare,1,66860,2cd32b69-5e1e-4990-88ec-85b21056ceae,0.91,false,false,near_mint,en,USD,2026-08-05T05:47:00.581Z
collection,binder,Queen Kayla bin-Kroog,BRO,The Brothers' War,218,foil,rare,1,75520,685c9767-eaa7-4e16-b245-816181e2fc36,0.34,false,false,near_mint,en,USD,2026-08-05T05:47:00.582Z
collection,binder,"Aurelia, the Warleader",FDN,Foundations,651,normal,mythic,1,101070,bc6ffc1c-575b-4116-83c9-d13b29886c35,4.59,false,false,near_mint,en,USD,2026-08-05T05:47:00.584Z
collection,binder,Duke Ulder Ravengard,CLB,Commander Legends: Battle for Baldur's Gate,272,normal,rare,1,68831,082a8ffc-a052-498f-b457-8d70ea18a943,0.25,false,false,near_mint,en,USD,2026-08-05T05:47:00.585Z
collection,binder,Captain Rex Nebula,UNF,Unfinity,164,normal,rare,1,72825,85e8bdd9-24a3-42f0-8b0c-dbc05be8fc20,0.18,false,false,near_mint,en,USD,2026-08-05T05:47:00.586Z
collection,binder,Bayek of Siwa,ACR,Assassin's Creed,50,foil,rare,1,95381,5e4510e9-dc3f-4403-ae52-348d2a3eef84,0.42,false,false,near_mint,en,USD,2026-08-05T05:47:00.588Z
collection,binder,"Eivor, Battle-Ready",ACR,Assassin's Creed,274,foil,mythic,1,91718,4242961d-87e8-4dd2-bdea-5d765a5cf136,4.18,false,false,near_mint,en,USD,2026-08-05T05:47:00.589Z
collection,binder,Arbaaz Mir,ACR,Assassin's Creed,46,normal,uncommon,1,95490,c7187506-4af3-47e9-bad0-4ce8c78ccc10,0.22,false,false,near_mint,en,USD,2026-08-05T05:47:00.590Z
collection,binder,"Iroas, God of Victory",PLST,The List,C16-205,normal,mythic,1,97673,5113e135-11b9-4ae7-a26a-1603801bcd8a,10.72,false,false,near_mint,en,USD,2026-08-05T05:47:00.591Z
collection,binder,"Agrus Kos, Spirit of Justice",MKM,Murders at Karlov Manor,184,normal,mythic,1,90890,58aeac7c-1275-49d4-9915-7604ae4bfdff,0.35,false,false,near_mint,en,USD,2026-08-05T05:47:00.592Z
collection,binder,"Éowyn, Fearless Knight",LTR,The Lord of the Rings: Tales of Middle-earth,201,normal,rare,1,83391,adffb389-c9a3-41c4-b078-292a2bcf870d,1.04,false,false,near_mint,en,USD,2026-08-05T05:47:00.593Z
collection,binder,Anax and Cymede,PLST,The List,THS-186,normal,rare,1,81745,71d9fd43-576f-45db-ab8f-a9f2a0427398,1.42,false,false,near_mint,en,USD,2026-08-05T05:47:00.594Z
collection,binder,Commander Liara Portyr,CLB,Commander Legends: Battle for Baldur's Gate,418,normal,uncommon,1,69085,6cb052fe-c834-4c72-a6b1-4cb64505e3ee,0.2,false,false,near_mint,en,USD,2026-08-05T05:47:00.595Z
collection,binder,"Feather, Radiant Arbiter",MKC,Murders at Karlov Manor Commander,313,normal,mythic,1,90307,2f83cd63-92a1-441f-8642-a9f376ae1d2d,0.85,false,false,near_mint,en,USD,2026-08-05T05:47:00.597Z
collection,binder,"Desdemona, Freedom's Edge",PIP,Fallout,101,normal,rare,1,92707,cc38d445-1752-4921-bb83-5afcdf655015,0.23,false,false,near_mint,en,USD,2026-08-05T05:47:00.598Z
collection,binder,"Moira Brown, Guide Author",PIP,Fallout,110,normal,rare,1,92101,418ce6f6-b483-4695-aaf5-e4f7eeb9eb16,0.33,false,false,near_mint,en,USD,2026-08-05T05:47:00.602Z
collection,binder,"Three Dog, Galaxy News DJ",PIP,Fallout,120,normal,rare,1,92577,ab34e869-be7a-4632-95b3-5f200b4edcca,0.29,false,false,near_mint,en,USD,2026-08-05T05:47:00.603Z
collection,binder,"Cass, Hand of Vengeance",PIP,Fallout,97,normal,rare,1,92213,5b6d7fa6-4de6-4bc8-b250-2ed6eb559618,0.32,false,false,near_mint,en,USD,2026-08-05T05:47:00.604Z
collection,binder,"Éowyn, Fearless Knight",LTR,The Lord of the Rings: Tales of Middle-earth,201,foil,rare,1,83391,adffb389-c9a3-41c4-b078-292a2bcf870d,1.31,false,false,near_mint,en,USD,2026-08-05T05:47:00.605Z
collection,binder,"Théoden, King of Rohan",LTR,The Lord of the Rings: Tales of Middle-earth,233,foil,uncommon,1,83654,f6dcd1ca-4943-46e4-bb5d-c14949e21e23,0.26,false,false,near_mint,en,USD,2026-08-05T05:47:00.606Z
collection,binder,"Craig Boone, Novac Guard",PIP,Fallout,100,normal,uncommon,1,92248,63d83dad-21c3-4777-84b0-3c775585b5fd,0.37,false,false,near_mint,en,USD,2026-08-05T05:47:00.608Z
collection,binder,Paladin Elizabeth Taggerdy,PIP,Fallout,114,normal,rare,1,92538,a24fd14b-cfd1-43db-b155-3187a1063d92,0.36,false,false,near_mint,en,USD,2026-08-05T05:47:00.609Z
collection,binder,Arno Dorian,ACR,Assassin's Creed,47,normal,uncommon,1,95349,41142b10-a493-499a-9fc5-043eeca5d1ee,0.2,false,false,near_mint,en,USD,2026-08-05T05:47:00.612Z
collection,binder,"Mahadi, Emporium Master",CLB,Commander Legends: Battle for Baldur's Gate,540,etched,uncommon,1,69119,7c502480-111e-46a3-9f2f-9c4901d88323,2.27,false,false,near_mint,en,USD,2026-08-05T05:47:00.615Z
collection,binder,"The Balrog, Flame of Udûn",LTR,The Lord of the Rings: Tales of Middle-earth,297,normal,rare,1,83292,905e7424-2d0b-4877-a7dc-272ea9392ff0,0.4,false,false,near_mint,en,USD,2026-08-05T05:47:00.616Z
collection,binder,Bloodhall Priest,INR,Innistrad Remastered,232,normal,rare,1,102740,b4ea5e44-0487-4e72-983a-02d7db26d075,0.25,false,false,near_mint,en,USD,2026-08-05T05:47:00.617Z
collection,binder,"Shagrat, Loot Bearer",LTR,The Lord of the Rings: Tales of Middle-earth,228,normal,rare,1,82834,0731f64a-15da-4814-82e9-3a42e1657f36,0.34,false,false,near_mint,en,USD,2026-08-05T05:47:00.619Z
collection,binder,"Garna, Bloodfist of Keld",FDN,Foundations,658,normal,uncommon,1,100559,5d7fcd03-fffe-467a-88a5-e583e32afd7a,0.09,false,false,near_mint,en,USD,2026-08-05T05:47:00.620Z
collection,binder,"Rakdos, Patron of Chaos",MKM,Murders at Karlov Manor,369,normal,mythic,1,91077,9ea5f435-144e-4466-be0f-781664cfddb7,3.95,false,false,near_mint,en,USD,2026-08-05T05:47:00.623Z
collection,binder,The Balrog of Moria,LTC,Tales of Middle-earth Commander,46,normal,rare,1,82952,2a3fcfdc-f2cf-42d8-8bb4-7308bc12746e,0.43,false,false,near_mint,en,USD,2026-08-05T05:47:00.624Z
collection,binder,"Legate Lanius, Caesar's Ace",PIP,Fallout,107,normal,uncommon,1,92854,f14eb369-b8e3-4abf-9e77-79d1fe5b426f,0.3,false,false,near_mint,en,USD,2026-08-05T05:47:00.627Z
collection,binder,Magar of the Magic Strings,UNF,Unfinity,171,normal,mythic,1,72879,a6f2ba13-cd72-4f7a-8443-8e3962f2ac46,1.19,false,false,near_mint,en,USD,2026-08-05T05:47:00.629Z
collection,binder,"Mahadi, Emporium Master",CLB,Commander Legends: Battle for Baldur's Gate,429,normal,uncommon,1,69392,fc4dad0e-4a4e-4898-a786-efcbceb4d70b,0.34,false,false,near_mint,en,USD,2026-08-05T05:47:00.631Z
collection,binder,Colonel Autumn,PIP,Fallout,411,normal,rare,1,92007,2d8333aa-d516-4b5a-bc74-ba81b2826dfc,0.51,false,false,near_mint,en,USD,2026-08-05T05:47:00.638Z
collection,binder,King of the Oathbreakers,LTR,The Lord of the Rings: Tales of Middle-earth,211,foil,rare,1,83509,cc857755-62e6-4d29-95f5-82f5d4bde522,0.41,false,false,near_mint,en,USD,2026-08-05T05:47:00.640Z
collection,binder,"Minthara, Merciless Soul",CLB,Commander Legends: Battle for Baldur's Gate,432,normal,uncommon,1,69071,64395505-914c-4e10-aed1-818425709b12,0.14,false,false,near_mint,en,USD,2026-08-05T05:47:00.641Z
collection,binder,"Wernog, Rider's Chaplain",SLX,Universes Within,8,normal,rare,1,67437,39491011-bdf6-4e61-8534-fe26c1571f8f,0.96,false,false,near_mint,en,USD,2026-08-05T05:47:00.644Z
collection,binder,"Athreos, Shroud-Veiled",DSC,Duskmourn: House of Horror Commander,212,normal,mythic,1,99411,f50ffa76-f704-4d53-a15c-8316b07c1d12,1.03,false,false,near_mint,en,USD,2026-08-05T05:47:00.645Z
collection,binder,"Breena, the Demagogue",OTC,Outlaws of Thunder Junction Commander,217,normal,mythic,1,93865,d0adb0c2-d45f-4c51-a4df-05f75c83e46a,4.01,false,false,near_mint,en,USD,2026-08-05T05:47:00.646Z
collection,binder,"Liesa, Shroud of Dusk",CMR,Commander Legends,286,normal,rare,1,55936,e32453a1-1fd9-4bda-aaa8-7c287e4c2587,1.07,false,false,near_mint,en,USD,2026-08-05T05:47:00.647Z
collection,binder,"Lotho, Corrupt Shirriff",LTR,The Lord of the Rings: Tales of Middle-earth,370,normal,rare,1,83164,69d97af0-8af0-4124-b56f-2633d34e5574,13.77,false,false,near_mint,en,USD,2026-08-05T05:47:00.648Z
collection,binder,"Ayli, Eternal Pilgrim",FDN,Foundations,652,normal,rare,1,100121,06969031-2c13-4b5a-bb4e-86eed025e614,0.21,false,false,near_mint,en,USD,2026-08-05T05:47:00.649Z
collection,binder,"MacCready, Lamplight Mayor",PIP,Fallout,108,normal,rare,1,91871,0d2251ce-2d5b-4d0d-8dc9-44f6b40aa7cf,5.6,false,false,near_mint,en,USD,2026-08-05T05:47:00.650Z
collection,binder,Colonel Autumn,PIP,Fallout,98,normal,rare,1,92692,ca0c3e5a-64f3-40b5-8080-1c53be45aa40,0.38,false,false,near_mint,en,USD,2026-08-05T05:47:00.651Z
collection,binder,King of the Oathbreakers,LTR,The Lord of the Rings: Tales of Middle-earth,211,normal,rare,1,83509,cc857755-62e6-4d29-95f5-82f5d4bde522,0.34,false,false,near_mint,en,USD,2026-08-05T05:47:00.653Z
collection,binder,Elder Arthur Maxson,PIP,Fallout,102,normal,rare,1,91831,049771b0-69ad-4f2d-8567-47e8a87b4496,0.39,false,false,near_mint,en,USD,2026-08-05T05:47:00.654Z
collection,binder,"Greasefang, Okiba Boss",NEO,Kamigawa: Neon Dynasty,220,normal,rare,1,66711,56a0d43b-4d38-40a7-be6c-8324ab3bf773,0.32,false,false,near_mint,en,USD,2026-08-05T05:47:00.655Z
collection,binder,"Oji, the Exquisite Blade",CLB,Commander Legends: Battle for Baldur's Gate,290,normal,uncommon,2,68861,13129e63-558d-415d-87eb-616868205341,0.16,false,false,near_mint,en,USD,2026-08-05T05:47:00.558Z
collection,binder,"Hama Pashar, Ruin Seeker",AFR,Adventures in the Forgotten Realms,224,foil,uncommon,2,60227,47b8eb2e-73ac-4ad6-9ab6-4f8da7b41020,0.3,false,false,near_mint,en,USD,2026-08-05T05:47:00.559Z
collection,binder,Prince Imrahil the Fair,LTR,The Lord of the Rings: Tales of Middle-earth,219,normal,uncommon,2,83216,7d486def-7c3f-41e9-bb28-4582450a7b9e,0.25,false,false,near_mint,en,USD,2026-08-05T05:47:00.561Z
collection,binder,Gwaihir the Windlord,LTR,The Lord of the Rings: Tales of Middle-earth,210,normal,uncommon,2,82897,1a42c951-1146-4f49-a690-7d385962b191,0.25,false,false,near_mint,en,USD,2026-08-05T05:47:00.566Z
collection,binder,"Ertha Jo, Frontier Mentor",OTJ,Outlaws of Thunder Junction,203,normal,uncommon,2,93294,a4e81be6-6447-4f1e-be00-6fcdb2ab35af,0.18,false,false,near_mint,en,USD,2026-08-05T05:47:00.583Z
collection,binder,"Shadowfax, Lord of Horses",LTR,The Lord of the Rings: Tales of Middle-earth,227,normal,uncommon,3,83062,4c7d861d-7832-4c15-8d6c-8c07a9a57891,0.22,false,false,near_mint,en,USD,2026-08-05T05:47:00.596Z
collection,binder,"Théoden, King of Rohan",LTR,The Lord of the Rings: Tales of Middle-earth,233,normal,uncommon,2,83654,f6dcd1ca-4943-46e4-bb5d-c14949e21e23,0.25,false,false,near_mint,en,USD,2026-08-05T05:47:00.600Z
collection,binder,"Merry, Esquire of Rohan",LTR,The Lord of the Rings: Tales of Middle-earth,215,normal,rare,2,83430,b7c5fe73-1684-4edc-9f9b-976b2246d5ea,0.54,false,false,near_mint,en,USD,2026-08-05T05:47:00.607Z
collection,binder,Arno Dorian,ACR,Assassin's Creed,139,normal,uncommon,2,95385,60a97041-4c09-46f2-b979-e4f63c676fb4,0.23,false,false,near_mint,en,USD,2026-08-05T05:47:00.613Z
collection,binder,"Raphael, Fiendish Savior",CLB,Commander Legends: Battle for Baldur's Gate,292,normal,rare,3,69296,cc6902a4-2db0-47fe-ace8-0c890675bf19,0.54,false,false,near_mint,en,USD,2026-08-05T05:47:00.614Z
collection,binder,Uglúk of the White Hand,LTR,The Lord of the Rings: Tales of Middle-earth,235,normal,uncommon,5,83610,e914c7fc-be3c-4346-bf37-6e10f4998204,0.21,false,false,near_mint,en,USD,2026-08-05T05:47:00.618Z
collection,binder,"Naomi, Pillar of Order",NEO,Kamigawa: Neon Dynasty,229,normal,uncommon,2,66357,4400fd66-1a24-47fb-bc94-37e0aae0e610,0.14,false,false,near_mint,en,USD,2026-08-05T05:47:00.636Z
collection,binder,"Denethor, Ruling Steward",LTR,The Lord of the Rings: Tales of Middle-earth,198,normal,uncommon,4,83669,fa8654cf-431c-427b-b78f-0e48f6007e9e,0.29,false,false,near_mint,en,USD,2026-08-05T05:47:00.637Z
collection,binder,Shay Cormac,ACR,Assassin's Creed,153,normal,uncommon,2,95480,bf3012ba-1537-4f54-bb4a-65b909b87e59,0.24,false,false,near_mint,en,USD,2026-08-05T05:47:00.639Z